id,title,description,availability,condition,price,sale_price,link,image_link,brand,product_type
"paquete-de-lujo-ambientador-textil-elixir-fregasuelos","PAQUETE DE LUJO — Ambientador Textil + Elixir Fregasuelos Aromas a elegir","pon aromas a elegir y ya
 PAQUETE DE LUJO — Ambientador Textil + Elixir Fregasuelos 
 Dos formas de perfumar tu casa en un mismo pack: una para tus tejidos, otra para tus suelos. Y el mismo resultado al entrar por la puerta, esa sensación de que todo está en su sitio.
 🌸 Ambientador Textil 300 ml — Fragancia de alta esencia para telas, tejidos y hogar. Un par de pulverizaciones sobre el sofá, las cortinas o la ropa de cama y el aroma se queda envolviendo el espacio.
 👑 Elixir · Fregasuelos Ultra-Concentrado — Extra perfumado, con efecto ambientador y limpieza sin huellas. Al ser ultra-concentrado te rinde muchísimo más que un fregasuelos normal.
 🎁 Aromas a elegir — tú eliges la combinación que más te representa.
 💛 Limpiar siempre siempre merece la pena, y con estos dos el resultado se nota horas después.
 HAZTE CASO 
Pulveriza el ambientador textil a unos 20 cm y sobre el tejido seco, nunca empapando. Y friega con el Elixir justo antes de irte a dormir: al día siguiente te levantas y la casa sigue oliendo.
 📅 26,50 € — Oferta válida del 1 al 30 de septiembre o hasta agotar existencias.
 Ama tu esencia. Laboncler.

Opciones disponibles: Zaren Wall - Flor de asuán / Blue Rouse · Zaren Wall - Flor de asuán / Golden Pearls · Zaren Wall - Flor de asuán / Fresh Atlantis · Linur Fruit - Mango y Nectarina / Blue Rouse · Linur Fruit - Mango y Nectarina / Golden Pearls · Linur Fruit - Mango y Nectarina / Fresh Atlantis · Soren Honey - Miel de mil flores / Blue Rouse · Soren Honey - Miel de mil flores / Golden Pearls · Soren Honey - Miel de mil flores / Fresh Atlantis · Zelin Grape - Azahar infusionado / Blue Rouse · Zelin Grape - Azahar infusionado / Golden Pearls · Zelin Grape - Azahar infusionado / Fresh Atlantis · Stim Cryam - Bouquet Floral / Blue Rouse · Stim Cryam - Bouquet Floral / Golden Pearls · Stim Cryam - Bouquet Floral / Fresh Atlantis · Acua Lurex - Ropa Limpia / Blue Rouse · Acua Lurex - Ropa Limpia / Golden Pearls · Acua Lurex - Ropa Limpia / Fresh Atlantis
Indícanos la opción que quieres al hacer el pedido.","in stock","new","26.50 EUR","","https://aura-prestige.sumupstore.com/product/paquete-de-lujo-ambientador-textil-elixir-fregasuelos-aromas-a-elegir","https://cdn.shopify.com/s/files/1/0958/5970/4190/files/AROMALUJO.jpg","Laboncler","Ofertas del Mes"
"body-mist-yucatan-sea-azul","BODY MIST Yucatán Sea (Azul)","Los Body Mist o Brumas perfumadas con Glytter son lo nuevo en Laboncler. 
Productos de deseo entre nuestras rutinas de belleza.
Un poco más ligeros que nuestros perfumes clásicos, aunque con toda la naturalidad de estos. 😍
Te contamos todos los posibles usos de este nuevo producto.
Puedes aplicarlo sobre tu cuerpo y sobre tu pelo justo después de la ducha.
La ligereza del producto, que se evapora rápidamente te permite usarlo varias veces a lo largo del tiempo.
¡incluso puedes aplicarlo como un retoque de maquillaje entre medio día y la tarde!
 PREPÁRATE PARA BRILLAR 🌟 LLEVAN GLYTTER NATURAL 🌟 
Nuestros Body Mist son también una buena manera de refrescarte y de eliminar los olores de la vida diaria,
(el de la contaminación, el tabaco, los olores del ambiente ...)
En definitiva, estos Body Mist son un nuevo gesto de belleza digno de adoptar.
¡¡ Os animamos a que los probéis y comprobéis lo fácil que es usarlos y enamoraros de la sensación que os provocará !!
¡¡¡ Hazte con la colección completa !!!
 YUCATAN SEA (Azul) 
 Esencia Afrutada y floral con un corazón de mango, jazmín sambac ,Violeta, fusión del pachoulí y vainilla de Madagascar.","in stock","new","9.00 EUR","","https://aura-prestige.sumupstore.com/productos","https://cdn.shopify.com/s/files/1/0958/5970/4190/files/body_mist_yucatan_sea.jpg","Laboncler","Perfumes · Body Mist"
"body-mist-morelias-palm-lila","BODY MIST Morelia´s Palm (Lila)","Los Body Mist o Brumas perfumadas con Glytter son lo nuevo en Laboncler. 
Productos de deseo entre nuestras rutinas de belleza.
Un poco más ligeros que nuestros perfumes clásicos, aunque con toda la naturalidad de estos. 😍
Te contamos todos los posibles usos de este nuevo producto.
Puedes aplicarlo sobre tu cuerpo y sobre tu pelo justo después de la ducha.
La ligereza del producto, que se evapora rápidamente te permite usarlo varias veces a lo largo del tiempo.
¡incluso puedes aplicarlo como un retoque de maquillaje entre medio día y la tarde!
 PREPÁRATE PARA BRILLAR 🌟 LLEVAN GLYTTER NATURAL 🌟 
Nuestros Body Mist son también una buena manera de refrescarte y de eliminar los olores de la vida diaria,
(el de la contaminación, el tabaco, los olores del ambiente ...)
En definitiva, estos Body Mist son un nuevo gesto de belleza digno de adoptar.
¡¡ Os animamos a que los probéis y comprobéis lo fácil que es usarlos y enamoraros de la sensación que os provocará !!
¡¡¡ Hazte con la colección completa !!!
 MORELIAS PALM (Lila) 
Suntuoso, muy Floral, intenso, con un corazón de gardenias, mandarina italiana, plumaría y azúcar de caña.","in stock","new","9.00 EUR","","https://aura-prestige.sumupstore.com/productos","https://cdn.shopify.com/s/files/1/0958/5970/4190/files/body_mist_morelias_palm.jpg","Laboncler","Perfumes · Body Mist"
"body-mist-cancun-valley-rojo","BODY MIST Cancún Valley (Rojo)","Los Body Mist o Brumas perfumadas con Glytter son lo nuevo en Laboncler. 
Productos de deseo entre nuestras rutinas de belleza.
Un poco más ligeros que nuestros perfumes clásicos, aunque con toda la naturalidad de estos. 😍
Te contamos todos los posibles usos de este nuevo producto.
Puedes aplicarlo sobre tu cuerpo y sobre tu pelo justo después de la ducha.
La ligereza del producto, que se evapora rápidamente te permite usarlo varias veces a lo largo del tiempo.
¡incluso puedes aplicarlo como un retoque de maquillaje entre medio día y la tarde!
 PREPÁRATE PARA BRILLAR 🌟 LLEVAN GLYTTER NATURAL 🌟 
Nuestros Body Mist son también una buena manera de refrescarte y de eliminar los olores de la vida diaria,
(el de la contaminación, el tabaco, los olores del ambiente ...)
En definitiva, estos Body Mist son un nuevo gesto de belleza digno de adoptar.
¡¡ Os animamos a que los probéis y comprobéis lo fácil que es usarlos y enamoraros de la sensación que os provocará !!
¡¡¡ Hazte con la colección completa !!!
 CANCUN VALLEY (Rojo) 
 Fresco aroma Cítrico con corazón de Magnolia, azúcar ,caramelo, manzana y cedro.","in stock","new","9.00 EUR","","https://aura-prestige.sumupstore.com/productos","https://cdn.shopify.com/s/files/1/0958/5970/4190/files/BODY_MIST_CANCUN_VALLEY.jpg","Laboncler","Perfumes · Body Mist"
"body-mist-acapulco-beach-rosa","BODY MIST Acapulco Beach (Rosa)","Los Body Mist o Brumas perfumadas con Glytter son lo nuevo en Laboncler. 
Productos de deseo entre nuestras rutinas de belleza.
Un poco más ligeros que nuestros perfumes clásicos, aunque con toda la naturalidad de estos. 😍
Te contamos todos los posibles usos de este nuevo producto.
Puedes aplicarlo sobre tu cuerpo y sobre tu pelo justo después de la ducha.
La ligereza del producto, que se evapora rápidamente te permite usarlo varias veces a lo largo del tiempo.
¡incluso puedes aplicarlo como un retoque de maquillaje entre medio día y la tarde!
 PREPÁRATE PARA BRILLAR 🌟 LLEVAN GLYTTER NATURAL 🌟 
Nuestros Body Mist son también una buena manera de refrescarte y de eliminar los olores de la vida diaria,
(el de la contaminación, el tabaco, los olores del ambiente ...)
En definitiva, estos Body Mist son un nuevo gesto de belleza digno de adoptar.
¡¡ Os animamos a que los probéis y comprobéis lo fácil que es usarlos y enamoraros de la sensación que os provocará !!
¡¡¡ Hazte con la colección completa !!!
 ACAPULCO BEACH  (Rosa) 
Amaderado, con un corazón de frambuesas,  Flor de damasco, praliné, frutos Rojos, lichi y benjuí.","in stock","new","9.00 EUR","","https://aura-prestige.sumupstore.com/productos","https://cdn.shopify.com/s/files/1/0958/5970/4190/files/body_mist_acapulco_beach.jpg","Laboncler","Perfumes · Body Mist"
"wedjara-la-emulsion-de-las-reinas-rubina-beauty","WEDJARA LA EMULSIÓN DE LAS REINAS - RUBINA BEAUTY","Wedjara (Todo en 1 )
No importa lo que tu piel necesite.
WEDJARA sabe cómo cuidarla.
 WEDJARA
El secreto ancestral de una piel extraordinaria.
 Cuidado, regeneración, hidratación y salud...
""La emulsión de las Reinas""
 El Ácido Hialurónico es el rey indiscutible de la rutina facial por una razón: 
Retiene hasta 1.000 veces su peso en agua para mantener la piel jugosa, firme, luminosa
Saludable y joven.
Pero... ¿por qué dejarlo solo para la cara?
 Tus piernas, brazos y escote sufren la misma deshidratación y el mismo paso del tiempo. Ellos también merecen el ingrediente estrella.
Para ello tenemos la fórmula secreta traída desde el mismo Egipto: 
Alta cosmética molecular, ahora para todo tu cuerpo.
✨ Hidratación molecular profunda: 
No se limita a tapar la sequedad superficial; el hialurónico penetra para rellenar los depósitos de agua de la piel.
 🌸 Efecto piel de seda y nacar: 
Devuelve la jugosidad y el aspecto elástico a zonas críticas que solemos olvidar, como los codos, las rodillas 
o el escote.
 ⚡ Textura fluida de absorción inmediata: Diseñada para fundirse con la piel al instante en forma de microgotas. 
Cero sensación pegajosa, te puedes vestir un segundo después de aplicarla.
 Es hora de elevar el listón del cuidado de tu cuerpo con la misma exigencia con la que cuidas tu rostro.
Wedjara, La emulsión Mágica corporal 
de las reinas de Egipto 
No importa lo que tu piel necesite.
WEDJARA sabe cómo cuidarla.
WEDJARA
El secreto ancestral de una piel extraordinaria.
 FRASCO GIGANTE 700ML","in stock","new","19.95 EUR","","https://aura-prestige.sumupstore.com/product/wedjara-la-emulsion-de-las-reinas-rubina-beauty","https://cdn.shopify.com/s/files/1/0958/5970/4190/files/WEDJARA1.jpg","Laboncler","Rubina Beauty"
"set-doble-bayetas-rutina-anti-contaminacion-cruzada","SET DOBLE BAYETAS RUTINA ANTI CONTAMINACIÓN CRUZADA 2 DE CADA COLOR","🧽 Set Doble Bayetas · Laboncler 
 10 bayetas de microfibra en 5 colores, 2 de cada uno. La forma más fácil y organizada de limpiar tu casa sin mezclar suciedad de una zona a otra.
 La rutina anti contaminación cruzada: asigna un color a cada zona de la casa y olvídate de pasar bacterias del baño a la cocina. Cada color para su sitio, todo más higiénico y ordenado.
 ⭐ Qué incluye el set: 
 🟧 2 bayetas naranjas 🟩 2 bayetas verdes 🟪 2 bayetas moradas 🟨 2 bayetas amarillas 🟦 2 bayetas azules 
 Bayetas de microfibra que no sueltan pelusa, absorben de maravilla y van con todo tipo de superficies. Asígnale un color a cada estancia (baño, cocina, cristales, polvo, superficies) y mantén cada zona con su propia bayeta.","in stock","new","9.90 EUR","9.00 EUR","https://aura-prestige.sumupstore.com/product/set-doble-bayetas-rutina-anti-contaminacion-cruzada-2-de-cada-color","https://cdn.shopify.com/s/files/1/0958/5970/4190/files/set_doble_bayetas.jpg","Laboncler","Packs"
"brocha-manual-de-limpieza","BROCHA MANUAL DE LIMPIEZA","Cepillo de mano extra suave, fabricado con una alta resistencia y durabilidad. Su diseño permite limpiar fácilmente las zonas donde los cepillos más grandes no pueden llegar, tales como orificios, recovecos, agujeros... De dureza baja, para uso moderado sin rallar superficies.
Ideal para: carrocerías Salpicaderos Piezas del aseo Cristaleras Mamparas Azulejos,  gresite Llantas Mobiliario en general...","in stock","new","5.00 EUR","","https://aura-prestige.sumupstore.com/product/brocha-manual-de-limpieza","https://cdn.shopify.com/s/files/1/0958/5970/4190/files/BROCHAMANUALDELIMPIEZA2.jpg","Laboncler","Hogar"
"velisso-trapeador-multifuncion-75x60cm","Velisso — Trapeador Multifunción 75x60cm","Pocas cosas dan más paz que pisar un suelo limpio. Descalzo, sin miedo, sabiendo que ahí no hay ni una pelusa.
 Esa sensación de ""mi casa está en orden"" que te resetea el día.
 Velisso está hecho para eso. Es un paño de microfibra natural enorme (75x60cm), gordo y esponjoso, que atrapa todo lo que toca en una sola pasada. Pelos, polvo, pelusas — se quedan ahí, no se mueven de esquina.
 Y lo mejor: si tienes un suelo bonito — porcelánico, mármol, parquet, terrazo — puedes estar tranquilo. No raya. No deja marcas. Solo ese brillo limpio que da gusto mirar.
 Súper absorbente y tamaño grande de verdad, para cubrir más suelo en menos pasadas. Porque limpiar siempre merece la pena, pero que sea fácil tampoco está de más.
 ⚠️ No apto para suelos rugosos.","in stock","new","9.95 EUR","","https://aura-prestige.sumupstore.com/product/velisso-trapeador-multifuncion-75x60cm","https://cdn.shopify.com/s/files/1/0958/5970/4190/files/pano_velisso_microfibra.jpg","Laboncler","Hogar"
"pack-3-bolsas-de-basura-tamanos-120l-60l-30l-iguales-o-combinadas-antibacterianas-y-ultraresistentes","PACK 3 BOLSAS DE BASURA | TAMAÑOS 120L 60L 30L | IGUALES O COMBINADAS | ANTIBACTERIANAS Y ULTRARESISTENTES","Pack 3 Bolsas de Basura Laboncler – Tamaños a elegir
 Tres unidades. Un solo criterio: resistencia sin concesiones .
 El Pack de 3 Bolsas de Basura Laboncler está pensado para adaptarse a tu día a día con total flexibilidad. Puedes elegir tamaños iguales o combinarlos según tus necesidades: 30L, 60L y 120L , cubriendo desde el uso diario en casa hasta tareas más exigentes.
 Cada bolsa mantiene los estándares Laboncler: material de 4 capas , triple sellado antigoteo y una galga reforzada que ofrece una resistencia superior frente a peso, humedad y residuos voluminosos. Todo ello con más del 80 % de plástico reciclado y 100 % reciclable , apostando por una limpieza más responsable.
 El grabado Laboncler refuerza la estructura, mientras que el tratamiento antibacteriano y el aroma ultraperfumado garantizan una experiencia más higiénica y agradable. Además, vienen precortadas , con cierre fácil/autocierre , para un uso cómodo y sin tirones.
 Certificadas con la ecoetiqueta Blue Angel , que avala su calidad y compromiso medioambiental.
 Incluye:
 3 rollos de bolsas Laboncler 
 Tamaños a elegir: 30L / 60L / 120L 
 Posibilidad de combinarlas según tu necesidad
 Material de 4 capas 
 Triple sellado antigoteo 
 Antibacterianas 
 Precortadas 
 Cierre fácil / autocierre 
 Más del 80 % de plástico reciclado 
 100 % reciclables 
 Certificación Blue Angel 
 Porque no todas las bolsas son iguales. Y cuando pruebas Laboncler… se nota.

Opciones disponibles: 120L / 120L / 120L · 120L / 120L / 60L · 120L / 120L / 30L · 120L / 60L / 120L · 120L / 60L / 60L · 120L / 60L / 30L · 120L / 30L / 120L · 120L / 30L / 60L · 120L / 30L / 30L · 60L / 120L / 120L · 60L / 120L / 60L · 60L / 120L / 30L · 60L / 60L / 120L · 60L / 60L / 60L · 60L / 60L / 30L · 60L / 30L / 120L · 60L / 30L / 60L · 60L / 30L / 30L · 30L / 120L / 120L · 30L / 120L / 60L · 30L / 120L / 30L · 30L / 60L / 120L · 30L / 60L / 60L · 30L / 60L / 30L · 30L / 30L / 120L · 30L / 30L / 60L · 30L / 30L / 30L
Indícanos la opción que quieres al hacer el pedido.","in stock","new","13.95 EUR","","https://aura-prestige.sumupstore.com/product/pack-3-bolsas-de-basura-tamanos-120l-60l-30l-iguales-o-combinadas-antibacterianas-y-ultraresistentes","https://cdn.shopify.com/s/files/1/0958/5970/4190/files/PACK_3_BOLSAS.jpg","Laboncler","Packs"
"toallitas-eco-jin-atrapa-color-para-lavadora-20-unidades-fibras-100-naturales","Toallitas Eco-Jin — Atrapa Color para Lavadora 20 Unidades · Fibras 100% Naturales","Mete toda la colada junta — camisetas blancas, ropa oscura, prendas nuevas — y olvídate de los accidentes. Las Toallitas Eco-Jin atrapan los tintes que se sueltan en el agua durante el lavado antes de que lleguen a otras prendas. Los colores se mantienen como el primer día.
 Funcionan en cualquier ciclo, temperatura y tejido. Solo tienes que introducir una toallita en el tambor, lavar con normalidad y retirarla al terminar.
 Qué hacen exactamente: 
 Capturan los restos de tinte que se filtran en el agua, incluso los imperceptibles a simple vista
 Recogen pelos de mascota y pelusas
 Eliminan malos olores del tejido
 Protegen el brillo de los colores lavado tras lavado
 Están fabricadas con fibras 100% de origen natural y son de un solo uso.
 Uso adicional: Pulveriza tu suavizante o perfume favorito sobre una toallita y colócala dentro de la secadora, en cajones o armarios para aromatizar tu ropa.
 La prueba está en la toallita.","in stock","new","4.95 EUR","","https://aura-prestige.sumupstore.com/product/toallitas-eco-jin-atrapa-color-para-lavadora-20-unidades-fibras-100-naturales","https://cdn.shopify.com/s/files/1/0958/5970/4190/files/toallitas_eco_1.jpg","Laboncler","Hogar"
"ambientador-textil-zelin-grape-azahar-infusionado-eter-collection","Ambientador Textil Zelin Grape - Azahar infusionado - ÉTER Collection","El azahar tiene algo magistral: es capaz de detener el tiempo. ZELIN GRAPE lo infusiona con neroli, agua de manantial y flores blancas para crear una fragancia luminosa y serena, de esas que hacen que quieras quedarte un rato más entre las sábanas. Pureza floral con la frescura del agua recién brotada.
 Forma parte de la colección ÉTER de Laboncler: ambientadores textiles de alta gama con nuestra patente Deosread, que elimina los malos olores de raíz, y almidón de alta calidad que cuida los tejidos mientras los perfuma. Suavidad, fragancia y magnetismo en un solo frasco.
 Perfecto para cortinas, ropa de cama, toallas y cualquier tejido del hogar.
 Ambientador textil de alta gama
 Eliminador de olores con patente Deosread
 Almidón de alta calidad que cuida tus tejidos
 Fragancia de alta esencia para telas, tejidos y hogar
 300 ml","in stock","new","9.99 EUR","","https://aura-prestige.sumupstore.com/product/ambientador-textil-zelin-grape-azahar-infusionado-eter-collection","https://cdn.shopify.com/s/files/1/0958/5970/4190/files/zelin-grape.jpg","Laboncler","Ambientación · Textiles"
"ambientador-textil-zaren-wall-flor-de-asuan-y-loto-con-maderas-nobles","Ambientador Textil Zaren Wall - Flor de Asuán y loto con maderas nobles","Los aromas de El Cairo directamente en casa. ZAREN WALL es un viaje hipnótico donde la flor de Asuán y el loto se posan sobre un fondo de maderas nobles, creando una fragancia profunda, exótica y elegante. Tus textiles se impregnan de un misterio milenario que convierte cada estancia en un pequeño palacio junto al Nilo.
 Pertenece a la colección ÉTER de Laboncler: ambientadores textiles de alta gama con patente Deosread, el eliminador de olores que neutraliza de verdad, y almidón de alta calidad que protege la fibra mientras la perfuma. Suavidad, fragancia y magnetismo en un solo frasco.
 Ideal para cortinas, ropa de cama, toallas y textiles en general.
 Ambientador textil de alta gama
 Eliminador de olores con patente Deosread
 Almidón de alta calidad que cuida tus tejidos
 Fragancia de alta esencia para telas, tejidos y hogar
 300 ml","in stock","new","9.99 EUR","","https://aura-prestige.sumupstore.com/product/ambientador-textil-zaren-wall-flor-de-asuan-y-loto-con-maderas-nobles","https://cdn.shopify.com/s/files/1/0958/5970/4190/files/zaren-wall.jpg","Laboncler","Ambientación · Textiles"
"ambientador-textil-stim-cryam-bouquet-floral-nardo-y-buganvilla-eter-collection","Ambientador Textil Stim Cryam - Bouquet Floral, nardo y buganvilla - ÉTER Collection","Un campo de pétalos sacado de un cuento.
 STIM CRYAM despliega un bouquet floral donde el nardo pone la intensidad y la buganvilla la luz mediterránea, dejando tus textiles envueltos en una nube sublime que transforma cualquier estancia en un jardín en plena floración.
 Pertenece a la colección ÉTER de Laboncler: ambientadores textiles de alta gama con patente Deosread, el eliminador de olores que neutraliza en lugar de enmascarar, y almidón de alta calidad que protege la fibra mientras la perfuma. Suavidad, fragancia y magnetismo en un solo frasco.
 Ideal para cortinas, ropa de cama, toallas y textiles en general.
 Ambientador textil de alta gama
 Eliminador de olores con patente Deosread
 Almidón de alta calidad que cuida tus tejidos
 Fragancia de alta esencia para telas, tejidos y hogar
 300 ml","in stock","new","9.99 EUR","","https://aura-prestige.sumupstore.com/product/ambientador-textil-stim-cryam-bouquet-floral-nardo-y-buganvilla-eter-collection","https://cdn.shopify.com/s/files/1/0958/5970/4190/files/stim-cryan.jpg","Laboncler","Ambientación · Textiles"
"ambientador-textil-soren-honey-miel-de-mil-flores-y-vainilla-pompona-eter-collection","Ambientador Textil Soren Honey - Miel de mil flores y Vainilla Pompona - ÉTER Collection","El aire dulce que cala los sentidos. SOREN HONEY combina la miel de mil flores con la vainilla pompona en una fragancia melosa, cálida y envolvente que convierte tus textiles en un refugio. De esos aromas que abrazan cuando entras en casa y hacen que el sofá, la manta y la tarde sepan mejor.
 Pertenece a la colección ÉTER de Laboncler: ambientadores textiles de alta gama con patente Deosread, el eliminador de olores que neutraliza en lugar de tapar, y almidón de alta calidad que protege la fibra mientras la perfuma. Suavidad, fragancia y magnetismo en un solo frasco.
 Ideal para cortinas, ropa de cama, toallas y textiles en general.
 Ambientador textil de alta gama
 Eliminador de olores con patente Deosread
 Almidón de alta calidad que cuida tus tejidos
 Fragancia de alta esencia para telas, tejidos y hogar
 300 ml","in stock","new","9.99 EUR","","https://aura-prestige.sumupstore.com/product/ambientador-textil-soren-honey-miel-de-mil-flores-y-vainilla-pompona-eter-collection","https://cdn.shopify.com/s/files/1/0958/5970/4190/files/soren-honey.jpg","Laboncler","Ambientación · Textiles"
"ambientador-textil-linur-fruit-mango-nectarina-y-azucar-moreno","Ambientador Textil Linur Fruit - Mango, Nectarina y Azúcar Moreno","Frutal y tropical a partes iguales. LINUR FRUIT mezcla la jugosidad del mango con la dulzura de la nectarina y remata con un toque goloso de azúcar moreno. El resultado es una fragancia vibrante y luminosa que llena tus textiles de energía, como si el verano se hubiera instalado en casa para quedarse.
 Forma parte de la colección ÉTER de Laboncler: ambientadores textiles de alta gama con nuestra patente Deosread, que elimina los malos olores en lugar de disimularlos, y almidón de alta calidad que cuida los tejidos mientras los perfuma. Suavidad, fragancia y magnetismo en un solo frasco.
 Perfecto para cortinas, ropa de cama, toallas y cualquier tejido del hogar.
 Ambientador textil de alta gama
 Eliminador de olores con patente Deosread
 Almidón de alta calidad que cuida tus tejidos
 Fragancia de alta esencia para telas, tejidos y hogar
 300 ml","in stock","new","9.99 EUR","","https://aura-prestige.sumupstore.com/product/ambientador-textil-linur-fruit-mango-nectarina-y-azucar-moreno","https://cdn.shopify.com/s/files/1/0958/5970/4190/files/linur-fruit.jpg","Laboncler","Ambientación · Textiles"
"ambientador-textil-acua-lurex-ropa-limpia-y-almizcle-blanco-eter-collection","Ambientador Textil Acua Lurex - Ropa limpia y Almizcle Blanco - ÉTER Collection","Hay olores que se quedan grabados en la memoria.
  ACUA LUREX recupera uno de ellos: el de la ropa recién tendida, ese suavizante de antaño que convertía abrir el armario en un pequeño placer.
 La delicadeza de la ropa limpia se envuelve en almizcle blanco para dejar en tus tejidos una estela fresca, limpia y evocadora que dura mucho más que un recuerdo.
 Forma parte de la colección ÉTER de Laboncler: ambientadores textiles de alta gama con nuestra patente Deosread, que elimina los malos olores en lugar de taparlos, y almidón de alta calidad que cuida la fibra mientras perfuma. Suavidad, fragancia y magnetismo en un solo frasco.
 Perfecto para cortinas, ropa de cama, toallas y cualquier tejido del hogar.
 Ambientador textil de alta gama
 Eliminador de olores con patente Deosread
 Almidón de alta calidad que cuida tus tejidos
 Fragancia de alta esencia para telas, tejidos y hogar
 300 ml","in stock","new","9.99 EUR","","https://aura-prestige.sumupstore.com/product/ambientador-textil-acua-lurex-ropa-limpia-y-almizcle-blanco-eter-collection","https://cdn.shopify.com/s/files/1/0958/5970/4190/files/acua-lurex.jpg","Laboncler","Ambientación · Textiles"
"jabon-natural-de-caqui","Jabón Artesano de Caqui","Jabón de Caqui — Cuidado corporal y acción desodorante
 Hay olores que el gel de ducha de siempre no consigue eliminar del todo. El nonenal, ese olor corporal asociado a la edad, es uno de ellos: aparece de forma natural con el paso de los años y se resiste a los limpiadores convencionales. El caqui es uno de los pocos ingredientes capaces de neutralizarlo, y por eso lo hemos convertido en el protagonista de este jabón.
 Elaborado de forma artesanal con aceite de oliva y extracto de caqui, este jabón limpia y purifica la piel mientras actúa como desodorante natural. Su acción antibacteriana ayuda a controlar el mal olor corporal en las zonas donde más se concentra, como axilas y pies, y su aporte de antioxidantes contribuye a cuidar la piel día a día, especialmente la piel madura.
 Al terminar la ducha, la sensación es de piel limpia de verdad, fresca y cuidada, sin recurrir a fórmulas agresivas.
 Beneficios principales 
 Neutraliza el mal olor corporal y ayuda a combatir el nonenal, el olor asociado a la edad.
 Acción antibacteriana y desodorante natural.
 Limpia y purifica la piel en profundidad.
 Aporta antioxidantes que ayudan a cuidar la piel.
 Recomendado para: personas que buscan controlar el olor corporal de forma natural, especialmente en axilas, pies y piel madura.
 Un jabón con valores: producto vegano, elaborado con ingredientes naturales, libre de parabenos y sulfatos, y no testado en animales.","in stock","new","8.95 EUR","","https://aura-prestige.sumupstore.com/product/jabon-artesano-de-caqui","https://cdn.shopify.com/s/files/1/0958/5970/4190/files/jabon_caqui.jpg","Laboncler","Jabones Naturales"
"perfume-mujer-217","Perfume Mujer 217","Perfume de equivalencia de mujer.

Opciones disponibles: 100ml
Indícanos la opción que quieres al hacer el pedido.","in stock","new","14.95 EUR","","https://aura-prestige.sumupstore.com/product/perfume-mujer-217","https://cdn.shopify.com/s/files/1/0958/5970/4190/files/perfume-mujer-24_b26e530a-9a84-424b-bbd0-fd3740e11907.jpg","Laboncler","Perfumes · Mujer"
"perfume-mujer-149","Perfume Mujer 149","Perfume de equivalencia de mujer.
Composición: Alcohol denat, Parfum, Aqua, Glycerin, Limonene, Benzyl Salicylate, Hexyl Cinnamal, Citronellol, Linalool, Benzyl Alcohol, Alpha-Isomethyl Ionone, Eugenol, Cinnamyl Alcohol, Geraniol, Benzyl Benzoate, Amyl Cinnamal, CI 16035, CI19140, CI42090.","out of stock","new","6.95 EUR","","https://aura-prestige.sumupstore.com/product/perfume-mujer-149","https://cdn.shopify.com/s/files/1/0958/5970/4190/files/perfume-mujer-24_9ae54726-d005-4f75-9c25-ad967014923a.jpg","Laboncler","Perfumes · Mujer"
"perfume-hombre-575","Perfume hombre 575","Perfume hombre de equivalencia.
  Notas de Salida: Notas Marinas, Toronja (Pomelo) y Mandarina.
 Notas de Corazón: Hoja de Laurel y Jazmín.
 Notas de Fondo: Ámbar gris, Madera de Gaiac, Musgo de Roble y Pachulí.

Opciones disponibles: 100ml
Indícanos la opción que quieres al hacer el pedido.","in stock","new","14.95 EUR","","https://aura-prestige.sumupstore.com/product/perfume-hombre-575","https://cdn.shopify.com/s/files/1/0958/5970/4190/files/perfume-hombre-24_a51a4c0c-4016-42f0-98aa-55f3850202da.jpg","Laboncler","Perfumes · Hombre"
"tramontanna-white-champu-de-perros-de-origen-natural","TRAMONTANNA WHITE - Champú de Perros de Origen Natural","TRAMONTANNA WHITE – Champú Animal
 5 en 1 · Especial pelo blanco · Formato XXL 1 litro 
 De Laboncler 
 Con extractos de Granada y Vitamina E · 95% de origen vegetal
 El pelo blanco tiene un problema: se ve todo. El amarilleo, el polvo del paseo, la mancha de la siesta en el jardín. TRAMONTANNA WHITE está pensado exactamente para eso, y hace en un solo paso lo que normalmente te llevaría tres productos.
 🧴 Champú – tensioactivos ligeros derivados del coco y del azúcar, suaves con las pieles sensibles y contundentes con la suciedad.
🐾 Acondicionador – desenreda, facilita el peinado y devuelve flexibilidad al pelo apelmazado.
✨ Abrillantador – el aceite puro de argán nutre e hidrata el pelo seco y sin vitalidad.
🤍 Blanqueador – realza el blanco y le devuelve ese aspecto limpio y luminoso que se va perdiendo baño tras baño.
🍃 Desodorizante – granada, menta y tomillo dejan el pelaje fresco durante mucho más tiempo.
 Su pH adaptado lo hace apto para uso frecuente, así que puedes bañarlo tantas veces como haga falta sin castigarle la piel.
 Válido para perros, gatos, caballos, cobayas, conejos… de pelaje blanco.
 💡 HAZTE CASO 
Empapa bien el pelaje con agua tibia antes de aplicar el champú por cuello, lomo y patas. Masajea hasta sacar una espuma cremosa y abundante, y déjala actuar unos instantes: ahí es donde el producto trabaja el blanco. Aclara, deja que se sacuda a gusto, seca con toalla y termina con secador mientras cepillas. Ese último paso es el que marca la diferencia en un pelo blanco.
 Formato XXL de 1 litro. Uso exclusivo en animales.
 INGREDIENTES: Aqua, Sodium Laureth Sulfate, Cocamide DEA, Sodium Chloride, Sodium Lauroyl Sarcosinate, Cocamidopropyl Betaine, Phenoxyethanol, Xanthan Gum, Punica Granatum Pericarp Extract, Vit E, Glycerin, Parfum, 1,2-Bencilisotiazolin-3-(2H)-ona, CI 42090.
 Usar preferentemente antes de 1 año una vez abierto el envase.
 Ama tu esencia. Laboncler.","in stock","new","19.95 EUR","","https://aura-prestige.sumupstore.com/product/tramontanna-white-champu-de-perros-de-origen-natural","https://cdn.shopify.com/s/files/1/0958/5970/4190/files/TRAMONTANNAWHITE.jpg","Laboncler","Perfumes para Mascotas"
"sirocco-beach-champu-de-perros-de-origen-natural","SIROCCO BEACH - Champú de Perros de Origen Natural","SIROCCO BEACH – Champú Animal Repelente
 5 en 1 · Todo tipo de pelaje · Formato XXL 1 litro 
 De Laboncler 
 Con extractos de CITRONELA y Vitamina E · 95% de origen vegetal
 Bañar a tu mascota puede ser uno de esos momentos que acabáis disfrutando los dos. Y con SIROCCO BEACH lo tienes resuelto en un solo paso: limpia, acondiciona, da brillo, repele insectos y deja un olor buenísimo que dura.
 🧴 Champú – limpieza profunda con tensioactivos ligeros derivados del pomelo y la salvia, suaves incluso en pieles sensibles.
🐾 Acondicionador – desenreda, facilita el peinado y devuelve flexibilidad al pelo apelmazado.
✨ Abrillantador – el aceite puro de naranja nutre e hidrata el pelo seco y sin vitalidad. Brillo de verdad, no de foto.
🌿 Repelente – los extractos de citronela y menta mantienen a los insectos lejos de tu peludo.
🍃 Desodorizante – sin malos olores, ni recién bañado ni tres días después.
 Su pH adaptado lo hace apto para uso frecuente, así que puedes bañarlo tantas veces como lo necesite sin castigarle la piel.
 Y no es solo para perros: sirve para gatos, caballos, cobayas, conejos… todo tipo de pelajes y razas.
 💡 HAZTE CASO 
Aplica el champú por cuello, lomo y patas sobre el pelaje bien empapado en agua tibia. Masajea hasta sacar una espuma cremosa y abundante, y déjala actuar unos instantes antes de aclarar. Después deja que se sacuda a gusto, seca con toalla y termina con secador mientras cepillas: ahí es donde el pelo queda realmente suelto y brillante.
 Formato XXL de 1 litro. Uso exclusivo en animales.
 INGREDIENTES: Aqua, Sodium Laureth Sulfate, Cocamide DEA, Sodium Chloride, Sodium Lauroyl Sarcosinate, Cocamidopropyl Betaine, Phenoxyethanol, Xanthan Gum, Citronella, Pericarp Extract, Vit E, Glycerin, Parfum, 1,2-Bencilisotiazolin-3-(2H)-ona, CI 42090.
 Usar preferentemente antes de 1 año una vez abierto el envase.
 Ama tu esencia. Laboncler.","in stock","new","19.95 EUR","","https://aura-prestige.sumupstore.com/product/sirocco-beach-champu-de-perros-de-origen-natural","https://cdn.shopify.com/s/files/1/0958/5970/4190/files/WhatsAppImage2026-07-16at09.53.37_1.jpg","Laboncler","Perfumes para Mascotas"
"kleoras-acido-hialuronico-colageno-y-vitamina-c","KLEORÀS - Ácido Hialurónico, colágeno y vitamina C","Juventud desde el interior
 Belleza celular, interna y eterna. 
 Juventud que se siente desde adentro... 
 La combinación de ácido hialurónico, colágeno y vitamina C actúa de forma sinérgica en el cuerpo para regenerar los tejidos conectivos, mejorar la elasticidad de la piel, las arrugas y proteger las articulaciones.
 Mientras el colágeno aporta la estructura fundamental, la vitamina C es el motor biológico indispensable para que tu cuerpo pueda sintetizarlo, y el ácido hialurónico garantiza la hidratación y lubricación interna de todo el sistema.
 Efecto en la piel 
 El ácido hialurónico actúa como una esponja biológica que retiene hasta 1000 veces su peso en agua, rellenando las arrugas desde el interior. El colágeno hidrolizado aporta la elasticidad y la firmeza mecánica para evitar la flacidez, y la vitamina C aporta luminosidad al unificar el tono cutáneo.
 Salud articular y ósea 
 En las articulaciones, el ácido hialurónico funciona como un lubricante natural para el líquido sinovial, reduciendo la fricción entre los huesos. Y el colágeno fortalece la estructura de los cartílagos, tendones y ligamentos dañados.
 Acción antioxidante celular 
 La vitamina C neutraliza los radicales libres generados por la radiación solar y la contaminación ambiental. Esto evita que el colágeno y el ácido hialurónico ya existentes en tu organismo se degraden antes de tiempo.
 Producción endógena optimizada 
 El cuerpo humano no puede asimilar ni fabricar colágeno nuevo de manera eficiente sin la presencia de vitamina C, la cual actúa como un cofactor celular obligatorio en su síntesis enzimática.
El colágeno, la vitamina C y el ácido hialurónico son importantes para la salud de la piel. El colágeno es necesario para la elasticidad de la piel, mientras que la vitamina C contribuye a la producción de colágeno. El ácido hialurónico es un componente esencial que fija el agua a la piel, lo que puede prevenir la sequedad.
 Estos tres ingredientes se combinan a menudo en los productos de cuidado tópico, ya que actúan de forma sinérgica y ofrecen resultados óptimos cuando se combinan.
 Principales beneficios en el cuerpo 
 Rejuvenecimiento cutáneo
 Salud articular y ósea
 Fortalecimiento de cabello y uñas
 Formato:   Bote de 150 cápsulas
 Toma diaria:   2 cápsulas durante el desayuno","in stock","new","29.95 EUR","","https://aura-prestige.sumupstore.com/productos","https://cdn.shopify.com/s/files/1/0958/5970/4190/files/kleoras_lbc.jpg","Laboncler","Otros"
"magnethra-triple-magnesio","MAGNETHRA - Triple Magnesio","Triple Magnesio · Tu súper poder extra
 Limpia tu mente del ""no puedo"". 
 Un aliado en la regeneración articular y muscular 
 La suplementación con triple magnesio se ha convertido en una estrategia clave para quienes buscan optimizar la recuperación articular y muscular. Este suplemento combina tres formas de magnesio altamente biodisponibles, como el óxido, el citrato y el cloruro de magnesio, ofreciendo un soporte integral al cuerpo.
 Regeneración pura... 
 El magnesio es un mineral esencial involucrado en más de 300 procesos enzimáticos del cuerpo, especialmente aquellos relacionados con la reparación de tejidos.
 A nivel muscular, ayuda a reducir la inflamación, el dolor, alivia calambres y espasmos, y favorece la relajación profunda, elementos fundamentales en cualquier proceso de recuperación.
 En cuanto a las articulaciones, el magnesio contribuye a mantener la integridad del cartílago y optimiza la síntesis de proteínas necesarias para la regeneración de tejidos conectivos.
 Beneficios de la suplementación con triple magnesio 
 Aceleración de la recuperación muscular tras entrenamientos o lesiones
 Apoyo en la regeneración del cartílago y en la salud de las articulaciones
 Reducción de la inflamación y el dolor muscular
 Mejora de la calidad del sueño, crucial para los procesos de reparación del cuerpo
 Prevención de calambres y contracturas musculares
 Cómo tomarlo correctamente 
 La recomendación general es tomar dos cápsulas diarias de triple magnesio en horario nocturno. Consumirlo por la noche no solo mejora su absorción, sino que también potencia su efecto relajante, favoreciendo un descanso reparador, vital para los procesos de regeneración muscular y articular.
 Precauciones a tener en cuenta 
 Aunque el magnesio es generalmente seguro, su uso debe ser supervisado en personas con enfermedades renales. Además, el exceso de magnesio puede provocar molestias digestivas como diarrea leve. Siempre es recomendable consultar a un profesional de la salud antes de comenzar la suplementación.
 Si quieres cuidar tus articulaciones, favorecer tu descanso y combatir la fatiga articular, el triple magnesio puede marcar una gran diferencia en tu bienestar diario.
 No dejes para mañana el cuidado de tu cuerpo. Comienza hoy mismo a suplementarte de forma inteligente y potencia tu recuperación de manera natural y efectiva.
 Formato: Bote de 100 cápsulas
 Toma diaria: 2 cápsulas antes de dormir","in stock","new","29.95 EUR","","https://aura-prestige.sumupstore.com/productos","https://cdn.shopify.com/s/files/1/0958/5970/4190/files/magnethra_lbc.jpg","Laboncler","Otros"
"ecolatier-exfoliante-corporal-anticelulitico-lifting-y-firmeza-cannabis-ecologico","ECOLATIER Exfoliante Corporal Anticelulítico Lifting y Firmeza Cannabis Ecológico","Exfoliante Corporal Anticelulítico Lifting y Firmeza Cannabis Ecológico 
Estimula el drenaje linfático y actúa sobre las zonas problemáticas
Mejor firmeza y elasticidad de la piel
Aceite de cannabis
Sal marina
Cafeína
Jengibre en polvo
 98 % de ingredientes  de origen natural vegano
El Exfoliante Corporal ECOLATIER® de Cannabis Ecológico con principios activos naturales proporciona un efecto anticelulítico, estimula los procesos de drenaje linfático, actúa activamente sobre las zonas problemáticas del cuerpo. Mejora la firmeza y elasticidad de la piel
Ingrediente orgánico: El Aceite de Cannabis Ecológico obtenido por prensado en frío es extremadamente rico en ácidos grasos, omega y vitaminas. Su fórmula ligera y no grasa se absorbe rápidamente en la piel, no obstruye los poros, satura las células con elementos útiles y favorece la salud de la barrera cutánea. Protege las células de las inclemencias del clima, la deshidratación y los daños causados por la contaminación.
Ingredientes activos: La sal marina exfolia suavemente la piel, la enriquece con minerales y microelementos, activa la renovación de la epidermis
La cafeína y el jengibre en polvo regeneran, restauran, tensan, tonifican, mejoran el relieve cutáneo
 MODO DE EMPLEO:
 Aplicar sobre la piel húmeda, masajear suavemente y aclarar con agua tibia. Sólo para uso externo
Contenido: 300 g","in stock","new","8.75 EUR","6.45 EUR","https://aura-prestige.sumupstore.com/product/ecolatier-exfoliante-corporal-anticelulitico-lifting-y-firmeza-cannabis-ecologico","https://cdn.shopify.com/s/files/1/0958/5970/4190/files/exfoliantecorporal.jpg","Laboncler","Ecolatier · Cuidado Corporal"
"unguento-sanctus-oleum","UNGÜENTO SANCTUS OLEUM","UNGÜENTO SANCTUS OLEUM 
 • Hidrata y nutre
• Estimula la circulación en los músculos
• Relaja los músculos y deja la piel suave
 Uso:
 Aplique el ungüento sobre la piel y masajee. Hasta 5 veces al dia. Usar guantes ya que los aceites son muy aromáticos.
 Evite el contacto con los ojos. Lávese las manos después de aplicar el producto.
 No apto para embarazadas ni menores de 3 años.
 Contenido: 200ml.","in stock","new","21.95 EUR","","https://aura-prestige.sumupstore.com/product/unguento-sanctus-oleum","https://cdn.shopify.com/s/files/1/0958/5970/4190/files/unguento.jpg","Laboncler","Cuidado Personal · Corporal"
"jabon-artesano-de-ruda","Jabón Artesano de Ruda","Jabón Artesano de Ruda 
 La fuerza de una planta con tradición herbolaria centenaria.
 La ruda se ha utilizado durante generaciones en cosmética y herboristería artesanal por sus propiedades tónicas y revitalizantes. Este jabón ofrece una limpieza fresca con un perfil herbáceo característico y se asocia tradicionalmente con la mejora de la circulación superficial y el alivio de la pesadez en las piernas.
 Beneficios 
 Efecto tónico y revitalizante sobre la piel
 Asociado tradicionalmente a la mejora de la circulación superficial
 Aroma herbáceo natural
 Una opción diferente dentro de la gama vegetal
 Indicado para uso corporal diario, especialmente en piernas cansadas o pesadas.
 Modo de empleo: aplicar sobre la piel húmeda, masajear con energía en las zonas deseadas y aclarar.","in stock","new","8.95 EUR","","https://aura-prestige.sumupstore.com/product/jabon-artesano-de-ruda","https://cdn.shopify.com/s/files/1/0958/5970/4190/files/rudajabonartesano.png","Laboncler","Jabones Naturales"
"jabon-artesano-de-argan","Jabón Artesano de Argán","El ""oro líquido"" en pastilla para pieles que piden nutrición.
 El aceite de argán es conocido por su altísima concentración en vitamina E y ácidos grasos esenciales. Este jabón nutre la piel en profundidad, ayuda a mantener su elasticidad y le aporta un cuidado extra frente a la sequedad y los signos del paso del tiempo.
 Beneficios 
 Nutre e hidrata en profundidad
 Mejora la elasticidad de la piel
 Rico en vitamina E y ácidos grasos esenciales
 Aporta confort a pieles secas y maduras
 Indicado para pieles secas, maduras o que necesiten un extra de nutrición. Apto para cara y cuerpo.
 Modo de empleo: aplicar sobre la piel húmeda, hacer espuma y aclarar con agua tibia.","in stock","new","8.95 EUR","","https://aura-prestige.sumupstore.com/product/jabon-artesano-de-argan","https://cdn.shopify.com/s/files/1/0958/5970/4190/files/arganjabonartesano.png","Laboncler","Jabones Naturales"
"jabon-artesano-de-barros","Jabón Artesano de Barros","Jabón Artesano de Barros 
 Limpieza profunda y efecto exfoliante con minerales naturales.
 La mezcla de barros y minerales aporta a este jabón una doble acción: arrastra impurezas y elimina células muertas, favoreciendo la renovación natural de la piel. Después del uso, el cutis queda más suave, uniforme y receptivo a tus tratamientos habituales.
 Beneficios 
 Exfoliación suave y natural
 Ayuda a eliminar impurezas y células muertas
 Favorece la renovación celular
 Deja la piel más suave y luminosa
 Indicado para pieles apagadas o que necesitan una limpieza más profunda de forma puntual. Apto para cara y cuerpo.
 Modo de empleo: aplicar una o dos veces por semana sobre la piel húmeda, masajear suavemente con movimientos circulares y aclarar.","in stock","new","8.95 EUR","","https://aura-prestige.sumupstore.com/product/jabon-artesano-de-barros","https://cdn.shopify.com/s/files/1/0958/5970/4190/files/barrosjabonartesano.png","Laboncler","Jabones Naturales"
"prometeo-bio-catasis-drain-limpiador-biologico-y-enzimatico-de-tuberias","PROMETEO Bio Cátasis Drain -  Limpiador biológico y enzimático de tuberías","Tecnología biológica para mantener tus cañerías limpias por dentro. 1 litro.
 Las tuberías no se atascan de un día para otro. Lo que parece un atasco repentino es, casi siempre, el resultado de meses de grasa, restos de comida, pelos y materia orgánica acumulándose en silencio. PROMETEO Bio Cátasis Drain actúa exactamente sobre eso: una fórmula avanzada de enzimas y microorganismos seleccionados que descomponen los residuos antes de que se conviertan en un problema, manteniendo tus desagües limpios, fluidos y sin malos olores.
 Es la forma más inteligente de cuidar tus cañerías a largo plazo, sin recurrir a productos químicos agresivos que terminan dañando las tuberías y el medio ambiente.
 🧪 Cómo funciona 
 Su fórmula combina enzimas activas y cepas bacterianas rigurosamente seleccionadas que actúan por biocatálisis. Los microorganismos degradan progresivamente grasas, proteínas, celulosa, pelos y otros compuestos orgánicos hasta convertirlos en sustancias solubles que el agua arrastra con facilidad. El resultado es un sistema de drenaje limpio por dentro y un caudal que vuelve a circular como el primer día.
 A diferencia de los desatascadores químicos tradicionales, PROMETEO no compromete la integridad de la tubería ni libera compuestos tóxicos en las aguas residuales.
 ✨ Beneficios principales 
 Degrada grasas, pelos, celulosa, restos de comida y materia orgánica acumulada
 Previene atascos en fregaderos, duchas, lavabos, WCs y fosas sépticas
 Mejora la circulación del agua en tuberías de poco diámetro
 Elimina y previene los malos olores del desagüe
 Ayuda a evitar la aparición de cucarachas, ratas y otros indeseables en la cañería
 Aroma fresco a eucalipto
 Compatible con PVC, cobre y acero inoxidable
 Fórmula 99,7% biodegradable y respetuosa con el medio ambiente
 No corrosivo, no agresivo, seguro para toda la instalación
 📅 Cuándo usar PROMETEO 
 PROMETEO está diseñado para el mantenimiento preventivo : úsalo de forma regular para que tus tuberías estén siempre en óptimas condiciones y nunca tengas que enfrentarte a un atasco. Si ya tienes un atasco importante formado, te recomendamos usar primero nuestro PANDORA Desatascador Gel Extreme para liberar la cañería y, a partir de ahí, mantenerla limpia con PROMETEO.
 💧 Modo de empleo 
 Uso doméstico: verter entre 40 y 60 ml directamente en el desagüe, una vez al día durante 3 días. Repetir cada 15 días según el uso de la instalación.
 Hostelería, restauración e industria: duplicar la dosis. Especialmente recomendado en cocinas profesionales, bares y zonas con alta carga de residuos orgánicos.
 Aplicar preferiblemente por la noche, dejando que el producto actúe sin que circule agua durante varias horas para maximizar su efecto.
 🎯 Indicado para 
 Cocinas, baños, duchas, fregaderos, lavabos, WCs, fosas sépticas y sistemas de drenaje en general, tanto domésticos como industriales. Ideal para hostelería, peluquerías y cualquier instalación con acumulación habitual de materia orgánica.
 📋 Características 
 Limpiador biológico y enzimático para tuberías
 Formato: 1 litro
 Aroma: eucalipto
 99,7% biodegradable
 Compatible con PVC, cobre y acero inoxidable
 No corrosivo, no agresivo
 Seguro para fosas sépticas y depuradoras
 PROMETEO Bio Cátasis Drain. Tecnología biológica al servicio de tus cañerías.","in stock","new","14.95 EUR","","https://aura-prestige.sumupstore.com/product/prometeo-bio-catasis-drain-limpiador-biologico-y-enzimatico-de-tuberias","https://cdn.shopify.com/s/files/1/0958/5970/4190/files/prometeo_limpiador_tuberis.jpg","Laboncler","Hogar"
"jabon-artesano-de-rosa-mosqueta","Jabón Artesano de Rosa Mosqueta","Jabón Artesano de Rosa Mosqueta 
 Regenera la piel y atenúa marcas y signos de la edad.
 El aceite de rosa mosqueta es uno de los activos naturales más valorados por su acción regeneradora. Rico en ácidos grasos esenciales y vitamina C, ayuda a atenuar marcas, cicatrices, estrías y líneas de expresión. Una manera sencilla de incorporar un gesto regenerador a tu rutina diaria sin complicarla.
 Beneficios 
 Acción regeneradora sobre la piel
 Ayuda a atenuar marcas, cicatrices y estrías
 Suaviza la apariencia de líneas de expresión
 Aporta luminosidad al cutis
 Indicado para pieles maduras, con marcas o estrías, y para quienes quieren un cuidado regenerador en uso diario.
 Modo de empleo: aplicar sobre la piel húmeda, masajear con suavidad y aclarar. Apto para cara y cuerpo.","out of stock","new","8.95 EUR","","https://aura-prestige.sumupstore.com/product/jabon-artesano-de-rosa-mosqueta","https://cdn.shopify.com/s/files/1/0958/5970/4190/files/rosamosquetajabonartesano.png","Laboncler","Jabones Naturales"
"jabon-artesano-de-arcilla","Jabón Artesano de Arcilla","Jabón Artesano de Arcilla 
 Equilibra el exceso de sebo y purifica los poros.
 La arcilla absorbe de forma natural el exceso de grasa y las impurezas acumuladas en los poros, sin resecar la piel. El resultado es un cutis más equilibrado, con un acabado mate y una textura cómoda al tacto.
 Beneficios 
 Absorbe el exceso de sebo
 Purifica y descongestiona los poros
 Acabado mate sin sensación de tirantez
 Ayuda a equilibrar pieles mixtas y grasas
 Indicado para pieles grasas o mixtas, y como tratamiento puntual en pieles con tendencia acneica.
 Modo de empleo: aplicar sobre la piel húmeda, masajear con movimientos circulares y aclarar con agua. Recomendado para uso diario.","in stock","new","8.95 EUR","","https://aura-prestige.sumupstore.com/product/jabon-artesano-de-arcilla","https://cdn.shopify.com/s/files/1/0958/5970/4190/files/arcillajabonartesano.png","Laboncler","Jabones Naturales"
"jabon-artesano-de-oliva-linea-premium","Jabón Artesano de Oliva -  Línea Premium","Jabón Artesano de Oliva · Línea Premium 
 El clásico de toda la vida, en su versión más cuidada.
 El aceite de oliva lleva siglos siendo uno de los ingredientes más valorados en cosmética natural por su riqueza en vitamina E, ácidos grasos y antioxidantes. Este jabón limpia con suavidad y respeta la barrera natural de la piel, manteniéndola hidratada, elástica y cómoda después de cada uso.
 Beneficios 
 Hidrata y suaviza la piel
 Respeta la barrera natural cutánea
 Rico en vitamina E y antioxidantes
 Apto para pieles sensibles
 Indicado para todo tipo de pieles, incluidas las más sensibles o reactivas. Perfecto como jabón de uso diario en cara y cuerpo.
 Modo de empleo: aplicar sobre la piel húmeda, hacer espuma con las manos y aclarar con agua tibia.","in stock","new","8.95 EUR","","https://aura-prestige.sumupstore.com/product/jabon-artesano-de-oliva-linea-premium","https://cdn.shopify.com/s/files/1/0958/5970/4190/files/olivajabonartesano.png","Laboncler","Jabones Naturales"
"pack-prometeo-pandora-limpiador-y-desatascador","Pack PROMETEO + PANDORA - Limpiador y Desatascador","El sistema completo para acabar con los atascos y mantener tus cañerías limpias todo el año.
 Dos fórmulas especializadas que trabajan juntas para darte una solución integral. PANDORA destruye los atascos más severos en solo 15 minutos. PROMETEO mantiene tus tuberías limpias por dentro con tecnología biológica para que el problema no vuelva a aparecer. Llevándote los dos en un mismo pack tienes cubierto todo el ciclo de vida de tus cañerías, desde la emergencia más complicada hasta el mantenimiento del día a día.
 🎁 Qué incluye el pack 
 PANDORA Desatascador Gel Extreme (500 ml): desatascador químico superconcentrado en formato monodosis. Elimina los atascos más difíciles en 15 minutos, incluso en agua estancada.
 PROMETEO Bio Cátasis Drain (1 litro): limpiador biológico y enzimático. Mantiene tus tuberías limpias por dentro de forma natural y previene la aparición de nuevos atascos.
 🔄 Por qué tiene sentido tenerlos juntos 
 Los dos productos actúan en momentos distintos del ciclo de vida de tus cañerías y se complementan perfectamente. PANDORA es la solución de choque cuando el atasco ya está formado: ataque rápido, contundente y eficaz. PROMETEO entra después: una vez la cañería está libre, su acción enzimática evita que la grasa, los pelos y la materia orgánica vuelvan a acumularse en el interior.
 Tener los dos en casa significa cubrir cualquier escenario, sin depender de fontaneros ni soluciones improvisadas, y reducir al mínimo el uso de químicos agresivos a medio plazo gracias al mantenimiento biológico de PROMETEO.
 🛠️ Cómo usarlos: el protocolo recomendado 
 ¿Tienes un atasco ahora mismo? Empieza por PANDORA. Vierte toda la botella en el desagüe sin retirar el agua estancada, deja actuar 15 minutos (o hasta 12 horas en atascos muy severos) y aclara con agua muy caliente.
 Una vez liberada la cañería , pasa al mantenimiento con PROMETEO. Aplica entre 40 y 60 ml por la noche durante 3 días seguidos para una limpieza profunda inicial.
 A partir de ahí , basta con repetir la dosis de PROMETEO cada 15 días para mantener tus tuberías en perfectas condiciones todo el año.
 ✨ Beneficios del pack 
 Solución completa: actúa sobre el atasco actual y previene los futuros
 Combina la potencia química de PANDORA con la inteligencia biológica de PROMETEO
 Ahorra respecto a la compra de cada producto por separado
 Evita visitas innecesarias del fontanero
 Reduce el uso de químicos agresivos a largo plazo gracias al mantenimiento enzimático
 Apto para uso doméstico, hostelería e industria
 🎯 Indicado para 
 Cualquier hogar, restaurante, bar, peluquería o instalación con cañerías que sufran atascos recurrentes o que quieran prevenirlos antes de que aparezcan. Especialmente recomendable en cocinas con mucho uso diario, baños familiares y zonas con alta carga de residuos orgánicos.
 📋 Características del pack 
 1 × PANDORA Desatascador Gel Extreme · 500 ml monodosis
 1 × PROMETEO Bio Cátasis Drain · 1 litro
 Compatible con tuberías de PVC, cobre y acero inoxidable
 PROMETEO 99,7% biodegradable y respetuoso con el medio ambiente
 PANDORA actúa en agua estancada, sin necesidad de retirarla
 PROMETEO + PANDORA. La combinación definitiva para cuidar tus cañerías de principio a fin.","in stock","new","24.99 EUR","","https://aura-prestige.sumupstore.com/product/pack-prometeo-pandora-limpiador-y-desatascador","https://cdn.shopify.com/s/files/1/0958/5970/4190/files/pack_pandora_prometeo.jpg","Laboncler","Packs"
"pandora-desatascador-gel-extreme","PANDORA Desatascador Gel Extreme","Probablemente el mejor desatascador del mercado. 500 ml monodosis.
 Cuando la tubería ya está atascada, no hay tiempo para soluciones a medias. PANDORA Desatascador Gel Extreme está formulado para uno de los trabajos más exigentes del hogar: deshacer atascos severos, incluso en agua estancada, en solo 15 minutos. Su gel superconcentrado se adhiere a la pared interior de la cañería y disuelve materia orgánica, grasas, pelos y celulosa allí donde otros desatascadores se diluyen sin llegar a actuar.
 Es el aliado que quieres tener cerca cuando un fregadero, una ducha o un lavabo deja de tragar. Una sola dosis y problema resuelto.
 💥 Cómo funciona 
 Su fórmula química superconcentrada está diseñada para atravesar el agua estancada sin perder eficacia y atacar directamente el origen del atasco. La textura en gel se adhiere a las paredes de la tubería en lugar de mezclarse con el agua, lo que multiplica el contacto del producto con los residuos y acelera su disolución.
 El resultado: atascos severos eliminados en 15 minutos. Para los casos más extremos, basta con dejarlo actuar más tiempo (hasta 12 horas) y la cañería vuelve a funcionar como nueva.
 ✨ Beneficios principales 
 Elimina los atascos más difíciles en solo 15 minutos
 Actúa incluso en agua estancada, sin necesidad de retirarla previamente
 Disuelve materia orgánica, grasas, pelos y celulosa
 Desinfecta las cañerías y elimina nidos de cucarachas y otros patógenos
 Cómodo formato monodosis: una botella, un atasco
 Eficaz tanto en atascos puntuales como en obstrucciones severas
 🆘 Cuándo usar PANDORA 
 PANDORA está pensado para situaciones de emergencia: cuando el atasco ya está formado y el agua no circula. Si la cañería todavía funciona con normalidad y lo que buscas es prevenir, te recomendamos nuestro PROMETEO Bio Cátasis Drain , el limpiador enzimático perfecto para mantener tus tuberías en perfectas condiciones y que nunca lleguen a este punto.
 Tras un desatasco con PANDORA, lo ideal es mantener la cañería limpia con PROMETEO de forma regular para evitar que el problema vuelva a aparecer.
 💧 Modo de empleo 
 Verter toda la botella directamente en el desagüe, sin retirar el agua estancada .
 No añadir agua ni ningún otro producto. No utilizar ventosas ni objetos mecánicos durante el tratamiento.
 Dejar actuar al menos 15 minutos. En atascos muy severos, dejar actuar hasta 12 horas.
 Transcurrido el tiempo, dejar correr agua muy caliente por el desagüe para arrastrar los residuos disueltos.
 ⚠️ Advertencias importantes 
 Producto de uso exclusivo como desatascador. No utilizar para ninguna otra finalidad.
 No mezclar con ningún otro producto limpiador o desatascador. La combinación con otros químicos puede generar reacciones peligrosas.
 Mantener fuera del alcance de niños y mascotas.
 Utilizar guantes durante la aplicación y evitar el contacto con la piel y los ojos. En caso de contacto accidental, aclarar abundantemente con agua.
 🎯 Indicado para 
 Fregaderos, lavabos, duchas, bañeras, WCs y desagües domésticos en general. También adecuado para hostelería e industria cuando se requiere una acción rápida y contundente sobre atascos severos.
 📋 Características 
 Desatascador químico en formato gel superconcentrado
 Formato: 500 ml monodosis
 Tiempo de acción: 15 minutos en atascos habituales / hasta 12 horas en atascos severos
 Actúa en agua estancada sin necesidad de retirarla
 Desinfecta las cañerías y elimina patógenos
 Eficaz en todo tipo de tuberías domésticas
 PANDORA Desatascador Gel Extreme. La fuerza definitiva contra los atascos más difíciles.","in stock","new","12.00 EUR","","https://aura-prestige.sumupstore.com/product/pandora-desatascador-gel-extreme","https://cdn.shopify.com/s/files/1/0958/5970/4190/files/pandora_desatascador_tuberis.jpg","Laboncler","Hogar"
"jabon-artesano-de-aloe-vera","Jabón Artesano de Aloe Vera","Jabón Artesano de Aloe Vera 
 Calma, hidrata y repara la piel después de un día exigente.
 El aloe vera tiene una acción calmante e hidratante reconocida desde hace siglos. Este jabón funciona especialmente bien tras la exposición al sol, en momentos de irritación o cuando aparecen rojeces, y resulta apto incluso para pieles sensibles o reactivas. Una opción versátil para tener siempre a mano en el baño.
 Beneficios 
 Calma rojeces e irritaciones
 Hidrata sin dejar sensación grasa
 Refresca la piel tras la exposición al sol
 Apto para pieles sensibles y reactivas
 Indicado para todo tipo de pieles, especialmente sensibles, reactivas o con rojeces. Apto para cara y cuerpo.
 Modo de empleo: aplicar sobre la piel húmeda, masajear y aclarar con agua. Apto para uso diario.","in stock","new","8.95 EUR","","https://aura-prestige.sumupstore.com/product/jabon-artesano-de-aloe-vera","https://cdn.shopify.com/s/files/1/0958/5970/4190/files/aloeverajabonartesano.png","Laboncler","Jabones Naturales"
"jabon-artesano-de-lavanda","Jabón Artesano de Lavanda","Limpieza suave y aroma relajante para tu rutina nocturna.
 La lavanda tiene un perfume inconfundible y un efecto calmante reconocido desde hace siglos. Este jabón limpia la piel con suavidad y deja una fragancia natural que invita al descanso, ideal para el baño o la ducha de la noche. Sus propiedades antisépticas lo hacen apto incluso para pieles sensibles.
 Beneficios 
 Aroma natural a lavanda con efecto relajante
 Acción antiséptica suave
 Apto para pieles sensibles
 Ideal para la rutina de noche
 Indicado para todo tipo de pieles, especialmente sensibles o reactivas. Apto para cara y cuerpo.
 Modo de empleo: aplicar sobre la piel húmeda, masajear y aclarar. Disfruta de su aroma en el momento de la ducha.","in stock","new","8.95 EUR","","https://aura-prestige.sumupstore.com/product/jabon-artesano-de-lavanda","https://cdn.shopify.com/s/files/1/0958/5970/4190/files/lavandajabonartesano.png","Laboncler","Jabones Naturales"
"jabon-artesano-de-acido-hialuronico-linea-premium","Jabón Artesano de Ácido Hialurónico · Línea Premium","Jabón Artesano de Ácido Hialurónico · Línea Premium 
 Hidratación profunda en cada lavado.
 El ácido hialurónico es uno de los activos más conocidos en cosmética antiedad por su capacidad para retener agua en la piel. Este jabón hidrata mientras limpia y deja una sensación de confort y suavidad poco habitual en una pastilla de jabón. Una forma sencilla de reforzar tu rutina facial con un único gesto.
 Beneficios 
 Hidrata y limpia en un solo paso
 Sensación de confort y suavidad inmediatas
 Ayuda a combatir la deshidratación cutánea
 Acción antiedad en uso continuado
 Indicado para pieles maduras, deshidratadas o que busquen reforzar su rutina facial.
 Modo de empleo: aplicar sobre la piel húmeda, masajear suavemente con las manos y aclarar con agua tibia. Apto para uso diario.","out of stock","new","8.95 EUR","","https://aura-prestige.sumupstore.com/product/jabon-artesano-de-acido-hialuronico-linea-premium","https://cdn.shopify.com/s/files/1/0958/5970/4190/files/acidohialuronicojabonartesano.png","Laboncler","Jabones Naturales"
"jabon-artesano-de-karite","Jabón Artesano de Karité","Jabón Artesano de Karité 
 Hidratación intensa para pieles que piden cuidados extra.
 La manteca de karité es uno de los ingredientes más nutritivos en cosmética natural. Este jabón aporta una hidratación profunda, suaviza la piel y calma las zonas más tirantes o irritadas, dejando una sensación de confort que se nota desde el primer uso.
 Beneficios 
 Hidratación intensa y duradera
 Calma zonas tirantes o irritadas
 Suaviza la piel áspera
 Especialmente útil en manos, codos y rodillas
 Indicado para pieles secas, sensibles o atópicas. Apto para cara y cuerpo, y especialmente recomendable en zonas de mayor sequedad.
 Modo de empleo: aplicar sobre la piel húmeda, masajear y aclarar con agua tibia. Apto para uso diario.","in stock","new","8.95 EUR","","https://aura-prestige.sumupstore.com/product/jabon-artesano-de-karite","https://cdn.shopify.com/s/files/1/0958/5970/4190/files/karitejabonartesano.png","Laboncler","Jabones Naturales"
"jabon-artesano-de-alepo-linea-premium","Jabón Artesano de Alepo · Línea Premium","Una receta con siglos de historia para pieles delicadas.
 El jabón de Alepo es uno de los más antiguos del mundo. Su composición tradicional, basada en aceite de oliva y aceite de laurel, le confiere un carácter calmante y antibacteriano que lo convierte en un aliado clásico para las pieles más complicadas. Es la opción de referencia para quienes buscan un jabón natural realmente suave para uso diario.
 Beneficios 
 Calma irritaciones y picores
 Acción antibacteriana natural del laurel
 Respeta el manto hidrolipídico de la piel
 Limpia con extrema suavidad
 Indicado para pieles atópicas, con dermatitis, eczemas o psoriasis. También como jabón corporal y facial diario para pieles sensibles.
 Modo de empleo: aplicar sobre la piel húmeda, masajear con suavidad y aclarar. Apto para uso diario en cara y cuerpo.","in stock","new","8.95 EUR","","https://aura-prestige.sumupstore.com/product/jabon-artesano-de-alepo-linea-premium","https://cdn.shopify.com/s/files/1/0958/5970/4190/files/alepojabonartesano.png","Laboncler","Jabones Naturales"
"jabon-artesano-de-algas","Jabón Artesano de Algas","Jabón Artesano de Algas 
 Remineraliza y revitaliza la piel apagada con la fuerza del mar.
 Las algas marinas concentran minerales, oligoelementos y vitaminas que devuelven tono, firmeza y luminosidad a la piel. Su uso regular ayuda a recuperar vitalidad en cutis cansados o sin energía, dejándolos suaves y con mejor aspecto desde las primeras semanas.
 Beneficios 
 Aporta minerales y oligoelementos a la piel
 Efecto reafirmante y revitalizante
 Mejora la luminosidad del cutis
 Ayuda a mantener la piel cuidada en uso diario
 Indicado para pieles cansadas, apagadas o con falta de tono. Apto para todo tipo de pieles.
 Modo de empleo: aplicar sobre la piel húmeda, masajear y aclarar. Recomendado para uso diario en cara y cuerpo.","in stock","new","8.95 EUR","","https://aura-prestige.sumupstore.com/product/jabon-artesano-de-algas","https://cdn.shopify.com/s/files/1/0958/5970/4190/files/algasjabonartesano.png","Laboncler","Jabones Naturales"
"jabon-artesano-de-carbon-activado-linea-premium","Jabón Artesano de Carbón Activado · Línea Premium","Jabón Artesano de Carbón Activado · Línea Premium 
 Limpieza profunda y efecto detox para pieles que necesitan algo más que un jabón básico.
 El carbón activado actúa como un imán natural sobre la piel: atrae y arrastra impurezas, exceso de sebo y restos de contaminación acumulados durante el día. El resultado es un cutis purificado, equilibrado y libre de esa sensación grasa al tacto, sin agredir su barrera natural.
 Beneficios 
 Limpieza profunda y purificante
 Ayuda a controlar el exceso de sebo
 Reduce la apariencia de los poros dilatados
 Acabado mate y sensación de piel limpia
 Indicado para pieles grasas, mixtas o con tendencia acneica. También como tratamiento purificante semanal en cualquier tipo de piel.
 Modo de empleo: aplicar sobre la piel húmeda, masajear con movimientos circulares y aclarar con abundante agua. Evitar el contorno de los ojos.","in stock","new","8.95 EUR","","https://aura-prestige.sumupstore.com/product/jabon-artesano-de-carbon-activado-linea-premium","https://cdn.shopify.com/s/files/1/0958/5970/4190/files/carbonactivadojabonartesano.png","Laboncler","Jabones Naturales"
"repelente-cosmetico-de-insectos","Repelente Cosmético de Insectos","Los aceites empleados para desarrollar este Repelente Cosmético de Insectos, han sido seleccionados cuidadosamente para ofrecer la mayor capacidad repelente de los mismos.
En primer lugar se emplea el aceite esencial de citronella , está compuesto por geraniol, citronelal, cintronelol, acetato de geranilo, limoneno, metil isoeugenol, elemol, alcohol sesquiterpénico.
Estos ingredientes provocan la ausencia de contacto de los insectos con la piel.
También se emplea el aceite esencial de limón , que contiene principalmente limoneno y geranial, y el aceite esencial de lemongrass, que está formado por citral, en su mayoría, así como citronelol, geraniol, etc. Los compuestos que ambos presentan, los convierten en potentes repelentes. Además, le confieren al producto un agradable aroma cítrico.
Otro aceite esencial empleado es el de lavandín , este aceite es característico porque contiene más de un 25% de linalool, que está reconocido por la EPA (Agencia de protección ambiental de los Estados Unidos) como ingrediente activo para repeler a los insectos.
El aceite esencial de eucalipto está formado principalmente por eucaliptol, repelente natural, que presenta una mayor densidad molecular que el resto de aceites esenciales seleccionados, esto le permite aguantar mayor tiempo en la piel y, por consiguiente, mayor tiempo de protección contra los insectos.
El aceite de alcanfor se caracteriza por la presencia terpenos, compuestos orgánicos aromáticos que sirven como repelentes de insectos.
Por último, se ha seleccionado el aceite esencial de menta debido a que contiene entorno a un 30-55% de mentol, que presenta la capacidad de repeler los insectos.
Debido al conjunto de estos 6 aceites, en concentraciones totalmente estudiadas, que proporcionan una alta protección frente a las diferentes picaduras de insectos, se ha desarrollado un pulverizador cosmético seguro.
Contenido: 100ml","in stock","new","10.95 EUR","","https://aura-prestige.sumupstore.com/product/repelente-cosmetico-de-insectos","https://cdn.shopify.com/s/files/1/0958/5970/4190/files/repelente.jpg","Laboncler","Cuidado Personal · Corporal"
"bolsa-de-basura-60l-10-servicios-80x90cm-resistente-y-antibacteriana","BOLSA DE BASURA 60L | 10 SERVICIOS | 80X90CM | RESISTENTE Y ANTIBACTERIANA","Bolsa de basura y reciclaje 60L – Laboncler
 Pensada para cuando necesitas más capacidad, más resistencia y cero preocupaciones .
 La bolsa de basura Laboncler de 60 litros está diseñada para soportar cargas grandes y exigentes sin renunciar a la comodidad ni al cuidado del entorno. Fabricada con más del 80 % de plástico reciclado y 100 % reciclable , combina robustez y compromiso responsable.
 Su estructura de 4 capas junto al triple sellado antigoteo ofrece una protección superior frente a roturas, filtraciones y residuos húmedos. La galga reforzada , una de las más resistentes del mercado hasta la fecha, aporta una dureza excepcional incluso en usos intensivos.
 Incorpora cierre fácil con autocierre y viene precortada , para un uso cómodo, rápido y sin tirones. El grabado Laboncler no solo aporta identidad, sino que refuerza la resistencia del material.
 Cuenta además con tratamiento antibacteriano y un aroma ultraperfumado , que ayuda a mantener una sensación de limpieza y frescor más duradera.
 Avalada por la ecoetiqueta Blue Angel , un sello que certifica su calidad y su menor impacto medioambiental.
 Detalles del producto:
 Capacidad: 60 litros 
 Medidas: 80 × 90 cm 
 Rollo de 10 bolsas 
 Material de 4 capas 
 Triple sellado antigoteo 
 Antibacteriana 
 Cierre fácil / autocierre 
 Más del 80 % de plástico reciclado 
 100 % reciclable 
 Precortada 
 Colores brillantes y exclusivos
 Certificación Blue Angel 
 Para quienes no quieren pensar en la bolsa… porque saben que va a aguantarlo todo .","in stock","new","4.95 EUR","","https://aura-prestige.sumupstore.com/product/bolsa-de-basura-60l-10-servicios-80x90cm-resistente-y-antibacteriana","https://cdn.shopify.com/s/files/1/0958/5970/4190/files/BOLSA_BASURA_60L.jpg","Laboncler","Hogar"
"bolsa-de-basura-30l-15-servicios-55x60cm-resistente-y-antibacteriana","BOLSA DE BASURA 30L | 15 SERVICIOS | 55X60CM | RESISTENTE Y ANTIBACTERIANA","Bolsa de basura ultrarresistente de 30 litros , diseñada para un uso diario exigente tanto en hogar como en entornos profesionales. Fabricada con más del 80 % de plástico reciclado y 100 % reciclable , combina resistencia, higiene y compromiso medioambiental.
 Gracias a su material de 4 capas y triple sellado antigoteo , ofrece una gran dureza y seguridad incluso con residuos húmedos o pesados. Su galga reforzada garantiza una resistencia superior, evitando roturas y derrames.
 Incluye cierre fácil con autocierre , viene precortada para evitar tirones y facilitar su uso, y cuenta con grabado Laboncler que refuerza su calidad y resistencia.
 Además, incorpora tratamiento antibacteriano y un aroma ultraperfumado , aportando una sensación extra de limpieza y frescor.
 Certificada con la ecoetiqueta Blue Angel , avalando su calidad y menor impacto ambiental.
 Características principales:
 Capacidad: 30 litros 
 Tamaño: 55 × 60 cm 
 Rollo de 15 servicios 
 Material de 4 capas 
 Triple sellado antigoteo 
 Antibacteriana 
 Cierre fácil / autocierre 
 Más del 80 % plástico reciclado 
 100 % reciclable 
 Precortada 
 Colores brillantes y exclusivos
 Certificación Blue Angel 
 Una bolsa pensada para quienes no quieren elegir entre resistencia, comodidad y conciencia ecológica .","in stock","new","4.95 EUR","","https://aura-prestige.sumupstore.com/product/bolsa-de-basura-30l-15-servicios-55x60cm-resistente-y-antibacteriana","https://cdn.shopify.com/s/files/1/0958/5970/4190/files/bolsa_basura_30l.jpg","Laboncler","Hogar"
"bolsa-de-basura-120l-5-servicios-95x115cm-resistente-y-antibacteriana","BOLSA DE BASURA 120L | 5 SERVICIOS | 95X115CM | RESISTENTE Y ANTIBACTERIANA","Bolsa de basura y reciclaje 120L – Laboncler
 Cuando el volumen aumenta, la exigencia también. La bolsa de basura Laboncler de 120 litros está diseñada para quienes necesitan máxima capacidad, resistencia extrema y total seguridad , tanto en entornos domésticos como profesionales.
 Fabricada con más del 80 % de plástico reciclado y 100 % reciclable , combina sostenibilidad con un rendimiento sobresaliente. Su estructura de 4 capas y el triple sellado antigoteo garantizan una protección eficaz frente a roturas, filtraciones y residuos pesados o húmedos.
 La galga reforzada , considerada una de las más resistentes del mercado hasta la fecha, ofrece una dureza y grosor inigualables , incluso en usos intensivos. Además, incorpora grabado Laboncler , que refuerza el material y aporta identidad visual.
 Cuenta con tratamiento antibacteriano , aroma ultraperfumado y viene precortada , facilitando un uso rápido, cómodo y sin tirones. El cierre fácil con autocierre permite manipularla con seguridad y comodidad incluso cuando está llena.
 Certificada con la ecoetiqueta Blue Angel , que avala su calidad y su menor impacto ambiental.
 Detalles del producto:
 Capacidad: 120 litros 
 Medidas: 95 × 115 cm 
 Rollo de 5 bolsas 
 Material de 4 capas 
 Triple sellado antigoteo 
 Antibacteriana 
 Cierre fácil / autocierre 
 Más del 80 % de plástico reciclado 
 100 % reciclable 
 Precortada 
 Colores brillantes y exclusivos
 Certificación Blue Angel 
 Para cuando no hay margen de error. Porque hay bolsas que cumplen… y luego está Laboncler .","in stock","new","4.95 EUR","","https://aura-prestige.sumupstore.com/product/bolsa-de-basura-120l-5-servicios-95x115cm-resistente-y-antibacteriana","https://cdn.shopify.com/s/files/1/0958/5970/4190/files/BOLSA_BASURA_120L.jpg","Laboncler","Hogar"
"exfoliante-corporal-anticelulitico-lifting-y-firmeza-cannabis-ecologico-ecolatier","ECOLATIER Exfoliante Corporal Anticelulítico Lifting y Firmeza Cannabis Ecológico","Exfoliante Corporal Anticelulítico Lifting y Firmeza Cannabis Ecológico 
Estimula el drenaje linfático y actúa sobre las zonas problemáticas
Mejor firmeza y elasticidad de la piel
Aceite de cannabis
Sal marina
Cafeína
Jengibre en polvo
 98 % de ingredientes  de origen natural vegano
El Exfoliante Corporal ECOLATIER® de Cannabis Ecológico con principios activos naturales proporciona un efecto anticelulítico, estimula los procesos de drenaje linfático, actúa activamente sobre las zonas problemáticas del cuerpo. Mejora la firmeza y elasticidad de la piel
Ingrediente orgánico: El Aceite de Cannabis Ecológico obtenido por prensado en frío es extremadamente rico en ácidos grasos, omega y vitaminas. Su fórmula ligera y no grasa se absorbe rápidamente en la piel, no obstruye los poros, satura las células con elementos útiles y favorece la salud de la barrera cutánea. Protege las células de las inclemencias del clima, la deshidratación y los daños causados por la contaminación.
Ingredientes activos: La sal marina exfolia suavemente la piel, la enriquece con minerales y microelementos, activa la renovación de la epidermis
La cafeína y el jengibre en polvo regeneran, restauran, tensan, tonifican, mejoran el relieve cutáneo
 MODO DE EMPLEO:
 Aplicar sobre la piel húmeda, masajear suavemente y aclarar con agua tibia. Sólo para uso externo
Contenido: 300 g","in stock","new","8.75 EUR","","https://aura-prestige.sumupstore.com/product/ecolatier-exfoliante-corporal-anticelulitico-lifting-y-firmeza-cannabis-ecologico","https://cdn.shopify.com/s/files/1/0958/5970/4190/files/exfoliante-corporal-anticelulitico-lifting-firming-cannabis-ecologico.jpg","Laboncler","Ecolatier · Cuidado Corporal"
"kit-de-inicio-eco-jin-ice-mint","Kit de Inicio eco-Jin ICE MINT","KIT INICIO ECO-JIN ICE MINT 🌿❄️
 ⭐ ECO-JIN en formato de 1 litro con el nuevo aroma Ice Mint — fresco, intenso y ultraduradero.
 ⭐ 3 vaporizadores espumantes para que puedas preparar las diferentes mezclas de ECO-JIN.
 ⭐ Bayeta de microfibra de 30 x 40 cm.
  ⭐ Estropajo de lana de aluminio con jabón seco natural.
 ⭐ Estropajo salvauñas de fibras de poliéster.","in stock","new","21.95 EUR","","https://aura-prestige.sumupstore.com/product/kit-de-inicio-eco-jin-ice-mint","https://cdn.shopify.com/s/files/1/0958/5970/4190/files/kit_inicio_ice_mint.jpg","Laboncler","Packs"
"eco-jin-ice-mint-1-litro","Eco-Jin ICE MINT 1 Litro","ECO-JIN ICE MINT 1 LITRO 🌿❄️
 Casi dos años de desarrollo. Pruebas de estabilidad, temperatura e intensidad hasta dar con algo que no existía: un aroma fresco, envolvente y duradero que no sacrifica ni un gramo de la potencia que siempre ha definido a Eco-Jin. 💪✨
 Ice Mint huele a menta, eucalipto, hierbabuena y salvia 🌱☘️🌿 Una fragancia fría, verde e intensa que se queda mucho después de que termines de limpiar. De esas que no pasan desapercibidas. 😍
 Y limpia igual que siempre, porque su fuerza no ha cambiado ⚡ Disuelve manchas en todo tipo de superficies y tejidos, desengrasa de verdad y restaura el aspecto natural de lo que tocas. Sin vapores tóxicos ❌🧪, sin agredir tu piel 🤍, sin riesgo para tus mascotas 🐾 ni para el medio ambiente 🌍.
 Un litro concentrado con cuatro niveles de dilución, desde la limpieza más delicada hasta la más exigente 💧 Para el hogar, los vehículos y cualquier superficie lavable. Con un solo producto.
 Disponible exclusivamente en Laboncler y sus distribuidoras oficiales 🏆✨

Opciones disponibles: Lo quiero con DIFUSOR · Prefiero Bayeta y Estropajo
Indícanos la opción que quieres al hacer el pedido.","in stock","new","16.45 EUR","","https://aura-prestige.sumupstore.com/product/eco-jin-ice-mint-1-litro","https://cdn.shopify.com/s/files/1/0958/5970/4190/files/eco-Jin_Ice_Mint_c_difusor.png","Laboncler","ECO-JIN Multiusos"
"bidon-eco-jin-ice-mint-5l-3-vaporizadores","Bidón eco-Jin ICE MINT 5L + 3 VAPORIZADORES","ECO-JIN ICE MINT 5 LITROS + 3 VAPORIZADORES 
 ⭐ ECO-JIN en formato garrafa de 5 litros con el nuevo aroma Ice Mint — fresco, intenso y ultraduradero.
 ⭐ 3 vaporizadores espumantes para que puedas preparar las diferentes mezclas de ECO-JIN.","in stock","new","60.39 EUR","","https://aura-prestige.sumupstore.com/product/bidon-eco-jin-ice-mint-5l-3-vaporizadores","https://cdn.shopify.com/s/files/1/0958/5970/4190/files/eco-Jin_Ice_Mint_5L_c_difusor.png","Laboncler","ECO-JIN Multiusos"
"bayeta-de-acero-inoxidable","BAYETA TITANIO DE ACERO INOXIDABLE (PACK DE 5 UDS)","LAS BAYETAS MÁS VIRALES DE TIKTOK PERO MEJORADAS POR Laboncler 
 Más grandes, más efectivas, más duraderas, ANTIBACTERIAS Y ANTIARAÑAZOS. 
 • Paño de limpieza de acero inoxidable tratado .
 • Un paño de limpieza plata con un poder de fregado superior, abordando eficazmente las manchas difíciles en utensilios de cocina y superficies
varias, cristales, espejos, aluminios, metales y lozas...
 • Diseño de doble capa. Este diseño hace que los trapos de alambre sean ideales para limpiar ollas, sartenes, platos y otros utensilios culinarios.
 • Acción espumosa. Diseñados con pequeñas aberturas que producen una generosa espuma, asegurando una limpieza eficiente, incluso usando menos Chronos.
 • Antiarañazos y duraderos. Lana de acero inoxidable de alta calidad, muy duraderos y con un arrastre brutal. Sin arañazos ni daños.
 • ANTIBACTERIANOS. En Sus cerdas no proliferan los malos olores ni las bacterias.
• SE LIMPIAN FÁCILMENTE y no dejan residuos.
 Tamaño 25 × 25 
 Pack de 5 unidades","in stock","new","4.00 EUR","","https://aura-prestige.sumupstore.com/product/bayeta-titanio-de-acero-inoxidable-pack-de-5-uds","https://cdn.shopify.com/s/files/1/0958/5970/4190/files/bayeta-titanio.jpg","Laboncler","Packs"
"set-dispensadores-aptos-para-detergente-y-para-uso-alimentario","SET DISPENSADORES APTOS PARA DETERGENTE Y PARA USO ALIMENTARIO","Aptos para detergente y también para uso alimentario 
 Organiza tu zona de lavado (y tu hogar) con el set oficial de dispensadores Laboncler. Diseñados para ofrecer orden, comodidad y durabilidad , estos envases rígidos son perfectos para tus productos de limpieza… y también completamente aptos para uso alimentario , demostrando su alta calidad y seguridad.
 Incluye tres tamaños pensados para adaptarse a cualquier necesidad.
 📦  ¿Qué incluye el set? 
 🫙 Dispensador 3.0 L 
 Ideal para detergentes, suavizantes o grandes volúmenes de producto.
 🫙 Dispensador 2.5 L 
 Perfecto para lavavajillas, limpiadores o alimentos líquidos.
 🫙 Dispensador 1.7 L 
 Compacto, manejable y perfecto para productos de uso frecuente.
 ⭐  Características principales 
 ✔ Aptos para uso alimentario Garantizan seguridad total tanto para productos de limpieza como para alimentos líquidos.
 ✔ Tapón dosificador incluido Facilita la medida exacta en cada uso.
 ✔ Plástico rígido y resistente Durabilidad garantizada incluso con un uso frecuente.
 ✔ Líneas de medición visibles Control total del contenido que queda en cada envase.
 ✔ Diseño limpio y profesional Ideal para hogares, lavanderías y negocios que buscan orden y estética.
 ✔ Reutilizables y fáciles de limpiar Pensados para durar.
 🌟 ¿Para qué puedes usarlos? 
 Detergente
 Suavizante
 Lavavajillas (manual o máquina)
 Geles y líquidos de limpieza
 Agua, aceites, bebidas o alimentos líquidos
 Jabón doméstico
 Organizar productos en tu lavandería o cocina
 💚 Por qué te encantarán 
 Porque son resistentes, bonitos, aptos para alimentación y encajan perfectamente con los productos Laboncler. Una inversión en orden, higiene y comodidad.","in stock","new","27.45 EUR","","https://aura-prestige.sumupstore.com/product/set-dispensadores-aptos-para-detergente-y-para-uso-alimentario","https://cdn.shopify.com/s/files/1/0958/5970/4190/files/DISPENSADORES.jpg","Laboncler","Packs"
"turbo-scent-blue-moon","TURBO BLUE MOON","Los nuevos TURBO - SCENT De Laboncler 
 Aromas que impactan con tan solo una pulsación ‼️‼️
 Adéntrate en tecnología futurista de la ambientación
El Turbo - Scent de Laboncler asegura un perfume exclusivo.
 Dispositivo de reconocida durabilidad...
3 fragancias diferentes...
 EL AROMA DE TU CASA LLEVADO A OTRO NIVEL 
 Fragancia aristócrata, de calidad extraordinaria.
Una fusión de maderas de roble, pino y nogal...
Con un toque de mar y brisa fresca.
Toques finales de ámbar , talco y noche.
 Con una única pulsación Turbo - Scent es capaz de perfumar y a su vez desodorizar,
Hasta 150 m³ durante 24 horas completas asegurando una cobertura total, de duración inigualable.
 Turbo - Scent Es la innovadora fórmula para quienes buscan la eficiencia sin comprometer la calidad del Aire.
 Experimenta el Aroma de un Hogar Limpio, la atmósfera perfecta...
Un estilo impecable...
 Contenido: 750ml","in stock","new","15.95 EUR","","https://aura-prestige.sumupstore.com/product/turbo-blue-moon","https://cdn.shopify.com/s/files/1/0958/5970/4190/files/TURBO-BLUE-MOON.jpg","Laboncler","Ambientación"
"turbo-scent-eucalipto","TURBO SCENT EUCALIPTO","Los nuevos TURBO - SCENT De Laboncler 
 Aromas que impactan con tan solo una pulsación ‼️‼️
 Adéntrate en tecnología futurista de la ambientación
El Turbo - Scent de Laboncler asegura un perfume exclusivo.
 Dispositivo de reconocida durabilidad...
3 fragancias diferentes...
 EL AROMA DE TU CASA LLEVADO A OTRO NIVEL 
 Fragancia Leal y de calidad indiscutible.
Tonos que crepitan a menta, eucalipto y almizcles
Una dosis de frescor y color inconfundibles...
Toques finales de ámbar y Limón.
 ESPECIAL HUMOS DEL TABACO. 
 Con una única pulsación Turbo - Scent es capaz de perfumar y a su vez desodorizar,
Hasta 150 m³ durante 24 horas completas asegurando una cobertura total, de duración inigualable.
 Turbo - Scent Es la innovadora fórmula para quienes buscan la eficiencia sin comprometer la calidad del Aire.
 Experimenta el Aroma de un Hogar Limpio, la atmósfera perfecta...
Un estilo impecable...
 Contenido: 750ml","in stock","new","15.95 EUR","","https://aura-prestige.sumupstore.com/product/turbo-scent-eucalipto","https://cdn.shopify.com/s/files/1/0958/5970/4190/files/TURBO-EUCALIPTO.jpg","Laboncler","Ambientación"
"turbo-scent-flora","TURBO SCENT FLORA","Los nuevos TURBO - SCENT De Laboncler 
 Aromas que impactan con tan solo una pulsación ‼️‼️
 Adéntrate en tecnología futurista de la ambientación
El Turbo - Scent de Laboncler asegura un perfume exclusivo.
 Dispositivo de reconocida durabilidad...
3 fragancias diferentes...
 EL AROMA DE TU CASA LLEVADO A OTRO NIVEL 
 Fragancia Noble, de altísima calidad.
Evoca a un jardín idílico.
Combina un sorbete de frutas con un acorde Floral y empolvado.
Melón, manzana y sandía fundidos entre jazmín sambac y lirio de los valles...
Toques finales de musgo, madera y rosas.
 Con una única pulsación Turbo - Scent es capaz de perfumar y a su vez desodorizar,
Hasta 150 m³ durante 24 horas completas asegurando una cobertura total, de duración inigualable.
 Turbo - Scent Es la innovadora fórmula para quienes buscan la eficiencia sin comprometer la calidad del Aire.
 Experimenta el Aroma de un Hogar Limpio, la atmósfera perfecta...
Un estilo impecable...
 Contenido: 750ml","in stock","new","15.95 EUR","","https://aura-prestige.sumupstore.com/product/turbo-scent-flora","https://cdn.shopify.com/s/files/1/0958/5970/4190/files/TURBO-FLORA.jpg","Laboncler","Ambientación"
"pano-microfibra-velisso-escoba-interiores-o-exteriores-a-elegir","Paño Microfibra Velisso + Escoba INTERIORES O EXTERIORES A ELEGIR","Pack Velisso + Escoba Laboncler 
 La forma más cómoda de dejar tu casa impecable.
 Pones Velisso en la escoba, lo humedeces y limpias. El paño de microfibra atrapa pelos, polvo y pelusas de una pasada, y deja ese brillo limpio en porcelánico, mármol, parquet, terrazo y cualquier suelo liso.
 Eliges la escoba que mejor te venga:
 🟡 Interiores — cerda suave, perfecta para suelos delicados.
 ⚫ Exteriores — cerda resistente para patios, terrazas y zonas de más trote.
 Velisso es súper absorbente, no raya y no deja marcas. Con sus 75x60cm cubres mucho suelo en pocos movimientos.
 El resultado es ese brillo que te resetea la cabeza nada más entrar en casa.
 ⚠️ No apto para suelos rugosos.

Opciones disponibles: Interiores · Exteriores
Indícanos la opción que quieres al hacer el pedido.","in stock","new","19.90 EUR","","https://aura-prestige.sumupstore.com/product/pano-microfibra-velisso-escoba-interiores-o-exteriores-a-elegir","https://cdn.shopify.com/s/files/1/0958/5970/4190/files/pack_velisso_escoba.jpg","Laboncler","Hogar"
"pack-perla-del-alba-step-1-step-2-rubina-beauty","PACK PERLA DEL ALBA STEP 1 + STEP 2 RUBINA BEAUTY","PERLA DEL ALBA · PACK STEP 1 + STEP 2
 Rutina completa para tono y luminosidad 
 El Pack Perla del Alba reúne los dos pasos de la rutina para un cuidado más completo del tono y la luminosidad de la piel.
 Step 1 (50 ml): activo despigmentante con SPF 20 para iniciar la rutina
 Step 2 (300 ml): crema con Chromabright® + SPF 20 para completar y mantener el cuidado diario
 Por qué este pack funciona como rutina: 
 Dos pasos pensados para usar a diario y de forma continuada
 Enfoque de cuidado en zonas localizadas (rostro y cuerpo)
 Fórmulas con SPF 20 para apoyar el mantenimiento del cuidado
 Modo de empleo recomendado: 
 Step 1 sobre piel limpia (zona a tratar)
 Step 2 para completar la rutina","in stock","new","39.90 EUR","","https://aura-prestige.sumupstore.com/product/pack-perla-del-alba-step-1-step-2-rubina-beauty","https://cdn.shopify.com/s/files/1/0958/5970/4190/files/step1step2packperladelalba.jpg","Laboncler","Packs"
"despigmentante-perla-del-alba-50ml-step-1-rubina-beauty","DESPIGMENTANTE PERLA DEL ALBA 50ML STEP 1 RUBINA BEAUTY","PERLA DEL ALBA · STEP 1
 Activo despigmentante con SPF 20 (50 ml) 
 Perla del Alba Step 1 es el primer paso de la rutina Rubina Beauty para mejorar el aspecto de las manchas y unificar el tono de la piel. Su fórmula incorpora SPF 20 y el activo Chromabright® , pensado para acompañar el cuidado diario de zonas con tono irregular.
 Ideal para usar en rostro, cuello, escote y también en zonas corporales como axilas, ingles, codos y rodillas .
 Lo que notarás con el uso constante: 
 Ayuda a unificar el tono y mejorar la apariencia del tono desigual 
 Aporta luminosidad y sensación de piel más cuidada
 SPF 20 para apoyar la protección diaria
 Características: 
 Con Chromabright® 
 Vegano 
 Certificación Halal 
 Modo de uso: aplicar sobre piel limpia en la zona deseada y masajear hasta su absorción. Después, continuar con Step 2 .","in stock","new","19.95 EUR","","https://aura-prestige.sumupstore.com/product/despigmentante-perla-del-alba-50ml-step-1-rubina-beauty","https://cdn.shopify.com/s/files/1/0958/5970/4190/files/despigmentantepiedradelalbarubinabeauty.jpg","Laboncler","Rubina Beauty"
"despigmentante-perla-del-alba-300ml-step-2-rubina-beauty","DESPIGMENTANTE PERLA DEL ALBA 300ML STEP 2 RUBINA BEAUTY","PERLA DEL ALBA · STEP 2
 Crema con Chromabright® y SPF 20 (300 ml) 
 Perla del Alba Step 2 es el segundo paso de la rutina. Una crema de uso diario que combina Chromabright® , SPF 20 y una selección de ingredientes cosméticos para aportar confort , luminosidad y una apariencia de piel más uniforme.
 Pensada para quienes buscan una rutina completa para el cuidado del tono, tanto en rostro como en zonas del cuerpo que suelen presentar tono irregular.
 Beneficios cosméticos: 
 Ayuda a mantener el tono más uniforme 
 Contribuye a una piel con mejor aspecto y más luminosa 
 SPF 20 para reforzar el cuidado diario
 Textura agradable para uso continuado
 Ingredientes destacados (según fórmula): 
 Chromabright® 
 Componentes cosméticos como arcillas , sal del Mar Muerto , miel y camelia (según versión/formulación)
 Características: 
 Vegano 
 Certificación Halal 
 Modo de uso: tras aplicar Step 1 , aplicar Step 2 en la misma zona y masajear suavemente hasta su absorción.","in stock","new","22.95 EUR","","https://aura-prestige.sumupstore.com/product/despigmentante-perla-del-alba-300ml-step-2-rubina-beauty","https://cdn.shopify.com/s/files/1/0958/5970/4190/files/despigmentantestep2.jpg","Laboncler","Rubina Beauty"
"fregasuelos-multiusos-magnolia-imperium-5l-ph-neutro-secado-rapido-aroma-floral-premium","Fregasuelos Multiusos Magnolia Imperium (5L) – pH neutro | secado rápido | aroma floral premium","Lo nuevo de Laboncler se llama Magnolia Imperium . Un fregasuelos multiusos pH neutro , pensado para el día a día: limpia, seca rápido y deja las superficies con un acabado limpio, sin sensación pegajosa.
 Su aroma es protagonista: Camelia, Gardenia y Magnolia , elegante y duradero. De esos que notas nada más entrar.
 ¿Qué lo hace especial?
 pH neutro , apto para uso frecuente
 Secado ultrarrápido 
 Acabado sin huellas ni marcas 
 Efecto antiestático (ayuda a que el polvo no “se pegue” tan fácil)
 Con bioalcohol de origen vegetal y extractos botánicos
 Formato y precio
 Garrafa 5 litros 
 Precio especial de lanzamiento: 15 € (solo hasta el 12 de abril )
 Después vuelve a su precio habitual: 19,95 € .
 Si quieres un producto que deje tu casa limpia y con un aroma que se queda… Magnolia Imperium es para ti.","in stock","new","20.00 EUR","15.00 EUR","https://aura-prestige.sumupstore.com/product/fregasuelos-multiusos-magnolia-imperium-5l-ph-neutro-secado-rapido-aroma-floral-premium","https://cdn.shopify.com/s/files/1/0958/5970/4190/files/magnolia_imperium.jpg","Laboncler","Ofertas del Mes"
"escobilla-mini-angular","ESCOBILLA MINI ANGULAR","ESCOBILLA PARA ZÓCALOS, RODAPIES Y ALTILLOS 
Cepillo mediano, curvado, con cerdas largas y semiduras.
Especial Rodapies, Zócalos, Altillos y Rinconeras.
Púas de arrastre.
Con resistencia a las lejías y químicos agresivos.","in stock","new","5.45 EUR","","https://aura-prestige.sumupstore.com/product/escobilla-mini-angular","https://cdn.shopify.com/s/files/1/0958/5970/4190/files/ESCOBILLA-MINI-ZOCALOS.jpg","Laboncler","Hogar"
"escoba-mixta-interiores-y-exteriores","ESCOBA MIXTA INTERIORES Y EXTERIORES","ESCOBA MIXTA (Doble cerda) PARA INTERIORES Y EXTERIORES. 
Doble función.
Con cerdas suaves y cerdas duras.
Sistema de hilado en haces internos con Forma de cruz.
(Para que las púas no se suelten )
 SUPER POBLADA Y DURADERA‼‼‼ 
Ideal para suelos rugosos de interior y exterior.
Barrido sin levantar polvo, abarcando gran superficie.
La mitad del cepillo posee un efecto electrostático que atrapa pelos, moléculas de polvo y pelusas de raíz.
La otra mitad arrastra de una forma alucinante las hojas y los residuos más gruesos ‼‼😱
Base Ultrarresistente a los golpes.
Con Rosca de sujeción Fija (Para no romper el palo)
Resistencia a las lejías, químicos agresivos, a la fricción, a las bajas y altas temperaturas.","in stock","new","10.95 EUR","","https://aura-prestige.sumupstore.com/product/escoba-mixta-interiores-y-exteriores","https://cdn.shopify.com/s/files/1/0958/5970/4190/files/ESCOBA-MIXTA-INT-EXT.jpg","Laboncler","Hogar"
"escoba-de-interiores","ESCOBA DE INTERIORES","ESCOBA PARA INTERIORES. (ESPECIAL SUELOS DELICADOS) 
Arrastre sin igual.
Innovadora fórmula de hilado en haces internos con Forma de cruz de una calidad jamás lograda.
(Para que las púas no se suelten )
SUPER POBLADA Y DURADERA ‼‼
Barrido suave, cómodo y sin levantar suciedad.
Efecto electrostático que Atrapa pelos, moléculas de polvo y pelusas de raíz 😱
Una locura de ESCOBÓN.
Base Ultraresistente a los golpes.
Con Rosca de sujeción Fija (para no romper el palo)
Resistencia a las lejías, químicos agresivos, a la fricción, a las bajas y altas temperaturas.
 UNA ESCOBA PARA TODA LA VIDA ‼‼","in stock","new","10.95 EUR","","https://aura-prestige.sumupstore.com/product/escoba-de-interiores","https://cdn.shopify.com/s/files/1/0958/5970/4190/files/ESCOBA-INTERIORES.jpg","Laboncler","Hogar"
"combo-escobero-intextmini-zocalos","COMBO ESCOBERO (INT+MIXTA+MINI ZOCALOS)","COMBO ESCOBERO SET CON 3 ESCOBAS: 
 💛 INTERIOR 
 💛 MIXTA PARA INTERIORES Y EXTERIORES 
 💛 Y CEPILLO DE ZÓCALOS 
Efecto electrostático que Atrapa pelos, moléculas de polvo y pelusas.
Base Ultrarresistente a los golpes.
Rosca de sujeción Fija.
Resistencia a los químicos agresivos.","in stock","new","25.25 EUR","","https://aura-prestige.sumupstore.com/product/combo-escobero-int-mixta-mini-zocalos","https://cdn.shopify.com/s/files/1/0958/5970/4190/files/COMBO-ESCOBERO-3-UDS.jpg","Laboncler","Packs"
"pack-doble-detergente-y-suavizante-combina-como-quieras","Pack Doble Detergente y Suavizante - Combina como quieras","Nuevos aromas disponibles  
 El pack más completo y versátil de Laboncler llega renovado, con nuevos aromas tanto en el detergente Gel Activo como en el suavizante. Pensado para quienes quieren eficacia real, un espacio de lavandería más ordenado y perfumes irresistibles en cada lavado.
 ✨ ¿Qué incluye este pack? 
 🧴 1. Detergente Gel Activo – Nuevos aromas disponibles 
 Nuestro detergente exclusivo, con fórmula biodegradable y rendimiento superior, ahora con variedad ampliada de fragancias para que elijas la que más encaja contigo.
 Aromas disponibles del Gel Activo: 
 🥥 Jabón de Coco (clásico fresco y limpio)
 🌿 Aroma Tradicional GEL ACTIVO (el favorito de siempre, vuelve mejorado)
 Beneficios del Gel Activo: 
 Limpieza profunda incluso en manchas difíciles
 Respeta tejidos y colores
 Perfume más duradero que un detergente convencional
 Basado en la eficacia real de Eco-Jin
 🌺  2. Suavizante Laboncler – Nuevas fragancias premium 
 Una fórmula suave, con microcápsulas de larga duración y perfumes únicos creados en exclusiva.
 Aromas disponibles: 
 🥥 Coco Damasco (el nuevo aroma estrella: dulce, cálido y envolvente)
 🌸 Blume Poison (floral–intenso, elegante y memorable)
 Beneficios del suavizante: 
 Suavidad profunda que cuida cada fibra
 Olor que permanece en lavado, armario y uso diario
 Fragancias premium creadas por nuestro laboratorio

Opciones disponibles: Detergente GEL ACTIVO / Detergente GEL ACTIVO · Detergente GEL ACTIVO / Detergente AL JABÓN DE COCO · Detergente GEL ACTIVO / Suavizante COCO DAMASCO · Detergente GEL ACTIVO / Suavizante BLUME POISON · Detergente AL JABÓN DE COCO / Detergente GEL ACTIVO · Detergente AL JABÓN DE COCO / Detergente AL JABÓN DE COCO · Detergente AL JABÓN DE COCO / Suavizante COCO DAMASCO · Detergente AL JABÓN DE COCO / Suavizante BLUME POISON · Suavizante COCO DAMASCO / Detergente GEL ACTIVO · Suavizante COCO DAMASCO / Detergente AL JABÓN DE COCO · Suavizante COCO DAMASCO / Suavizante COCO DAMASCO · Suavizante COCO DAMASCO / Suavizante BLUME POISON · Suavizante BLUME POISON / Detergente GEL ACTIVO · Suavizante BLUME POISON / Detergente AL JABÓN DE COCO · Suavizante BLUME POISON / Suavizante COCO DAMASCO · Suavizante BLUME POISON / Suavizante BLUME POISON
Indícanos la opción que quieres al hacer el pedido.","in stock","new","29.59 EUR","","https://aura-prestige.sumupstore.com/product/pack-doble-detergente-y-suavizante-combina-como-quieras","https://cdn.shopify.com/s/files/1/0958/5970/4190/files/pack_doble_detergente.jpg","Laboncler","Packs"
"pack-duo-chronos-black","Pack Dúo Chronos Black","La saga continúa… por partida doble.
 Si uno ya es un bombazo, imagina dos. El Pack x2 CHRONOS BLACK reúne dos unidades del lavavajillas manual más oscuro y más intenso de Laboncler: negro, mega concentrado y con un aroma dulce brutal a Cereza Rainier y caramelo .
 Perfecto para quienes lo usan a diario, para familias, para segundas residencias o para tener uno en uso y otro de reserva .
 ⭐ ¿Qué incluye?
 2 x CHRONOS BLACK (lavavajillas manual)
 ⭐ ¿Por qué este pack compensa?
 Mega concentrado 
 Super espumante 
 Gran poder desengrasante 
 pH 7,5 
 Ayuda a neutralizar malos olores , dejando un rastro aromático duradero
 Ahorro y reposición inteligente: doble unidad, doble tranquilidad 
 🍒 Aroma CHRONOS BLACK
 Cereza Rainier + caramelo Dulce, tipo golosina, con presencia. Deja la cocina con esa sensación de limpieza que se nota.
 ✅ Modo de uso recomendado
 Dosificar 5 a 10 g directamente sobre el estropajo o 
 Mezclar agua y Chronos a partes iguales en un dispensador y listo para usar","in stock","new","11.00 EUR","","https://aura-prestige.sumupstore.com/product/pack-duo-chronos-black","https://cdn.shopify.com/s/files/1/0958/5970/4190/files/Duo_Pack.jpg","Laboncler","Packs"
"lavavajillas-chronos-black-750-ml","Lavavajillas Chronos Black (750 ml)","La fuerza de otro titán. La saga continúa.
 Llega CHRONOS BLACK , el lavavajillas manual más oscuro y más intenso de Laboncler. Negro , mega concentrado y con un aroma que no pasa desapercibido: Cereza Rainier y caramelo . Dulce, potente, adictivo.
 Un Chronos pensado para el uso diario, con un rendimiento alto en el lavado de cristalería, baterías de cocina, ollas y utensilios .
 ⭐ ¿Qué lo hace especial?
 Mega concentrado 
 Super espumante 
 Gran poder desengrasante 
 pH 7,5 
 Ayuda a neutralizar malos olores , dejando un rastro aromático duradero
 🍒 Aroma CHRONOS BLACK
 Cereza Rainier + caramelo Un perfume dulce tipo golosina, con presencia, que deja la cocina con una sensación de limpieza que se nota.
 Modo de uso recomendado
 Dosificar 5 a 10 g directamente sobre el estropajo o 
 Mezclar agua y Chronos a partes iguales en un dispensador y listo para usar","in stock","new","6.55 EUR","","https://aura-prestige.sumupstore.com/product/lavavajillas-chronos-black-750-ml","https://cdn.shopify.com/s/files/1/0958/5970/4190/files/Chronos_Black_unidad.jpg","Laboncler","Hogar"
"etiquetas-laboncler-imborrables-y-resistentes-a-quimicos","Etiquetas Laboncler – Imborrables y resistentes a químicos","Si usas varias mezclas, esto te cambia la vida. Las Etiquetas Laboncler están pensadas para que tengas tu zona de limpieza ordenada y clara , sin confusiones y sin “¿qué llevaba este bote?”.
 Son etiquetas imborrables , con tinta indeleble resistente a químicos , para que puedas identificar en todo momento la mezcla que llevas en tu vaporizador Premium ECO-JIN (o en cualquier difusor que uses en casa o en el trabajo).
 ✅ Identifica tus mezclas de forma rápida ✅ No se borran con el uso ni con productos ✅ Mantén tus vaporizadores siempre organizados ✅ “Tu mezcla perfecta, siempre a mano”","in stock","new","0.80 EUR","","https://aura-prestige.sumupstore.com/productos","https://cdn.shopify.com/s/files/1/0958/5970/4190/files/etiquetas_laboncler.jpg","Laboncler","Otros"
"difusor-eco-jin-premium-perla-o-grafito-etiquetas-imborrables","Difusor ECO-JIN Premium (Perla o Grafito) + Etiquetas imborrables","Tu limpieza puede ser eficaz… y además verse bien. El Difusor ECO-JIN Premium está pensado para quienes quieren orden, estética y funcionalidad en un solo vaporizador. Ideal para cocina, salón o zona de trabajo: encaja con cualquier mobiliario y elimina el “ruido visual” de los botes de siempre.
 Dos acabados premium a elegir
 ⚪ Perla Acabado brillante y nacarado , con un relieve sutil que aporta un toque elegante.
 ⚫ Grafito Acabado rugoso y sofisticado , entre mate y brillo, con presencia y carácter.
 Pistola de doble función
 El gatillo incluye dos modos de uso :
 Espumante 
 Disparo líquido 
 Para adaptar la aplicación según la superficie y el tipo de mezcla.
 Etiquetas imborrables incluidas
 Incluye etiquetas de disolución con tinta indeleble , resistente a químicos, para identificar en todo momento qué mezcla llevas en tu vaporizador Premium.
 Además, el logotipo Laboncler aparece grabado de forma tenue y en relieve, aportando un acabado discreto y cuidado.
 Disponible en: Perla o Grafito (con etiquetas incluidas).

Opciones disponibles: Perla · Grafito
Indícanos la opción que quieres al hacer el pedido.","in stock","new","4.95 EUR","","https://aura-prestige.sumupstore.com/product/difusor-eco-jin-premium-perla-o-grafito-etiquetas-imborrables","https://cdn.shopify.com/s/files/1/0958/5970/4190/files/difusor_premiun_perla.jpg","Laboncler","Hogar"
"guantes-de-nitrilo-ultraresistente-negros","GUANTES DE NITRILO ULTRARESISTENTE NEGROS","Más resistente y protector que cualquier guante desechable puesto en el mercado.
 Los guantes de nitrilo Laboncler están diseñados para trabajos exigentes donde necesitas agarre, resistencia y comodidad . Son una opción ideal tanto para limpieza doméstica como para uso profesional en sectores como automoción, industria, almacenes, alimentación o laboratorios .
 Fabricados sin látex y sin polvo , son ambidiestros y cuentan con texturizado en palma y dorso con patrón de diamante, ofreciendo un agarre firme tanto en seco como en húmedo .
 Características principales
 Nitrilo ultraresistente (color negro)
 Sin látex / sin polvo 
 Ambidiestros 
 Texturizado palma + dorso (patrón diamante) para mejor agarre
 Grosor reforzado para tareas intensivas
 Adecuados para trabajar con productos químicos (según compatibilidad)
 Categoría III 
 Peso aproximado: 8,4 g por guante 
 Resistencia a temperaturas de hasta 45 ºC 
 100% reciclables 
 3 certificados ISO y control de calidad recurrente
 Usos recomendados
 Limpieza profesional y doméstica
 Automoción y talleres
 Industria química
 Agricultura
 Imprenta
 Alimentación
 Laboratorios y entornos técnicos
 Formato y tallas
 Caja de 100 unidades 
 Tallas:  S, M, L, XL, XXL 
 En XL y XXL la caja incluye 90 unidades 
 (*Los guantes de la talla S, no llevan relieve diamantado, y su grosor es de 5.5 gramos, y se servirán en caja blanca
Su precio es más económico.
Su efectividad contra virus y bacterias es exactamente igual al resto, una locura‼️) 
 Si necesitas guantes que aguanten de verdad, estos están hechos para eso: resistencia, agarre y trabajo seguro .

Opciones disponibles: XL · XXL
Indícanos la opción que quieres al hacer el pedido.","in stock","new","12.90 EUR","","https://aura-prestige.sumupstore.com/product/guantes-de-nitrilo-ultraresistente-negros","https://cdn.shopify.com/s/files/1/0958/5970/4190/files/GUANTESFLASH.jpg","Laboncler","Hogar"
"negraesencia","Lámpara Catalítica NEGRA 200ml+Esencia 200ml","PACK LAMPARA CATALITICA + ESENCIA A ELEGIR 200ml 
Lámpara catalítica artesanal Negra.
Utilizada desde el año 1930 en hospitales, quirófanos y comedores de la alta sociedad para eliminar, purificar y perfumar ambientes.
· Humo de tabaco
· Malos olores
Un ambientador que filtra el ambiente creando un halo puro, saludable, de fragancia exclusiva y duradera. Preservando las notas y la gran calidad
olfativa de las fragancias durante mucho tiempo.
¡NO ES ELÉCTRICA. ACCIÓN EN SÓLO 2 MINUTOS!
Es decorativa, de precioso aspecto y ofrece la mejor difusión del aroma para perfumar amplias estancias (salón, baños, cocinas, oficinas...) además son
muy fáciles de usar.
Tenemos una amplia colección de lámparas de diferentes aromas que le darán a tu hogar ese toque majestuoso, único y distinguido.
 Modo d e uso: 
1. Llene la lámpara a 3/4 de su capacidad e introduzca la mecha sin encender dejándola empapar unos 15 minutos.
2. Encienda la mecha con un mechero. Mantenga la llama por dos minutos.
3. Al cabo de dos minutos (la llama reducirá considerablemente su tamaño) sople la llama para apagarla.
4. Ponga el cabezal agujereado decorativo de capuchón (cabezal protector)
5. Cuando se desee apagar, ponga el capuchón de metal cerrado para ahogar la combustión.
6. Se aconseja un uso continuado de 20-30 minutos. Después apagar para evitar gasto innecesario.
---
 Tenga especial cuidado: 
 No deje la lámpara llena al alcance de los niños ni de las mascotas.  
 Aleje la lámpara de fuentes de calor y evite situarla encima de radiadores o fuentes térmicas. Contiene alcohol isopropílico de base. 
200ml de capacidad.","in stock","new","38.39 EUR","35.90 EUR","https://aura-prestige.sumupstore.com/product/lampara-catalitica-negra-200ml-esencia-200ml","https://cdn.shopify.com/s/files/1/0958/5970/4190/files/LC-NEGRA-1.jpg","Laboncler","Ofertas Flash"
"mosaico-bicoloresencia","Lámpara Catalítica BICOLOR 200ml+Esencia 200ml","PACK LAMPARA CATALITICA + ESENCIA A ELEGIR 200ml 
Lámpara catalítica artesanal mosaico bicolor.
Utilizada desde el año 1930 en hospitales, quirófanos y comedores de la alta sociedad para eliminar, purificar y perfumar ambientes.
· Humo de tabaco
· Malos olores
Un ambientador que filtra el ambiente creando un halo puro, saludable, de fragancia exclusiva y duradera. Preservando las notas y la gran calidad
olfativa de las fragancias durante mucho tiempo.
¡NO ES ELÉCTRICA. ACCIÓN EN SÓLO 2 MINUTOS!
Es decorativa, de precioso aspecto y ofrece la mejor difusión del aroma para perfumar amplias estancias (salón, baños, cocinas, oficinas...) además son
muy fáciles de usar.
Tenemos una amplia colección de lámparas de diferentes aromas que le darán a tu hogar ese toque majestuoso, único y distinguido.
 Modo d e uso: 
1. Llene la lámpara a 3/4 de su capacidad e introduzca la mecha sin encender dejándola empapar unos 15 minutos.
2. Encienda la mecha con un mechero. Mantenga la llama por dos minutos.
3. Al cabo de dos minutos (la llama reducirá considerablemente su tamaño) sople la llama para apagarla.
4. Ponga el cabezal agujereado decorativo de capuchón (cabezal protector)
5. Cuando se desee apagar, ponga el capuchón de metal cerrado para ahogar la combustión.
6. Se aconseja un uso continuado de 20-30 minutos. Después apagar para evitar gasto innecesario.
---
 Tenga especial cuidado: 
 No deje la lámpara llena al alcance de los niños ni de las mascotas.  
 Aleje la lámpara de fuentes de calor y evite situarla encima de radiadores o fuentes térmicas. Contiene alcohol isopropílico de base. 
200ml de capacidad.","in stock","new","38.39 EUR","35.90 EUR","https://aura-prestige.sumupstore.com/product/lampara-catalitica-bicolor-200ml-esencia-200ml","https://cdn.shopify.com/s/files/1/0958/5970/4190/files/LC-BICOLOR-1.jpg","Laboncler","Ofertas Flash"
"lilaesencia","Lámpara Catalítica LILA 200ml+Esencia 200ml","PACK LAMPARA CATALITICA + ESENCIA A ELEGIR 200ml
Lámpara catalítica artesanal Lila.
Utilizada desde el año 1930 en hospitales, quirófanos y comedores de la alta sociedad para eliminar, purificar y perfumar ambientes.
· Humo de tabaco
· Malos olores
Un ambientador que filtra el ambiente creando un halo puro, saludable, de fragancia exclusiva y duradera. Preservando las notas y la gran calidad
olfativa de las fragancias durante mucho tiempo.
¡NO ES ELÉCTRICA. ACCIÓN EN SÓLO 2 MINUTOS!
Es decorativa, de precioso aspecto y ofrece la mejor difusión del aroma para perfumar amplias estancias (salón, baños, cocinas, oficinas...) además son
muy fáciles de usar.
Tenemos una amplia colección de lámparas de diferentes aromas que le darán a tu hogar ese toque majestuoso, único y distinguido.
 Modo d e uso: 
1. Llene la lámpara a 3/4 de su capacidad e introduzca la mecha sin encender dejándola empapar unos 15 minutos.
2. Encienda la mecha con un mechero. Mantenga la llama por dos minutos.
3. Al cabo de dos minutos (la llama reducirá considerablemente su tamaño) sople la llama para apagarla.
4. Ponga el cabezal agujereado decorativo de capuchón (cabezal protector)
5. Cuando se desee apagar, ponga el capuchón de metal cerrado para ahogar la combustión.
6. Se aconseja un uso continuado de 20-30 minutos. Después apagar para evitar gasto innecesario.
---
 Tenga especial cuidado: 
 No deje la lámpara llena al alcance de los niños ni de las mascotas.  
 Aleje la lámpara de fuentes de calor y evite situarla encima de radiadores o fuentes térmicas. Contiene alcohol isopropílico de base. 
200ml de capacidad.","in stock","new","38.39 EUR","35.90 EUR","https://aura-prestige.sumupstore.com/product/lampara-catalitica-lila-200ml-esencia-200ml","https://cdn.shopify.com/s/files/1/0958/5970/4190/files/LC-LILA-1.jpg","Laboncler","Ofertas Flash"
"doradaesencia","Lámpara Catalítica DORADA 200ml+Esencia 200ml","PACK LAMPARA CATALITICA + ESENCIA A ELEGIR 200ml 
Lámpara catalítica artesanal dorada.
Utilizada desde el año 1930 en hospitales, quirófanos y comedores de la alta sociedad para eliminar, purificar y perfumar ambientes.
· Humo de tabaco
· Malos olores
Un ambientador que filtra el ambiente creando un halo puro, saludable, de fragancia exclusiva y duradera. Preservando las notas y la gran calidad
olfativa de las fragancias durante mucho tiempo.
¡NO ES ELÉCTRICA. ACCIÓN EN SÓLO 2 MINUTOS!
Es decorativa, de precioso aspecto y ofrece la mejor difusión del aroma para perfumar amplias estancias (salón, baños, cocinas, oficinas...) además son
muy fáciles de usar.
Tenemos una amplia colección de lámparas de diferentes aromas que le darán a tu hogar ese toque majestuoso, único y distinguido.
 Modo d e uso: 
1. Llene la lámpara a 3/4 de su capacidad e introduzca la mecha sin encender dejándola empapar unos 15 minutos.
2. Encienda la mecha con un mechero. Mantenga la llama por dos minutos.
3. Al cabo de dos minutos (la llama reducirá considerablemente su tamaño) sople la llama para apagarla.
4. Ponga el cabezal agujereado decorativo de capuchón (cabezal protector)
5. Cuando se desee apagar, ponga el capuchón de metal cerrado para ahogar la combustión.
6. Se aconseja un uso continuado de 20-30 minutos. Después apagar para evitar gasto innecesario.
---
 Tenga especial cuidado: 
 No deje la lámpara llena al alcance de los niños ni de las mascotas.  
 Aleje la lámpara de fuentes de calor y evite situarla encima de radiadores o fuentes térmicas. Contiene alcohol isopropílico de base. 
200ml de capacidad.","in stock","new","38.39 EUR","35.90 EUR","https://aura-prestige.sumupstore.com/product/lampara-catalitica-dorada-200ml-esencia-200ml","https://cdn.shopify.com/s/files/1/0958/5970/4190/files/LC-DORADA-1.jpg","Laboncler","Ofertas Flash"
"blancaesencia","Lámpara Catalítica BLANCA 200ml+Esencia 200ml","PACK LAMPARA CATALITICA + ESENCIA A ELEGIR 200ml
Lámpara catalítica artesanal Blanca.
Utilizada desde el año 1930 en hospitales, quirófanos y comedores de la alta sociedad para eliminar, purificar y perfumar ambientes.
· Humo de tabaco
· Malos olores
Un ambientador que filtra el ambiente creando un halo puro, saludable, de fragancia exclusiva y duradera. Preservando las notas y la gran calidad
olfativa de las fragancias durante mucho tiempo.
¡NO ES ELÉCTRICA. ACCIÓN EN SÓLO 2 MINUTOS!
Es decorativa, de precioso aspecto y ofrece la mejor difusión del aroma para perfumar amplias estancias (salón, baños, cocinas, oficinas...) además son
muy fáciles de usar.
Tenemos una amplia colección de lámparas de diferentes aromas que le darán a tu hogar ese toque majestuoso, único y distinguido.
 Modo d e uso: 
1. Llene la lámpara a 3/4 de su capacidad e introduzca la mecha sin encender dejándola empapar unos 15 minutos.
2. Encienda la mecha con un mechero. Mantenga la llama por dos minutos.
3. Al cabo de dos minutos (la llama reducirá considerablemente su tamaño) sople la llama para apagarla.
4. Ponga el cabezal agujereado decorativo de capuchón (cabezal protector)
5. Cuando se desee apagar, ponga el capuchón de metal cerrado para ahogar la combustión.
6. Se aconseja un uso continuado de 20-30 minutos. Después apagar para evitar gasto innecesario.
---
 Tenga especial cuidado: 
 No deje la lámpara llena al alcance de los niños ni de las mascotas.  
 Aleje la lámpara de fuentes de calor y evite situarla encima de radiadores o fuentes térmicas. Contiene alcohol isopropílico de base. 
200ml de capacidad.","out of stock","new","38.39 EUR","","https://aura-prestige.sumupstore.com/product/lampara-catalitica-blanca-200ml-esencia-200ml","https://cdn.shopify.com/s/files/1/0958/5970/4190/files/LC-BLANCA-1.jpg","Laboncler","Ofertas Flash"
"fucsiaesencia","Lámpara Catalítica FUCSIA 200ml+Esencia 200ml","PACK LAMPARA CATALITICA + ESENCIA A ELEGIR 200ml 
Lámpara catalítica artesanal Fucsia.
Utilizada desde el año 1930 en hospitales, quirófanos y comedores de la alta sociedad para eliminar, purificar y perfumar ambientes.
· Humo de tabaco
· Malos olores
Un ambientador que filtra el ambiente creando un halo puro, saludable, de fragancia exclusiva y duradera. Preservando las notas y la gran calidad
olfativa de las fragancias durante mucho tiempo.
¡NO ES ELÉCTRICA. ACCIÓN EN SÓLO 2 MINUTOS!
Es decorativa, de precioso aspecto y ofrece la mejor difusión del aroma para perfumar amplias estancias (salón, baños, cocinas, oficinas...) además son
muy fáciles de usar.
Tenemos una amplia colección de lámparas de diferentes aromas que le darán a tu hogar ese toque majestuoso, único y distinguido.
 Modo d e uso: 
1. Llene la lámpara a 3/4 de su capacidad e introduzca la mecha sin encender dejándola empapar unos 15 minutos.
2. Encienda la mecha con un mechero. Mantenga la llama por dos minutos.
3. Al cabo de dos minutos (la llama reducirá considerablemente su tamaño) sople la llama para apagarla.
4. Ponga el cabezal agujereado decorativo de capuchón (cabezal protector)
5. Cuando se desee apagar, ponga el capuchón de metal cerrado para ahogar la combustión.
6. Se aconseja un uso continuado de 20-30 minutos. Después apagar para evitar gasto innecesario.
---
 Tenga especial cuidado: 
 No deje la lámpara llena al alcance de los niños ni de las mascotas.  
 Aleje la lámpara de fuentes de calor y evite situarla encima de radiadores o fuentes térmicas. Contiene alcohol isopropílico de base. 
200ml de capacidad.","in stock","new","38.39 EUR","35.90 EUR","https://aura-prestige.sumupstore.com/product/lampara-catalitica-fucsia-200ml-esencia-200ml","https://cdn.shopify.com/s/files/1/0958/5970/4190/files/LC-FUCSIA-1.jpg","Laboncler","Ofertas Flash"
"set-baby-tour-ecolatier","ECOLATIER SET BABY TOUR  (Champú Bebé+Gel Bebé+Crema Pañal)","El Set Baby Tour se compone de:
1 Champú para bebés 2 en 1 Fácil desenredado 3+
1 Gel Espumoso Bebé 3+
1 Crema para el Pañal del Bebé con Zinc","in stock","new","18.65 EUR","","https://aura-prestige.sumupstore.com/product/ecolatier-set-baby-tour-champu-bebe-gel-bebe-crema-panal","https://cdn.shopify.com/s/files/1/0958/5970/4190/files/SET-BABY-TOUR.jpg","Laboncler","Packs"
"bola-descalcificadora-desincrustante-medidora","BOLA Descalcificadora/ Desincrustante/ Medidora","Herramienta 100% de silicona natural.
Apta para la descalcificación de griferias tanto de plástico como metálicas.
Esta bola se adapta a cualquier tipo de grifo gracias a su elasticidad.
Su muesca proporciona una mejor sujeción.
¡¡ Otro complemento idóneo para nuestro producto estrella anticalcareo... ECO-JIN !!","in stock","new","8.80 EUR","","https://aura-prestige.sumupstore.com/product/bola-descalcificadora-desincrustante-medidora","https://cdn.shopify.com/s/files/1/0958/5970/4190/files/bola.jpg","Laboncler","Hogar"
"mopa-fregona","Mopa Autolimp PLUS","Una auténtica revolución ya que cuenta con un mecanismo de autolimpieza en el cubo que permite limpiar la superficie de fregado de forma muy efectiva, rápida y cómoda.
Debido a su capacidad de retención sólo del agua necesaria, la convierte en la opción perfecta para cuidar todo tipo de suelos y no forzar la espalda debido a su ligereza.
Podemos enumerar las siguientes ventajas:
- Muy ligera.
- Botón de carga de relleno de agua.
- La microfibra se escurre y seca con facilidad con un simple ""vaivén"".
- Su sistema de cascada deja la gruesa microfibra limpia y con la humedad justa para fregar sin encharcar.
- No deja huellas ni marcas en el suelo.
- No salpica durante el uso.
- Llega a todas las superficies, esquinas y huecos debido a su estructura plana.
- Capacidad 9 litros. 
- 2 paños/ recambio incluidos. (Uno puesto y otro aparte en bolsita)
- Mango telescópico ergonómico de aluminio de 137cm, fácil de guardar.
- Uso en seco como mopa abrillantadora.
- Diseño innovador .
El nuevo bastidor de Laboncler es ahora más ancho para ofrecer una mayor resistencia y mejorar el escurrido.
 ¡¡ Hay que verlo y probarlo para apreciar su carácter innovador que te hará no volver al fregado tradicional !!","in stock","new","43.95 EUR","39.95 EUR","https://aura-prestige.sumupstore.com/product/mopa-autolimp-plus","https://cdn.shopify.com/s/files/1/0958/5970/4190/files/1000074774.png","Laboncler","Ofertas del Mes"
"sales-de-bano-relajantes-deep-sleep","Sales de Baño ricas en Magnesio - Aroma MANGO","Sales de Baño con alto contenido en magnesio 
Auténtica sal del mar muerto sin refinar. Procedencia directa del lecho marino. Esta sal no contiene ningún blanqueante ni aditivo, siendo la sal más pura que puede obtenerse del mar. Sal marina certificada obtenida del Mar Muerto en Israel.
Las sales del mar muerto contienen  10 veces más sales minerales  que las encontradas en el Mar Mediterráneo. Son ricas en magnesio, segundo elemento más abundante en el interior de las células. La característica más importante que se ha estudiado hasta el día de hoy acerca del magnesio es la propiedad que tiene para  frenar signos de envejecimiento en la piel aumentando considerablemente la hidratación de las células epiteliales.  
Podemos decir sin duda alguna que es  la mejor sal marina generada de manera natural de toda la tierra por sus minerales y oligoelementos. 
Esta peculiar sal marina es secada al sol de manera natural sin ninguna modificación, aporte añadido ni alteración externa.
Enriquecidas con aceites esenciales y fragancias naturales. La duración en la piel es mayor debido a las fragancias y aceites naturales empleados.  Sin duda la mayor concentración de fragancia y potencia aromática en el mercado de sales .  Producto altamente recomendado. 
Debido a su potencia aromática pueden ser usadas en bolsitas como ambientador de estancias, armarios, baños y la fragancia durará semanas.
El colorante usado para tintar estas es de grado alimentario.
 Gramaje: 0,2 - 0,8 mm 
 Pureza: 99,5% (resto agua) 
 Composición de sales: 
Magnesium Chloride   MgCl2    35 Max%  (Porcentajes máximos)
Potassium Chloride    KCl       30 Max%
Sodium Chloride        NaCl     9 Max%
Calcium Chloride       CaCl2    0,5 Max%
Sulphate                  (SO4)    0,6 Max%
Contenido: 1 kg.","in stock","new","12.05 EUR","","https://aura-prestige.sumupstore.com/product/sales-de-bano-ricas-en-magnesio-aroma-mango","https://cdn.shopify.com/s/files/1/0958/5970/4190/files/1000067190.png","Laboncler","Cuidado Personal · Corporal"
"sales-de-bano-calmantes-my-little-princess","Sales de Baño ricas en Magnesio - Aroma FRUTA DE LA PASIÓN","Sales de Baño con alto contenido en magnesio 
Auténtica sal del mar muerto sin refinar. Procedencia directa del lecho marino. Esta sal no contiene ningún blanqueante ni aditivo, siendo la sal más pura que puede obtenerse del mar. Sal marina certificada obtenida del Mar Muerto en Israel.
Las sales del mar muerto contienen  10 veces más sales minerales  que las encontradas en el Mar Mediterráneo. Son ricas en magnesio, segundo elemento más abundante en el interior de las células. La característica más importante que se ha estudiado hasta el día de hoy acerca del magnesio es la propiedad que tiene para  frenar signos de envejecimiento en la piel aumentando considerablemente la hidratación de las células epiteliales.  
Podemos decir sin duda alguna que es  la mejor sal marina generada de manera natural de toda la tierra por sus minerales y oligoelementos. 
Esta peculiar sal marina es secada al sol de manera natural sin ninguna modificación, aporte añadido ni alteración externa.
Enriquecidas con aceites esenciales y fragancias naturales. La duración en la piel es mayor debido a las fragancias y aceites naturales empleados.  Sin duda la mayor concentración de fragancia y potencia aromática en el mercado de sales .  Producto altamente recomendado. 
Debido a su potencia aromática pueden ser usadas en bolsitas como ambientador de estancias, armarios, baños y la fragancia durará semanas.
El colorante usado para tintar estas es de grado alimentario.
 Gramaje: 0,2 - 0,8 mm 
 Pureza: 99,5% (resto agua) 
 Composición de sales: 
Magnesium Chloride   MgCl2    35 Max%  (Porcentajes máximos)
Potassium Chloride    KCl       30 Max%
Sodium Chloride        NaCl     9 Max%
Calcium Chloride       CaCl2    0,5 Max%
Sulphate                  (SO4)    0,6 Max%
Contenido: 1 kg.","in stock","new","12.05 EUR","","https://aura-prestige.sumupstore.com/product/sales-de-bano-ricas-en-magnesio-aroma-fruta-de-la-pasion","https://cdn.shopify.com/s/files/1/0958/5970/4190/files/1000067188.png","Laboncler","Cuidado Personal · Corporal"
"cepillo-textiles-doble-funcion","Cepillo Textiles Rosa","Quita manchas y Perfecto para acabar con las pelusas y el pelo de nuestras mascotas en la ropa y textiles.
¡¡¡ ALUCINANTE !!!
💥 Cepillo de silicona 100% exclusiva
💥 Apto para el frotado en manchas dificiles
💥 Capturador de pelo y pelusas infalible
💥 Súper manejable
💥 Muy resistente
💥 De Fácil limpieza
💥 Totalmente desmontable","in stock","new","7.37 EUR","","https://aura-prestige.sumupstore.com/product/cepillo-textiles-rosa","https://cdn.shopify.com/s/files/1/0958/5970/4190/files/1000074767.png","Laboncler","Hogar"
"sales-de-bano-energizantes-summer-days","Sales de Baño ricas en Magnesio - Aroma COCO","Sales de Baño con alto contenido en magnesio 
Auténtica sal del mar muerto sin refinar. Procedencia directa del lecho marino. Esta sal no contiene ningún blanqueante ni aditivo, siendo la sal más pura que puede obtenerse del mar. Sal marina certificada obtenida del Mar Muerto en Israel.
Las sales del mar muerto contienen  10 veces más sales minerales  que las encontradas en el Mar Mediterráneo. Son ricas en magnesio, segundo elemento más abundante en el interior de las células. La característica más importante que se ha estudiado hasta el día de hoy acerca del magnesio es la propiedad que tiene para  frenar signos de envejecimiento en la piel aumentando considerablemente la hidratación de las células epiteliales.  
Podemos decir sin duda alguna que es  la mejor sal marina generada de manera natural de toda la tierra por sus minerales y oligoelementos. 
Esta peculiar sal marina es secada al sol de manera natural sin ninguna modificación, aporte añadido ni alteración externa.
Enriquecidas con aceites esenciales y fragancias naturales. La duración en la piel es mayor debido a las fragancias y aceites naturales empleados.  Sin duda la mayor concentración de fragancia y potencia aromática en el mercado de sales .  Producto altamente recomendado. 
Debido a su potencia aromática pueden ser usadas en bolsitas como ambientador de estancias, armarios, baños y la fragancia durará semanas.
El colorante usado para tintar estas es de grado alimentario.
 Gramaje: 0,2 - 0,8 mm 
 Pureza: 99,5% (resto agua) 
 Composición de sales: 
Magnesium Chloride   MgCl2    35 Max%  (Porcentajes máximos)
Potassium Chloride    KCl       30 Max%
Sodium Chloride        NaCl     9 Max%
Calcium Chloride       CaCl2    0,5 Max%
Sulphate                  (SO4)    0,6 Max%
Contenido: 1 kg.","in stock","new","12.05 EUR","","https://aura-prestige.sumupstore.com/product/sales-de-bano-ricas-en-magnesio-aroma-coco","https://cdn.shopify.com/s/files/1/0958/5970/4190/files/1000067189.png","Laboncler","Cuidado Personal · Corporal"
"estropajo-de-fibra-vegetal","Estropajo de Fibra VEGETAL","El Estropajo de Fibra natural de Laboncler
"" Dale un plus Órganico a tu limpieza ""
✅ Hechos a partir de botellas 100% recicladas Y Celulosa Vegetal
✅ Impreso en papel reciclado
✅ Con tintas vegetales
✅ De Alto rendimiento
Al ser un producto ecológico, natural, una vez dejes de utilizarlo puedes desecharlo en el contenedor orgánico...
Pack de 2 unidades","in stock","new","1.98 EUR","","https://aura-prestige.sumupstore.com/product/estropajo-de-fibra-vegetal","https://cdn.shopify.com/s/files/1/0958/5970/4190/files/1000074765.png","Laboncler","Hogar"
"estropajo-de-cobre-puro","Estropajo de COBRE Puro","EL NUEVO ESTROPAJO 100% DE COBRE PURO DE LABONCLER 🥰
 Pack de 2 estropajos de cobre Puro para limpiar superficies duras con suciedad incrustada, como ollas, utensilios de cocina, fregaderos, hornos, mamparas...
 ✅️ NO RAYA NADA ES IMPRESIONANTE 😲
 El cobre no se oxida, no raya y funciona muy bien para eliminar la suciedad seca y resistente fácilmente con unas pocas pasadas.
 Utilízalo empapado en ECO- JIN para una mayor efectividad...
 También es muy útil para eliminar el óxido de los metales y puede usarse también para limpiar la cal incrustada de cualquier superficie, SIENDO IDEAL PARA CAMPANAS EXTRACTORAS Y MAMPARAS
 ES ALUCINANTE 😲
 • 100% hilo de cobre trenzado
 El cobre es un material que se puede reciclar ""ad infinitum""  (Hasta el infinito) sin que pierda sus propiedades mecánicas...
 Además, posee propiedades antibacterianas que le confieren beneficios adicionales a la hora de usarlo en la limpieza de nuestro hogar...
 (NO APTO PARA MADERA Y PLÁSTICO)
 ¡¡ HAZTE CON EL AHORA !!
 PACK DE 2 UNIDADES 4.95€ ✅️","in stock","new","5.45 EUR","","https://aura-prestige.sumupstore.com/product/estropajo-de-cobre-puro","https://cdn.shopify.com/s/files/1/0958/5970/4190/files/1000074763.png","Laboncler","Hogar"
"sales-de-bano-ricas-en-magnesio-aroma-oceanic-marino","Sales de Baño ricas en Magnesio - Aroma OCEANIC (Marino)","Sales de Baño con alto contenido en magnesio 
Auténtica sal del mar muerto sin refinar. Procedencia directa del lecho marino. Esta sal no contiene ningún blanqueante ni aditivo, siendo la sal más pura que puede obtenerse del mar. Sal marina certificada obtenida del Mar Muerto en Israel.
Las sales del mar muerto contienen  10 veces más sales minerales  que las encontradas en el Mar Mediterráneo. Son ricas en magnesio, segundo elemento más abundante en el interior de las células. La característica más importante que se ha estudiado hasta el día de hoy acerca del magnesio es la propiedad que tiene para  frenar signos de envejecimiento en la piel aumentando considerablemente la hidratación de las células epiteliales.  
Podemos decir sin duda alguna que es  la mejor sal marina generada de manera natural de toda la tierra por sus minerales y oligoelementos. 
Esta peculiar sal marina es secada al sol de manera natural sin ninguna modificación, aporte añadido ni alteración externa.
Enriquecidas con aceites esenciales y fragancias naturales. La duración en la piel es mayor debido a las fragancias y aceites naturales empleados.  Sin duda la mayor concentración de fragancia y potencia aromática en el mercado de sales .  Producto altamente recomendado. 
Debido a su potencia aromática pueden ser usadas en bolsitas como ambientador de estancias, armarios, baños y la fragancia durará semanas.
El colorante usado para tintar estas es de grado alimentario.
 Gramaje: 0,2 - 0,8 mm 
 Pureza: 99,5% (resto agua) 
 Composición de sales: 
Magnesium Chloride   MgCl2    35 Max%  (Porcentajes máximos)
Potassium Chloride    KCl       30 Max%
Sodium Chloride        NaCl     9 Max%
Calcium Chloride       CaCl2    0,5 Max%
Sulphate                  (SO4)    0,6 Max%
Contenido: 1 kg.","out of stock","new","12.05 EUR","","https://aura-prestige.sumupstore.com/product/sales-de-bano-ricas-en-magnesio-aroma-oceanic-marino","https://cdn.shopify.com/s/files/1/0958/5970/4190/files/1000067191.png","Laboncler","Cuidado Personal · Corporal"
"cepillo-de-rincones-y-griferia","Cepillo de Rincones y Grifería","Cepillo ergonómico con mango bimateria para aumentar confort
 Fibra gris para la suciedad más incrustada
 Fibra negra para tratar con suavidad las superficies
 Rascador plástico angular integrado para que nada se nos resista
 Llega y limpia todos los rincones de difícil acceso
 Dimensiones del empaque (A x A x P) : 21 cm x 39 cm x 17 cm 
 Peso, incluido embalaje : 0.408 kg","in stock","new","3.85 EUR","","https://aura-prestige.sumupstore.com/product/cepillo-de-rincones-y-griferia","https://cdn.shopify.com/s/files/1/0958/5970/4190/files/cepillo-rincones.png","Laboncler","Hogar"
"aceite-esencia-eucalipto-eco","Aceite Esencia Eucalipto Eco","Aceite hidrosoluble puro de Eucalipto 100% Ecológico
Bruma de ambiente apta para Humidificadores y Quemadores de Esencias . No válido para Lámpara Catálitica. 
 Máxima concentración sin diluir. 
 Aceite esencial 100% puro de Eucalipto Ecológico. 
Obtenido por destilación por arrastre del vapor de agua (hojas).
Aceite esencial de uso cosmético.
Apto para uso en difusores de aromas y baños aromáticos.
 Dosificación: La dosis para nuestro Humidificador Cecotec es de 20 gotas x Litro de agua. 
Contenido: 10ml","in stock","new","6.27 EUR","","https://aura-prestige.sumupstore.com/product/aceite-esencia-eucalipto-eco","https://cdn.shopify.com/s/files/1/0958/5970/4190/files/aceite-eucalipto-1.jpg","Laboncler","Ambientación · Humidificador"
"aceite-esencia-menta","Aceite Esencia Menta","Aceite hidrosoluble puro de Menta
Bruma de ambiente apta para Humidificadores y Quemadores de Esencias . No válido para Lámpara Catálitica. 
 Máxima concentración sin diluir. 
 Aceite esencial 100% puro de Menta. 
Obtenido por destilación por arrastre del vapor de agua (sumidades).
Apto para uso en difusores de aromas y baños aromáticos.
 Dosificación: La dosis para nuestro Humidificador Cecotec es de 20 gotas x Litro de agua. 
Contenido: 10ml","in stock","new","6.27 EUR","","https://aura-prestige.sumupstore.com/product/aceite-esencia-menta","https://cdn.shopify.com/s/files/1/0958/5970/4190/files/aceite-menta-1.jpg","Laboncler","Ambientación · Humidificador"
"champu-para-bebes-2-en-1-facil-desenredado-3ecolatier","ECOLATIER Champú para bebés 2 en 1 Fácil desenredado 3+","Champú para bebés 2 en 1 Fácil desenredado 3+ 
Fórmula para la limpieza especial del cabello y la piel. 
 Desenreda y suaviza el cabello.
Contiene extracto de algodón y ácido láctico
 Fórmula pura que minimiza el riesgo de reacciones alérgicas.
Champú con pH equilibrado, no irrita los ojos, no reseca la piel del bebé.
 98 % de ingredientes  de origen natural vegano
Limpia suavemente el cabello y la piel del bebé. Suaviza el cabello, ayuda a peinar los rizos traviesos. La fórmula natural pura está diseñada para minimizar el riesgo de reacciones alérgicas. Tiene un pH equilibrado, no irrita los ojos y no reseca la piel del bebé de más de 3 años.
El extracto de algodón es ideal para el cuidado de las pieles más sensibles, las nutre y suaviza. El ácido láctico mantiene el pH protector natural de la piel del bebé.
 Productos más puros y saludables para el cuidado infantil
Una gama compuesta con productos para la hora del baño del recién nacido y el cuidado especial de su piel. También cuenta con los productos más básicos para la higiene y el cuidado de la piel de niña/os mayores de 3 años.  Ecolatier Baby  se define como una línea  natural y pura ¿Por qué? .
 Productos inocuos:  Respetan la salud de la piel del bebé y la naturaleza
 Fórmula pura:  Productos formulados con ingredientes seguros que minimizan el riesgo de reacciones alérgicas de bebés, niña/os.
 Productos seguros para los recién nacidos. 
 Modo de uso: Aplicar sobre la piel y el cabello húmedo, formar una ligera espuma. Enjuague con agua limpia. Uso externo.
 Contenido: 250ml","in stock","new","7.15 EUR","","https://aura-prestige.sumupstore.com/product/ecolatier-champu-para-bebes-2-en-1-facil-desenredado-3","https://cdn.shopify.com/s/files/1/0958/5970/4190/files/champu-para-bebes-2-en-1-facil-desenredado-3.jpg","Laboncler","Ecolatier · Baby"
"crema-para-el-panal-del-bebe-con-zinc-ecolatier","ECOLATIER Crema para el Pañal del Bebé con Zinc","Crema pañal protectora y calmante para bebés.
Previene la pañalitis y alivia la dermatitis del pañal.
Reduce el enrojecimiento con efecto calmante y nutritivo.
Contiene extracto de manzanilla, manteca de karité y óxido de zinc.
 Fórmula pura que minimiza el riesgo de reacciones alérgicas.
 99 % de ingredientes  de origen natural vegano
Crema que previene la aparición de pañalitis, ayuda a sobrellevar la dermatitis del pañal, elimina la sensación de incomodidad. El óxido de zinc forma una capa protectora, reduce el enrojecimiento y la dermatitis del pañal. Los extractos y aceites naturales tienen un efecto calmante y nutritivo en la piel sensible del bebé. Fórmula natural pura diseñada para minimizar el riesgo de reacciones alérgicas . No contiene ingredientes de los que preocuparse. Apto para niños desde el nacimiento.
El extracto de manzanilla es un aséptico natural, reduce la inflamación y previene la irritación de la piel. La manteca de karité nutre y suaviza la piel sensible, potencia su función barrera.
 Productos más puros y saludables para el cuidado infantil
Una gama compuesta con productos para la hora del baño del recién nacido y el cuidado especial de su piel. También cuenta con los productos más básicos para la higiene y el cuidado de la piel de niña/os mayores de 3 años.  Ecolatier Baby  se define como una línea  natural y pura ¿Por qué? .
 Productos inocuos:  Respetan la salud de la piel del bebé y la naturaleza
 Fórmula pura:  Productos formulados con ingredientes seguros que minimizan el riesgo de reacciones alérgicas de bebés, niña/os.
 Productos seguros para los recién nacidos. 
 Modo de uso: Aplicar la crema sobre la piel limpia y seca con masajes suaves. Uso externo.
 Contenido: 100ml","in stock","new","6.55 EUR","","https://aura-prestige.sumupstore.com/product/ecolatier-crema-para-el-panal-del-bebe-con-zinc","https://cdn.shopify.com/s/files/1/0958/5970/4190/files/crema-para-el-panal-del-bebe-con-zinc.jpg","Laboncler","Ecolatier · Baby"
"gel-espumoso-bebe-3-ecolatier","ECOLATIER Gel Espumoso Bebé 3+","Gel espumoso de baño suave para bebés. 
 Cuida suavemente, limpia y calma la piel del bebé.
Baño sin lágrimas
Reduce la inflamación y previene la irritación
Mantiene el pH natural de la piel
Apto para pieles sensibles
Extracto de salvia
Ácido láctico
 98 % de ingredientes  de origen natural vegano
 Ecolatier® Baby es un compromiso para producir los productos más puros y saludables que funcionan para ti. Nos esforzamos por cuidar de los seres humanos y otros seres vivos, por ser sostenibles con el medio ambiente y por formar parte del mayor movimiento de la historia: salvar lo que todos tenemos en común: el planeta Tierra.
 Ecolatier® Baby es seguro tanto para la salud de tu bebé como para la naturaleza
 El gel espumoso ultrasuave para bebés con extracto de salvia es adecuado para el baño sin lágrimas. Su suave espuma convierte el baño en una diversión. Limpia perfectamente la piel y el cabello y se elimina por completo. Adecuado para pieles sensibles. Su fórmula pura minimiza el riesgo de reacciones alérgicas. Ingredientes sin preocupaciones
 El extracto de salvia reduce la inflamación y previene la irritación
 El ácido láctico mantiene el pH natural de la piel del bebé y ayuda a formar una barrera protectora.
 Productos más puros y saludables para el cuidado infantil
Una gama compuesta con productos para la hora del baño del recién nacido y el cuidado especial de su piel. También cuenta con los productos más básicos para la higiene y el cuidado de la piel de niña/os mayores de 3 años.  Ecolatier Baby  se define como una línea  natural y pura ¿Por qué? .
 Productos inocuos:  Respetan la salud de la piel del bebé y la naturaleza
 Fórmula pura:  Productos formulados con ingredientes seguros que minimizan el riesgo de reacciones alérgicas de bebés, niña/os.
 Productos seguros para los recién nacidos. 
 Modo de uso: Aplicar sobre la piel y el cabello húmedo, formar una ligera espuma. Enjuague con agua limpia. Uso externo.
Mantener fuera del alcance de los niños
 Contenido: 250ml","in stock","new","7.15 EUR","","https://aura-prestige.sumupstore.com/product/ecolatier-gel-espumoso-bebe-3","https://cdn.shopify.com/s/files/1/0958/5970/4190/files/gel-espumoso-bebe-3.jpg","Laboncler","Ecolatier · Baby"
"balsamo-anticontaminacion-para-todo-tipo-de-cabello-ecolatier","ECOLATIER Bálsamo anticontaminación para todo tipo de cabello","Bálsamo anticontaminación para todo tipo de cabello 
 Hidrata, restaura y nutre 
Extracto de morera
Extracto de resina de croton lechleri
Extracto de Moringa
Vitaminas B5, B6, C y E
 97% de ingredientes de origen natural vegano
En un mundo donde la imagen lo es todo y la calidad define el camino hacia el éxito, cuidarse para seguir el ritmo de la ciudad es esencial
La serie ECOLATIER® URBAN es una línea de cuidado vibrante para la piel y el cabello de uso diario con efecto anticontaminación
Ser ""ECOLATIER"" significa que todo lo que hacemos no hace daño. Significa trabajar incansablemente para desarrollar los productos de una manera sostenible que permita prosperar tanto al planeta como a su sociedad.
Ingredientes naturales y cuidadosamente seleccionados nutren y cuidan el cabello, aportándole un brillo intenso y un aspecto saludable
INGREDIENTES ACTIVOS: El aceite de coco hidrata eficazmente el cabello, restaura las puntas abiertas, lo cuida durante el peinado con calor y lo protege de la exposición a las influencias ambientales negativas
El extracto de morera aporta al cabello el brillo y la suavidad de la seda. Protege el cabello de los efectos nocivos de los factores medioambientales perjudiciales
El Extracto de Resina de Croton Lechleri (Sangre de Dragón), el Extracto de Moringa, las Vitaminas B5, B6, C, E estimulan la desintoxicación celular, regeneran la piel, muestran una alta actividad antioxidante y mejoran las funciones de barrera de la piel
Con el uso regular, el bálsamo equilibra la producción de sebo de la piel, mejora el brillo del cabello
 MODO DE EMPLEO: 
Aplicar sobre el cabello mojado. Dejar actuar 1-2 minutos, aclarar con agua tibia. Sólo para uso externo
 Contenido: 400ml","in stock","new","8.75 EUR","","https://aura-prestige.sumupstore.com/product/ecolatier-balsamo-anticontaminacion-para-todo-tipo-de-cabello","https://cdn.shopify.com/s/files/1/0958/5970/4190/files/balsamo-anticontaminacion-para-todo-tipo-de-cabello.jpg","Laboncler","Ecolatier · Cuidado Capilar"
"balsamo-capilar-fortalecedor-cabello-fragil-karite-y-magnolia-ecolatier","ECOLATIER Bálsamo Capilar Fortalecedor Cabello Frágil, Karité y Magnolia","Bálsamo Capilar Fortalecedor Cabello Frágil, Karité y Magnolia 
Nutren y cuidan el cabello, aportándole un brillo intenso y un aspecto saludable
Manteca de Karité
Extracto de magnolia
Extracto de resina de crotón lechleri
 96 % de ingredientes  de origen natural vegano
En un mundo donde la imagen lo es todo y la calidad define el camino hacia el éxito, cuidarse para seguir el ritmo de la ciudad es esencial
La serie ECOLATIER® URBAN es una línea de cuidado vibrante para la piel y el cabello de uso diario con efecto anticontaminación
Ser ""ECOLATIER"" significa que todo lo que hacemos no hace daño. Significa trabajar incansablemente para desarrollar los productos de una manera sostenible que permita prosperar tanto al planeta como a su sociedad.
Ingredientes naturales y cuidadosamente seleccionados nutren y cuidan el cabello, aportándole un brillo intenso y un aspecto saludable
INGREDIENTES ACTIVOS: La manteca de karité nutre e hidrata el cabello seco, devolviéndole su vitalidad
El Extracto de Magnolia fortalece y recubre el cabello quebradizo, forma una película sobre la superficie del cabello, lo protege de la pérdida de humedad y de la exposición a factores ambientales agresivos.
El Extracto de Resina de Croton Lechleri (Sangre de Dragón), el Extracto de Moringa, las Vitaminas B5, B6, C, E estimulan la desintoxicación celular, regeneran la piel, muestran una alta actividad antioxidante y mejoran las funciones de barrera de la piel
Como resultado: cabello fuerte y grueso
 MODO DE EMPLEO: 
Aplicar sobre el cabello mojado. Dejar actuar 1-2 minutos, aclarar con agua tibia. Sólo para uso externo
 Contenido: 400ml","in stock","new","8.75 EUR","","https://aura-prestige.sumupstore.com/product/ecolatier-balsamo-capilar-fortalecedor-cabello-fragil-karite-y-magnolia","https://cdn.shopify.com/s/files/1/0958/5970/4190/files/balsamo-capilar-fortalecedor-cabello-fragil-karite-y-magnolia.jpg","Laboncler","Ecolatier · Cuidado Capilar"
"champu-micelar-antipolucion-para-todo-tipo-de-cabello-ecolatier","ECOLATIER Champú Micelar Antipolución para Todo Tipo de Cabello","Champú Micelar Antipolución para Todo Tipo de Cabello 
 Hidrata, da brillo y protege. 
Aceite de coco
Extractos de morera, resina de croton lechleri y moringa
Vitaminas B5, B6, C y E
 97% de ingredientes de origen natural vegano
En un mundo donde la imagen lo es todo y la calidad define el camino hacia el éxito, cuidarse para seguir el ritmo de la ciudad es esencial
La serie ECOLATIER® URBAN es una línea de cuidado vibrante para la piel y el cabello de uso diario con efecto anticontaminación
Ser ""ECOLATIER"" significa que todo lo que hacemos no hace daño. Significa trabajar incansablemente para desarrollar los productos de forma sostenible para permitir que tanto el planeta como su sociedad prosperen.
Los ingredientes naturales y la fórmula equilibrada cuidan el cabello, lo limpian con suavidad, le aportan volumen y un aspecto cuidado y sano
INGREDIENTES ACTIVOS: El aceite de coco hidrata eficazmente el cabello, restaura las puntas abiertas, lo cuida durante el peinado con calor y lo protege de la exposición a las influencias ambientales negativas
El extracto de morera aporta al cabello el brillo y la suavidad de la seda. Protege el cabello de los efectos nocivos de los factores ambientales perjudiciales
El Extracto de Resina de Croton Lechleri (Sangre de Dragón), el Extracto de Moringa, las Vitaminas B5, B6, C, E estimulan la desintoxicación celular, regeneran la piel, muestran una alta actividad antioxidante y mejoran las funciones de barrera de la piel
Con el uso regular, el champú equilibra la producción de sebo de la piel, realza el brillo del cabello
 MODO DE EMPLEO: 
Aplicar sobre el cabello mojado, hacer espuma y aclarar con agua tibia. Sólo para uso externo
 Contenido: 600ml","in stock","new","8.75 EUR","","https://aura-prestige.sumupstore.com/product/ecolatier-champu-micelar-antipolucion-para-todo-tipo-de-cabello","https://cdn.shopify.com/s/files/1/0958/5970/4190/files/champu-micelar-antipolucion-para-todo-tipo-de-cabello.jpg","Laboncler","Ecolatier · Cuidado Capilar"
"mascarilla-capilar-nutricion-y-recuperacion-coco-ecologico-ecolatier","ECOLATIER Mascarilla capilar Nutrición y Recuperación Coco Ecológico","Mascarilla capilar Nutrición y Recuperación Coco Ecológico 
Nutre y restaura eficazmente el cabello
Aceite de coco
Proteínas vegetales
Aminoácidos
Manteca de Karité
 97 % de ingredientes  de origen natural vegano
Mascarilla ECOLATIER® Coco Orgánico, que es rica en nutrientes de plantas orgánicas, penetra en la estructura del cabello, nutre con microelementos y vitaminas, restaura eficazmente el cabello en toda su longitud, protege contra la fragilidad. Ayuda a reavivar los cabellos secos y sedientos, haciéndolos brillar. Seguro para todo tipo de cabello, ingredientes sin preocupaciones y apto para veganos
Ingrediente orgánico: El Aceite de Coco Ecológico se extrae en frío de cocos frescos y ecológicos y es rico en vitamina E y ácidos grasos esenciales. Hidrata eficazmente el cabello, restaura las puntas abiertas, aumenta el crecimiento del cabello. Los cosméticos con aceite de coco harán que su cabello luzca lujoso
Ingredientes activos: Proteínas vegetales son el relleno natural del cabello, restauran y potencian el cabello, proporcionan una nutrición intensiva desde las raíces hasta las puntas, fortalecen el cabello.
Los aminoácidos nutren, hidratan y previenen la rotura y caída del cabello
La manteca de karité fortalece y activa el crecimiento del cabello
 MODO DE EMPLEO:
 Aplicar sobre el cabello mojado. Dejar actuar 2-5 minutos, aclarar con agua tibia. Sólo para uso externo
Contenido: 250 ml","in stock","new","6.55 EUR","","https://aura-prestige.sumupstore.com/product/ecolatier-mascarilla-capilar-nutricion-y-recuperacion-coco-ecologico","https://cdn.shopify.com/s/files/1/0958/5970/4190/files/mascarilla-capilar-nutricion-y-recuperacion-coco-ecologico.jpg","Laboncler","Ecolatier · Cuidado Capilar"
"mascarilla-capilar-revitalizante-de-argan-ecologico-ecolatier","ECOLATIER Mascarilla capilar revitalizante de Argán Ecológico","Mascarilla capilar revitalizante de Argán Ecológico 
Nutrientes de plantas orgánicas
Aceite de argán
Aceite de macadamia
Complejo de biolípidos
 97 % de ingredientes  de origen natural vegano
Mascarilla ECOLATIER® Argán Orgánica, que es rica en nutrientes de plantas orgánicas, penetra en la estructura del cabello, nutre con microelementos y vitaminas, restaura eficazmente el cabello en toda su longitud, protege contra la fragilidad. Ayuda a reavivar los cabellos secos y sedientos, haciéndolos brillar. Seguro para todo tipo de cabellos, ingredientes sin preocupaciones y apto para veganos
Ingrediente orgánico: El Aceite de Argán Orgánico es prensado en frío y totalmente puro, sin ningún producto químico ni nada artificial. Rico en ácidos grasos insaturados y vitamina E, favorece la salud del cabello y del cuero cabelludo. Restaura el cabello debilitado y seco, dejándolo sano y brillante
Principios activos: El Aceite de Macadamia mantiene la barrera protectora de las células, nutre el cabello, retiene la humedad y aumenta su elasticidad.
El complejo de biolípidos restaura el equilibrio de la microbiota y apoya la actividad vital de la microflora saludable del cuero cabelludo, el cabello bien cepillado, se vuelve suave y con un brillo saludable.
 MODO DE EMPLEO:
 Aplicar sobre el cabello mojado. Dejar actuar 2-5 minutos, aclarar con agua tibia. Sólo para uso externo
Contenido: 250 ml","in stock","new","6.55 EUR","","https://aura-prestige.sumupstore.com/product/ecolatier-mascarilla-capilar-revitalizante-de-argan-ecologico","https://cdn.shopify.com/s/files/1/0958/5970/4190/files/mascarilla-capilar-revitalizante-de-argan-ecologico.jpg","Laboncler","Ecolatier · Cuidado Capilar"
"mascarilla-capilar-volumen-y-crecimiento-cannabis-ecologico-ecolatier","ECOLATIER Mascarilla Capilar Volumen y Crecimiento Cannabis Ecológico","Mascarilla Capilar Volumen y Crecimiento Cannabis Ecológico 
Nutre, restaura y protege el cabello
Apto para todo tipo de cabellos
Apto para veganos
Aceite de cannabis
Proteínas de arroz
Niacinamida activa
Aceite de ciprés
 97 % de ingredientes  de origen natural vegano
Mascarilla ECOLATIER® Cannabis Orgánico, que es rica en nutrientes de plantas orgánicas, penetra en la estructura del cabello, nutre con microelementos y vitaminas, restaura eficazmente el cabello en toda su longitud, protege contra la fragilidad. Ayuda a reavivar los cabellos secos y sedientos, dándoles brillo. Seguro para todo tipo de cabellos, ingredientes sin preocupaciones y apto para veganos
Ingrediente orgánico: El Aceite de Cannabis Ecológico obtenido por prensado en frío es extremadamente rico en ácidos grasos, omega y vitaminas. Su fórmula ligera y no grasa nutre intensamente los folículos pilosos con elementos útiles para reducir la tasa de caída del cabello, repara el cabello seco y dañado.
Ingredientes activos: Las proteínas de arroz son el relleno natural del cabello, lo restauran y lo fortalecen, aportan una nutrición intensiva desde la raíz hasta las puntas, lo fortalecen y le dan volumen.
Niacinamida activa los folículos pilosos, que promueven el crecimiento y fortalecimiento del cabello, mejora la nutrición y restaura, estimula la reproducción de colágeno, da al cabello un brillo saludable.
Aceite de ciprés calma el cuero cabelludo, fortalece las raíces del cabello, restaurando la elasticidad del cabello
 MODO DE EMPLEO:
 Aplicar sobre el cabello mojado. Dejar actuar 2-5 minutos, aclarar con agua tibia. Sólo para uso externo
Contenido: 250 ml","in stock","new","6.55 EUR","","https://aura-prestige.sumupstore.com/product/ecolatier-mascarilla-capilar-volumen-y-crecimiento-cannabis-ecologico","https://cdn.shopify.com/s/files/1/0958/5970/4190/files/mascarilla-capilar-volumen-y-crecimiento-cannabis-ecologico.jpg","Laboncler","Ecolatier · Cuidado Capilar"
"antitranspirante-frescor-y-confort-ecolatier","ECOLATIER Antitranspirante Frescor y Confort","Antitranspirante Frescor y Confort 
Regula la transpiración excesiva y ayuda a eliminar los malos olores
Cuida suavemente la piel y deja una sensación de frescor durante todo el día
Con extracto de bergamota, té verde y aceite de lima
Antitranspirante Frescor y Confort ECOLATIER® POWER proporciona una protección fiable contra la transpiración, regula la transpiración excesiva y ayuda a eliminar los malos olores. Cuida suavemente la piel y deja una sensación de frescor durante todo el día. El producto es fácil de aplicar, se seca rápidamente y no deja marcas en la ropa.
INGREDIENTES ACTIVOS: El Extracto de Bergamota tiene un efecto tónico e hidratante
El Extracto de Té Verde tiene un efecto antioxidante y desodorante
El aceite de lima suaviza y refresca la piel
 MODO DE EMPLEO: 
Aplicar sobre la piel limpia y seca hasta su completa absorción. Sólo para uso externo
Contenido: 50 ml","in stock","new","6.55 EUR","","https://aura-prestige.sumupstore.com/product/ecolatier-antitranspirante-frescor-y-confort","https://cdn.shopify.com/s/files/1/0958/5970/4190/files/antitranspirante-frescor-y-confort.jpg","Laboncler","Ecolatier · Cuidado Corporal"
"antitranspirante-proteccion-invisible-ecolatier","ECOLATIER Antitranspirante Protección Invisible","Antitranspirante Protección Invisible 
Proporciona una protección fiable contra el sudor, regula la transpiración excesiva y ayuda a eliminar los malos olores
Con pantenol, extracto de algodón y aceite de avena
Antitranspirante Protección Invisible ECOLATIER® POWER proporciona una protección fiable contra el sudor, regula la transpiración excesiva y ayuda a eliminar los malos olores. Cuida suavemente la piel y deja una sensación de frescor durante todo el día. El producto es fácil de aplicar, se seca rápidamente y no deja marcas en la ropa.
INGREDIENTES ACTIVOS: El Pantenol suaviza y restaura la piel, a la vez que tiene un activo efecto hidratante y regenerador
El extracto de algodón suaviza la piel y previene las irritaciones
El aceite de avena tiene un efecto calmante, hidratante y nutritivo sobre la piel
 MODO DE EMPLEO: 
Aplicar sobre la piel limpia y seca hasta su completa absorción. Sólo para uso externo
Contenido: 50 ml","in stock","new","6.55 EUR","","https://aura-prestige.sumupstore.com/product/ecolatier-antitranspirante-proteccion-invisible","https://cdn.shopify.com/s/files/1/0958/5970/4190/files/antitranspirante-proteccion-invisible.jpg","Laboncler","Ecolatier · Cuidado Corporal"
"gel-de-ducha-argan-y-vainilla-ecolatier","ECOLATIER Gel de Ducha Argán y Vainilla","Gel de Ducha Argán y Vainilla
 Limpia e hidrata la piel con suavidad 
Aceite de argán
Extracto de vainilla
Extracto de resina de croton lechleri
Los extractos y aceites naturales cuidadosamente seleccionados limpian e hidratan la piel con suavidad. El gel deja un delicado aroma en la piel, mejora el estado de ánimo y elimina el cansancio
INGREDIENTES ACTIVOS: Aceite de Argán debido a los nutrientes, ácidos grasos y un alto contenido de tocoferoles, perfectamente hidrata y suaviza la piel, promueve la renovación y el rejuvenecimiento, y tiene un efecto antioxidante
El Extracto de Vainilla previene el envejecimiento y la decoloración de la piel, la nutre y alivia la fatiga
El extracto de resina de Croton Lechleri (sangre de dragón), el extracto de moringa y las vitaminas B5, B6, C y E estimulan la desintoxicación celular, regeneran la piel, muestran una elevada actividad antioxidante y mejoran las funciones de barrera de la piel.
 MODO DE EMPLEO: Aplicar sobre la piel húmeda, hacer espuma y aclarar con agua tibia. Sólo para uso externo
Contiene: 600 ml","in stock","new","6.55 EUR","","https://aura-prestige.sumupstore.com/product/ecolatier-gel-de-ducha-argan-y-vainilla","https://cdn.shopify.com/s/files/1/0958/5970/4190/files/gel-de-ducha-argana-y-vainilla.jpg","Laboncler","Ecolatier · Cuidado Corporal"
"crema-facial-5-en-1-ecolatier","ECOLATIER Crema facial 5 en 1","Crema facial 5 en 1 
Hidrata, nutre, suaviza, protege y regenera
Manteca de karité y aceite de almendras
 97 % de ingredientes  de origen natural vegano
Crema facial 5 en 1 ECOLATIER® POWER de textura delicada se absorbe rápidamente y proporciona el cuidado necesario a la piel: hidrata, nutre, suaviza, protege y regenera
INGREDIENTES ACTIVOS: El Aloe Vera y el Extracto de Manzanilla tienen un efecto hidratante, calmante y cicatrizante sobre la piel
La manteca de karité restaura, nutre y suaviza la piel. Gracias a su rica composición bioquímica, ayuda a regenerar y aumentar las funciones protectoras de la piel
El Aceite de Almendras hidrata, suaviza, alisa la piel y mejora su elasticidad
 MODO DE EMPLEO: 
Aplicar la crema sobre la piel limpia y seca y masajear hasta su completa absorción. Sólo para uso externo
Contenido: 50 ml","in stock","new","8.80 EUR","","https://aura-prestige.sumupstore.com/product/ecolatier-crema-facial-5-en-1","https://cdn.shopify.com/s/files/1/0958/5970/4190/files/crema-facial-5-en-1.jpg","Laboncler","Ecolatier · Cuidado Facial"
"gel-de-ducha-nutritivo-jojoba-y-papaya-ecolatier","ECOLATIER Gel de Ducha Nutritivo Jojoba y Papaya","Gel de Ducha Nutritivo Jojoba y Papaya 
Limpia suavemente, nutre e hidrata la piel.
Contribuye a la renovación y rejuvenecimiento de la piel.
Aceite de jojoba extractos de papaya, resina de croton lechleri, moringa y vitaminas B5, B6, C y E
 97% de ingredientes de origen natural vegano
La serie ECOLATIER® URBAN es una línea de cuidado vibrante para la piel y el cabello de uso diario con efecto anticontaminación
Ser ""ECOLATIER"" significa que todo lo que hacemos no hace daño. Significa trabajar incansablemente para desarrollar los productos de forma sostenible para permitir que tanto el planeta como su sociedad prosperen.
Los extractos y aceites naturales cuidadosamente seleccionados limpian e hidratan la piel con suavidad. El gel deja un delicado aroma en la piel, mejora el estado de ánimo y elimina el cansancio
INGREDIENTES ACTIVOS: El aceite de jojoba contiene vitamina E y ácidos grasos insaturados, que contribuyen a la renovación y el rejuvenecimiento de la piel. Nutre e hidrata la piel en profundidad
El Extracto de Papaya es un inmunoestimulante natural y protege las membranas celulares de los efectos negativos de los factores externos. Tiene un pronunciado efecto calmante
El extracto de resina de Croton Lechleri (sangre de dragón), el extracto de moringa y las vitaminas B5, B6, C y E estimulan la desintoxicación celular, regeneran la piel, muestran una elevada actividad antioxidante y mejoran las funciones de barrera de la piel.
 MODO DE EMPLEO: 
Aplicar sobre la piel húmeda, hacer espuma y aclarar con agua tibia. Sólo para uso externo
 Contenido: 600ml","in stock","new","6.55 EUR","","https://aura-prestige.sumupstore.com/product/ecolatier-gel-de-ducha-nutritivo-jojoba-y-papaya","https://cdn.shopify.com/s/files/1/0958/5970/4190/files/gel-de-ducha-nutritivo-jojoba-y-papaya.jpg","Laboncler","Ecolatier · Cuidado Corporal"
"gel-de-ducha-pomelo-y-clementina-ecolatier","ECOLATIER Gel de Ducha Pomelo y Clementina","Gel de Ducha Pomelo y Clementina 
Limpia suavemente, nutre e hidrata la piel.
Aceite de pomelo
Extractos de clementina, resina de croton lechleri y moringa
Vitaminas B5, B6, C y E
 97% de ingredientes de origen natural vegano.
La serie ECOLATIER® URBAN es una línea de cuidado vibrante para la piel y el cabello de uso diario con efecto anticontaminación
Ser ""ECOLATIER"" significa que todo lo que hacemos no hace daño. Significa trabajar incansablemente para desarrollar los productos de forma sostenible para permitir que tanto el planeta como su sociedad prosperen.
Los extractos y aceites naturales cuidadosamente seleccionados limpian e hidratan la piel con suavidad. El gel deja un delicado aroma en la piel, mejora el estado de ánimo y elimina el cansancio
INGREDIENTES ACTIVOS: El aceite de pomelo contiene ácidos frutales y enzimas que eliminan las células viejas e inician el proceso de regeneración, y tienen un efecto beneficioso sobre la piel. La piel se limpia, se nutre, adquiere un aspecto sano y elástico
El extracto de clementina actúa como antidepresivo, favoreciendo la relajación y el alivio del estrés
El extracto de resina de Croton Lechleri (sangre de dragón), el extracto de moringa y las vitaminas B5, B6, C y E estimulan la desintoxicación celular, regeneran la piel, muestran una elevada actividad antioxidante y mejoran las funciones de barrera de la piel.
 MODO DE EMPLEO: 
Aplicar sobre la piel húmeda, hacer espuma y aclarar con agua tibia. Sólo para uso externo
 Contenido: 600ml","in stock","new","6.55 EUR","","https://aura-prestige.sumupstore.com/product/ecolatier-gel-de-ducha-pomelo-y-clementina","https://cdn.shopify.com/s/files/1/0958/5970/4190/files/gel-de-ducha-pomelo-y-clementina.jpg","Laboncler","Ecolatier · Cuidado Corporal"
"gel-de-higiene-intima-sensitive-ecolatier","ECOLATIER Gel de higiene íntima Sensitive","Gel de higiene íntima Sensitive 
 Limpia con suavidad y elimina el olor. 
Hidrata y nutre.
Con extracto de oliva y aloe vera.
 Para pieles sensibles. 
 99 % de ingredientes  de origen natural vegano
abón cremoso íntimo certificado Super Sensitive con prebiótico natural y aceite de almendras creado específicamente para la limpieza diaria de la piel sensible. El jabón cremoso íntimo Super Sensitive proporciona un increíble efecto refrescante y suavizante.
Su fórmula especial limpia suavemente, reduce el número de bacterias nocivas en la zona íntima y evita el mal olor . La textura ligera minimiza el riesgo de irritación. El aceite de almendras es especialmente útil para las epidermis secas y sensibles.
Los extractos orgánicos de oliva y aloe vera hidratan, nutren y suavizan la piel . El prebiótico refuerza las funciones protectoras naturales de la piel y restaura la microflora íntima.
 Modo de uso:  Aplicar una pequeña cantidad en la zona íntima y luego enjuagar con agua tibia. Sólo para uso externo.
Contenido: 250 ml","in stock","new","8.80 EUR","","https://aura-prestige.sumupstore.com/product/ecolatier-gel-de-higiene-intima-sensitive","https://cdn.shopify.com/s/files/1/0958/5970/4190/files/gel-de-higiene-intima-sensitive.jpg","Laboncler","Ecolatier · Cuidado Corporal"
"gel-higiene-intima-confort-ecolatier","ECOLATIER Gel Higiene Íntima Confort","Gel Higiene Íntima Confort 
 Limpia con suavidad y elimina el olor. 
Hidrata y suaviza la piel.
 Restaura la microflora íntima.  
Con extracto de algodón y prebióticos. 
 98 % de ingredientes  de origen natural vegano
El gel especial certificado para la higiene íntima ECOLATIER Comfort con ácido láctico, prebiótico y extracto de algodón se recomienda para el uso diario. Reduce las molestias en la zona íntima causadas por el ardor y el enrojecimiento. Proporciona un adecuado cuidado y confort de la zona íntima.
Ingredientes activos:
 El ácido láctico proporciona un pH equilibrado de 5,2.
 El extracto de algodón hidrata y suaviza la piel , ayuda a aliviar la irritación, da una sensación de frescura y confort.
 El prebiótico refuerza las funciones protectoras naturales de la piel y restaura la microflora íntima. 
El 98% del total de los ingredientes son de origen natural.
 Modo de uso:  Aplicar una pequeña cantidad en la zona íntima y luego enjuagar con agua tibia. Sólo para uso externo.
Contenido: 250 ml","in stock","new","8.80 EUR","","https://aura-prestige.sumupstore.com/product/ecolatier-gel-higiene-intima-confort","https://cdn.shopify.com/s/files/1/0958/5970/4190/files/gel-higiene-intima-confort.jpg","Laboncler","Ecolatier · Cuidado Corporal"
"agua-micelar-todo-tipo-de-piel-ecolatier","ECOLATIER Agua Micelar Todo Tipo de Piel","Agua Micelar Todo Tipo de Piel 
Eliminar suave y eficazmente el maquillaje y las impurezas del rostro y el cuello
Extractos de hibisco, magnolia, resina de croton lechleri y moringa
Vitaminas B5, B6, E y C
 99 % de ingredientes  de origen natural vegano
Este producto tiene como objetivo eliminar suave y eficazmente el maquillaje y las impurezas del rostro y el cuello. Los ingredientes naturales incluidos en la composición hidratan y nutren la piel, preparando el rostro para cuidados posteriores y dando una sensación de limpieza, permitiendo que la piel ""respire""
INGREDIENTES ACTIVOS: El extracto de hibisco suaviza e hidrata perfectamente la piel, conserva y retiene la humedad. Estimula la regeneración celular, restaura la firmeza y elasticidad de la piel, la refresca y la satura completamente con los nutrientes necesarios
El extracto de magnolia normaliza el equilibrio de humedad de la piel, favorece la renovación de la epidermis y protege las células de la exposición a las influencias medioambientales y a los radicales libres. Aumenta la turgencia de la piel
Extracto de resina de Croton Lechleri (sangre de dragón), extracto de moringa, vitaminas B5, B6, C, E estimulan la desintoxicación celular, regeneran la piel, muestran una alta actividad antioxidante y mejoran las funciones de barrera de la piel
 MODO DE EMPLEO: 
Aplique agua micelar en un disco de algodón y páselo suavemente por el rostro y los ojos durante unos segundos para eliminar el maquillaje. Consejo: presiona suavemente el disco de algodón sobre las pestañas durante unos segundos para disolver la máscara y facilitar su eliminación. Repita la operación si es necesario. Aclarar con agua si se desea. Sólo para uso externo
Contenido: 400 ml","in stock","new","6.06 EUR","","https://aura-prestige.sumupstore.com/product/ecolatier-agua-micelar-todo-tipo-de-piel","https://cdn.shopify.com/s/files/1/0958/5970/4190/files/agua-micelar-todo-tipo-de-piel.jpg","Laboncler","Ecolatier · Cuidado Facial"
"crema-contorno-de-ojos-reafirmante-cannabis-ecologico-ecolatier","ECOLATIER Crema Contorno de Ojos Reafirmante Cannabis Ecológico","Crema Contorno de Ojos Reafirmante Cannabis Ecológico 
Mejora la firmeza de la piel y ojos, suaviza y rejuvenece
Aceie de cannabis
Complejo lipídico
Extracto de raíz de maca
 98 % de ingredientes  de origen natural vegano
Ser ""ECOLATIER"" significa que todo lo que hacemos no hace daño. Significa trabajar incansablemente para desarrollar los productos de una manera sostenible para permitir que tanto el planeta como su sociedad florezcan.
Crema para los ojos reafirmante de la piel ECOLATIER ® Orgánica de Cannabis es alimentado por ingredientes naturales y orgánicos, nutre profundamente, mejora la firmeza de la piel de los ojos, suaviza y de aspecto joven.
Ingrediente orgánico: El Aceite de Cannabis Ecológico obtenido por presión en frío es extremadamente rico en ácidos grasos omega y vitaminas. Su fórmula ligera y no grasa se absorbe rápidamente en la piel, no obstruye los poros, satura las células con elementos útiles, favorece una barrera cutánea y una turgencia saludables
Principios activos: Complejo lipídico de origen vegetal que favorece la recuperación y el mantenimiento de la función de barrera de la piel.
El extracto de raíz de maca reafirma la piel, aumenta la síntesis de colágeno y mejora la estructura de la epidermis
 MODO DE EMPLEO: 
Aplicar una fina capa de crema sobre la piel seca y limpia del contorno de los ojos. Sólo para uso externo
Contenido: 30 ml","in stock","new","11.81 EUR","","https://aura-prestige.sumupstore.com/product/ecolatier-crema-contorno-de-ojos-reafirmante-cannabis-ecologico","https://cdn.shopify.com/s/files/1/0958/5970/4190/files/crema-contorno-de-ojos-reafirmante-cannabis-ecologico.jpg","Laboncler","Ecolatier · Cuidado Facial"
"balsamo-hidratante-para-despues-del-afeitado-ecolatier","ECOLATIER Bálsamo hidratante para después del afeitado","Bálsamo hidratante para después del afeitado 
Calma y regenera instantáneamente la piel
Hidrata intensamente y suaviza
Con aceite de ciprés, vitamina E y extracto de bergamota
 98 % de ingredientes  de origen natural vegano
Bálsamo hidratante para después del afeitado ECOLATIER® POWER calma y regenera instantáneamente la piel, alivia las irritaciones, reduce las rojeces y el ardor y elimina la sensación de sequedad y tirantez. Hidrata intensamente y suaviza la piel. Su textura ligera se absorbe rápidamente, dejando un agradable aroma, una sensación de frescor y confort
PRINCIPIOS ACTIVOS: El aceite de ciprés tiene un efecto calmante y cicatrizante
La vitamina E hidrata, suaviza y nutre la piel y ayuda a restaurarla
El extracto de bergamota tiene un efecto tónico y refrescante
 MODO DE EMPLEO: 
Aplicar el bálsamo sobre la piel limpia y seca después del afeitado y masajear hasta su completa absorción. Sólo para uso externo
Contenido: 100ml","in stock","new","5.50 EUR","","https://aura-prestige.sumupstore.com/product/ecolatier-balsamo-hidratante-para-despues-del-afeitado","https://cdn.shopify.com/s/files/1/0958/5970/4190/files/balsamo-hidratante-para-despues-del-afeitado.jpg","Laboncler","Ecolatier · Cuidado Facial"
"crema-facial-de-noche-revitalizante-y-nutritiva-de-argan-ecologico-ecolatier","ECOLATIER Crema Facial de Noche Revitalizante y Nutritiva de Argán Ecológico","Crema Facial de Noche Revitalizante y Nutritiva de Argán Ecológico 
Nutre y recupera la piel durante el sueño
Aceite de argán
Vitamina C
Bisabolol
 99 % de ingredientes  de origen natural vegano
Ser ""ECOLATIER"" significa que todo lo que hacemos no hace daño. Significa trabajar incansablemente para desarrollar los productos de manera sostenible para permitir que tanto el planeta como su sociedad florezcan.
La Crema Facial de Noche Revitalizante y Nutritiva ECOLATIER® Argán ecológico está alimentada por ingredientes naturales y orgánicos, proporciona una nutrición profunda de la piel y su recuperación durante el sueño. Su rica fórmula estimula los procesos naturales de rejuvenecimiento, reduce las líneas de expresión y tonifica la piel.
Ingrediente orgánico: Aceite de Argán orgánico rico en vitamina A y vitamina E, también lleno de antioxidantes, ácidos grasos omega-6 y ácido linoleico. La aplicación de cosméticos con aceite de argán favorece la salud de la piel y mejora su elasticidad, reduciendo las líneas de expresión y las arrugas y manteniendo la piel hidratada
Ingredientes activos: La vitamina C tiene propiedades antioxidantes, ayuda a restaurar las células de la piel y ralentiza el envejecimiento prematuro de la piel, proporciona a la piel un aspecto radiante y saludable
El bisabolol ayuda a suavizar y calmar la piel irritada
 MODO DE EMPLEO: 
Aplicar por la noche sobre la piel limpia evitando la zona de los ojos. No retirar el exceso. Lavar la cara por la mañana. Sólo para uso externo
Contenido: 50 ml","in stock","new","11.81 EUR","","https://aura-prestige.sumupstore.com/product/ecolatier-crema-facial-de-noche-revitalizante-y-nutritiva-de-argan-ecologico","https://cdn.shopify.com/s/files/1/0958/5970/4190/files/crema-facial-de-noche-revitalizante-y-nutritiva-de-argan-ecologico.jpg","Laboncler","Ecolatier · Cuidado Facial"
"crema-facial-diaria-reafirmante-de-la-piel-cannabis-ecologico-ecolatier","ECOLATIER Crema Facial Diaria Reafirmante de la Piel Cannabis Ecológico","Crema Facial Diaria Reafirmante de la Piel Cannabis Ecológico 
Retrasa aparición de líneas de expresión y arrugas.
Con aceite de cannabis y péptidos . 
Para todo tipo de pieles.
 98 % de ingredientes de origen natural vegano
Ser ""ECOLATIER"" significa que todo lo que hacemos no hace daño. Significa trabajar incansablemente para desarrollar los productos de una manera sostenible que permita prosperar tanto al planeta como a su sociedad.
La Crema Facial Diaria Reafirmante de la Piel ECOLATIER® Orgánica de Cannabis está alimentada por ingredientes naturales y orgánicos, con textura ligera proporciona la solución antienvejecimiento perfecta para la piel seca y cansada, restaura el equilibrio hidrolipídico y mantiene la piel hidratada durante todo el día
Ingrediente orgánico: El Aceite de Cannabis Ecológico normaliza el equilibrio hidrolipídico de las células y protege contra los efectos de los radicales libres, retrasando el envejecimiento. Refuerza la turgencia de la piel
Ingrediente activo: Los péptidos retienen la humedad en las células, tienen efecto suavizante, restauran la elasticidad de la piel
 MODO DE EMPLEO: 
Aplicar sobre la piel limpia evitando la zona de los ojos. Sólo para uso externo
Contenido: 50 ml","out of stock","new","11.81 EUR","","https://aura-prestige.sumupstore.com/product/ecolatier-crema-facial-diaria-reafirmante-de-la-piel-cannabis-ecologico","https://cdn.shopify.com/s/files/1/0958/5970/4190/files/crema-facial-diaria-reafirmante-piel-cannabis-ecologico.jpg","Laboncler","Ecolatier · Cuidado Facial"
"crema-mascarilla-facial-de-noche-reafirmante-cannabis-ecologico","ECOLATIER Crema-mascarilla facial de noche Reafirmante Cannabis Ecológico","Crema-mascarilla facial de noche Skin Firming Organic Cannabis
 Retrasa aparición de líneas de expresión y arrugas. 
Calma y suaviza durante el sueño
Con aceite de cannabis, extracto de raíz de maca y aceite de lavanda
Para todo tipo de pieles.
 98% de ingredientes de origen natural vegano
Crema facial de noche-mascarilla Reafirmante de la piel ECOLATIER® Orgánica de Cannabis es alimentado por ingredientes naturales y orgánicos, la relajación y la recuperación durante el sueño. Estimula los procesos naturales de rejuvenecimiento, reduce las líneas de expresión y tonifica la piel
Ingrediente orgánico: El Aceite de Cannabis Ecológico obtenido por presión en frío es extremadamente rico en ácidos grasos omega y vitaminas. Su fórmula ligera y no grasa se absorbe rápidamente en la piel, no obstruye los poros, satura las células con elementos útiles y favorece una barrera cutánea y una turgencia saludables
Ingredientes activos: El extracto de raíz de maca reafirma la piel, aumenta la síntesis de colágeno y mejora la estructura de la epidermis.
El aceite esencial de lavanda nutre, relaja y revitaliza la piel cansada
 MODO DE EMPLEO: 
Aplicar por la noche sobre la piel limpia evitando el contorno de los ojos. No retirar el exceso. Lavar la cara por la mañana. Sólo para uso externo
Contenido: 50 ml","in stock","new","11.81 EUR","","https://aura-prestige.sumupstore.com/product/ecolatier-crema-mascarilla-facial-de-noche-reafirmante-cannabis-ecologico","https://cdn.shopify.com/s/files/1/0958/5970/4190/files/crema-mascarilla-facial-de-noche-skin-firming-organic-cannabis.jpg","Laboncler","Ecolatier · Cuidado Facial"
"gel-exfoliante-facial-hidratacion-intensa-aloe-vera-ecolatier","ECOLATIER Gel Exfoliante Facial Hidratación Intensa Aloe Vera","Gel Exfoliante Facial Hidratación Intensa Aloe Vera 
Limpia y exfolia el rostro
Zumo de aloe vera
Ácido láctico
Pantenol
 98 % de ingredientes  de origen natural vegano
El Gel Exfoliante Facial Hidratación Intensa ECOLATIER® Organic Aloe Vera está alimentado por ingredientes naturales y orgánicos, proporciona una limpieza suave y una exfoliación delicada, mejora el tono de la cara, haciendo la piel más suave y más iluminada
Ingrediente orgánico: El Zumo de Aloe Vera Ecológico extraído directamente de la planta es rico en vitaminas, aminoácidos, minerales, polisacáridos, fitoncidas, que estimulan la regeneración de las células a nivel epitelial. Hidrata y suaviza eficazmente.
Principios activos: El ácido láctico exfolia las células muertas de la piel, estimulando la renovación celular, para mantener la piel hidratada y con menor sensación de sequedad
El pantenol ayuda a mejorar la elasticidad, la hidratación y proporciona un aspecto suave
 MODO DE EMPLEO: 
Aplicar sobre la piel húmeda, hacer espuma y aclarar con agua tibia. Sólo para uso externo
Contenido: 100 ml","in stock","new","5.45 EUR","","https://aura-prestige.sumupstore.com/product/ecolatier-gel-exfoliante-facial-hidratacion-intensa-aloe-vera","https://cdn.shopify.com/s/files/1/0958/5970/4190/files/gel-exfoliante-facial-hidratacion-intensa-aloe-vera.jpg","Laboncler","Ecolatier · Cuidado Facial"
"serum-facial-en-aceite-reafirmante-de-la-piel-a-base-de-cannabis-ecologico-ecolatier","ECOLATIER Sérum Facial en Aceite Reafirmante de la Piel a base de Cannabis Ecológico","Sérum  Facial en Aceite Reafirmante de la Piel a base de Cannabis Ecológico 
Combina la textura ligera y rica fórmula con ingredientes naturales para tonificar la firmeza de la piel, nutrir las células y restaurar su elasticidad.
Aceite de Cannabis
Coenzima Q10
Aceite de Almendras
Alantoína
Proteínas hidrolizadas de trigo y arroz
Aceite de germen de trigo
Vitamina E
 98% de ingredientes de origen natural vegano
Suero Facial en Aceite Reafirmante de la Piel ECOLATIER® Orgánica de Cannabis es alimentado por ingredientes naturales y orgánicos, combina la textura ligera y rica fórmula con ingredientes naturales para tonificar la firmeza de la piel, nutrir las células y restaurar su elasticidad
Ingrediente orgánico: El Aceite de Cannabis Ecológico obtenido por prensado en frío es extremadamente rico en ácidos grasos omega y vitaminas. Su fórmula ligera y no grasa se absorbe rápidamente en la piel, no obstruye los poros, satura las células con elementos útiles y favorece una barrera cutánea y una turgencia saludables
Ingrediente activo: La coenzima Q10 es un antioxidante natural. Ayuda a prevenir los daños en el colágeno y en el proceso de producción de elastina y actúa como agente antienvejecimiento y antiarrugas.
El aceite de Almendras es rico en ácidos grasos, como el ácido oleico y el ácido linoleico, que lo convierten en un excelente hidratante y antienvejecimiento para la piel. También contiene vitamina E, un antioxidante que ayuda a proteger la piel de las agresiones medioambientales.
La alantoína previene la tirantez y las molestias en la piel
Proteínas hidrolizadas de trigo y arroz excelentes propiedades hidratantes y revitalizantes, responsables de igualar el tono de la piel y reducir los primeros signos del envejecimiento
El aceite de germen de trigo refuerza la turgencia de la piel, suaviza las líneas mímicas, mejora el tono y la textura de la piel
La vitamina E nutre la piel, mejora su función de barrera y la tez
 MODO DE EMPLEO: 
Agitar antes de usar para mezclar ambas fases. Aplicar un par de gotas sobre la piel y masajear suavemente. Sólo para uso externo
Contenido: 50 ml","in stock","new","11.81 EUR","","https://aura-prestige.sumupstore.com/product/ecolatier-serum-facial-en-aceite-reafirmante-de-la-piel-a-base-de-cannabis-ecologico","https://cdn.shopify.com/s/files/1/0958/5970/4190/files/serum-oil-cannabis.jpg","Laboncler","Ecolatier · Cuidado Facial"
"serum-facial-en-aceite-revitalizante-y-nutritivo-de-argan-ecologico-ecolatier","ECOLATIER Serum Facial en Aceite Revitalizante y Nutritivo de Argán Ecológico","Serum Facial en Aceite Revitalizante y Nutritivo de Argán Ecológico
Restablece el equilibrio hídrico de la piel, nutre y hace la piel sea suave y elástica
Aceite de argán
Complejo vitamínico y mineral
Aceite de Almendras
Alatoína
Proteínas hidrolizadas de trigo y arroz
Aceite de germen de trigo
Vitamina E
98 % de ingredientes de origen natural vegano
Suero Facial en Aceite Revitalizante y Nutritivo ECOLATIER® Argán ecológico es alimentado por ingredientes naturales y orgánicos, combina una textura ligera y una fórmula rica para restablecer el equilibrio hídrico de la piel, nutrir y hacer que la piel suave y elástica
Ingrediente orgánico: Aceite de Argán Orgánico una rica vitamina A y vitamina E, también lleno de antioxidantes, ácidos grasos omega-6 y ácido linoleico. La aplicación de cosméticos con aceite de argán promueve la salud de la piel y mejorar su elasticidad, reduciendo las líneas finas y arrugas y mantener la piel hidratada
Ingrediente activo: El complejo vitamínico y mineral fortalece y regenera la piel, restaura la capa lipídica, muestra una alta actividad antioxidante y mejora las funciones de barrera de la piel
El aceite de Almendras es rico en ácidos grasos, como el ácido oleico y el ácido linoleico, que lo convierten en un excelente hidratante y antienvejecimiento para la piel. También contiene vitamina E, un antioxidante que ayuda a proteger la piel de las agresiones medioambientales.
La alantoína previene la tirantez y las molestias en la piel
Proteínas hidrolizadas de trigo y arroz excelentes propiedades hidratantes y revitalizantes, responsables de igualar el tono de la piel y reducir los primeros signos del envejecimiento
Aceite de germen de trigo refuerza la turgencia de la piel, suaviza las líneas de expresión, mejora el tono y la textura de la piel
La vitamina E nutre la piel, mejora su función de barrera y la tez
 MODO DE EMPLEO: 
Agitar antes de usar para mezclar ambas fases. Aplicar un par de gotas sobre la piel y masajear suavemente. Sólo para uso externo
Contenido: 50 ml","in stock","new","11.81 EUR","","https://aura-prestige.sumupstore.com/product/ecolatier-serum-facial-en-aceite-revitalizante-y-nutritivo-de-argan-ecologico","https://cdn.shopify.com/s/files/1/0958/5970/4190/files/serum-facial-en-aceite-revitalizante-y-nutritivo-de-argan-ecologico-1.jpg","Laboncler","Ecolatier · Cuidado Facial"
"tonico-facial-reafirmante-cannabis-ecologico-ecolatier","ECOLATIER Tónico Facial Reafirmante Cannabis Ecológico","Tónico Facial Reafirmante Cannabis Ecológico 
Retrasa aparición de líneas de expresión y arrugas.
Con aceite de cannabis y niacinamida
Para todo tipo de pieles.
 98% de ingredientes de origen natural vegano
Tónico Facial Reafirmante de la Piel ECOLATIER® Cannabis Orgánico es alimentado por ingredientes naturales y orgánicos, ayuda a restaurar el tono y la firmeza, haciendo que la piel suave y elástica
Ingrediente orgánico: El Aceite de Cannabis Ecológico normaliza el hidrobalance en las células y protege contra los efectos de los radicales libres, retrasando el envejecimiento. Refuerza la turgencia de la piel
Ingrediente activo: La Niacinamida (Vitamina B3) ayuda a prevenir la pérdida de hidratación, restaura el tono saludable de la piel y mejora su textura. También estimula la microcirculación en la epidermis, mejora la elasticidad de la piel
 MODO DE EMPLEO: 
Aplicar en un disco de algodón para limpiar suavemente la piel. No es necesario aclarar. Sólo para uso externo
Contenido: 250 ml","in stock","new","5.45 EUR","","https://aura-prestige.sumupstore.com/product/ecolatier-tonico-facial-reafirmante-cannabis-ecologico","https://cdn.shopify.com/s/files/1/0958/5970/4190/files/tonico-facial-reafirmante-cannabis-ecologico.jpg","Laboncler","Ecolatier · Cuidado Facial"
"tonico-facial-revitalizante-y-nutritivo-argan-ecologico-ecolatier","ECOLATIER Tónico Facial Revitalizante y Nutritivo Argán Ecológico","Tónico Facial Revitalizante y Nutritivo Argán Ecológico 
Revitaliza y nutre la piel, dejándola suave y rejuvenecida
Aceite de argán
Extracto de raíz de maca
Colágeno
 98 % de ingredientes de origen natural
Tónico Facial Revitalizante y Nutritivo ECOLATIER® Argán ecológico está potenciado por ingredientes naturales y ecológicos, ayuda a revitalizar la piel, aporta nutrición, suavidad y juventud a la piel
Ingrediente orgánico: El acaite de Argán ecológico una rica vitamina A y vitamina E, también lleno de antioxidantes, ácidos grasos omega-6 y ácido linoleico. La aplicación de cosméticos con aceite de argán promueve la salud de la piel y mejorar su elasticidad, reduciendo las líneas finas y arrugas y mantener la piel hidratada
Ingredientes activos: El Extracto de Raíz de Maca reafirma la piel aumentando la síntesis de colágeno y mejorando la estructura de la epidermis.
El colágeno mejora el equilibrio hídrico de la piel y le proporciona fuerza y estructura, manteniéndola firme y tonificada
 MODO DE EMPLEO: 
Aplicar en un disco de algodón para limpiar suavemente la piel. No es necesario aclarar. Sólo para uso externo
Contenido: 250 ml","in stock","new","5.45 EUR","","https://aura-prestige.sumupstore.com/product/ecolatier-tonico-facial-revitalizante-y-nutritivo-argan-ecologico","https://cdn.shopify.com/s/files/1/0958/5970/4190/files/tonico-facial-revitalizante-y-nutritivo-argan-ecologico.jpg","Laboncler","Ecolatier · Cuidado Facial"
"crema-de-pies-nutricion-profunda-aguacate-ecologico-ecolatier","ECOLATIER Crema de Pies Nutrición Profunda Aguacate Ecológico","Crema de Pies Nutrición Profunda Aguacate Ecológico 
Nutre la piel seca y áspera de los pies
Aceite de aguacate
Manteca de cacao
Aceite del árbol del té
Aceite de romero
 98 % de ingredientes  de origen natural vegano
La Crema para Pies ECOLATIER® Aguacate Ecológico nutre en profundidad y ayuda con la piel seca y áspera. La piel queda suave como la seda y bien hidratada. Seguro para todo tipo de piel, ingredientes sin preocupaciones y apto para veganos
Ingredientes ecológicos: El Aceite de Aguacate Orgánico prensado en frío contiene vitaminas y antioxidantes, estimula la producción de colágeno, restaura las funciones de barrera de la piel. Rico en vitaminas B, D, E, F y ácidos grasos insaturados, nutre eficazmente la piel, elimina la sequedad y proporciona una suavidad duradera.
Ingredientes activos: La manteca de cacao nutre y suaviza perfectamente la piel, proporcionando un cuidado y una protección perfectos.
El aceite del árbol del té es conocido por sus efectos limpiadores y tonificantes. La crema para pies refresca en profundidad, ayuda a eliminar los malos olores y estimula los procesos de regeneración
El aceite de romero suaviza la piel, hidrata y tiene efecto peeling
 MODO DE EMPLEO:
 Aplicar sobre la piel limpia y masajear hasta su completa absorción. Sólo para uso externo
Contenido: 100 ml","out of stock","new","4.13 EUR","","https://aura-prestige.sumupstore.com/product/ecolatier-crema-de-pies-nutricion-profunda-aguacate-ecologico","https://cdn.shopify.com/s/files/1/0958/5970/4190/files/crema-de-pies-deep-nutrition-aguacate-ecologico.jpg","Laboncler","Ecolatier · Manos y Pies"
"crema-desodorante-para-pies-ecolatier","ECOLATIER Crema desodorante para pies","Crema desodorante para pies 
Refresca y protege la piel de olores desagradables, ayuda a reducir las molestias en las piernas
Aceite de romero y extracto de menta
 94% de ingredientes de origen natural 
Crema desodorante para los pies ECOLATIER® POWER refresca y protege la piel de olores desagradables, ayuda a reducir las molestias en las piernas. De rápida absorción, hidrata y suaviza eficazmente la piel y proporciona una sensación de limpieza y frescor durante todo el día
INGREDIENTES ACTIVOS: La manteca de karité hidrata y nutre la piel en profundidad, dejándola suave
El aceite de romero tiene un efecto curativo sobre la piel
El extracto de menta tiene un efecto calmante y refrescante, proporcionando a la piel una sensación de frescor y confort
 MODO DE EMPLEO: 
Aplicar sobre la piel limpia y seca de los pies hasta su completa absorción. Sólo para uso externo
Contenido: 100 ml","in stock","new","5.45 EUR","","https://aura-prestige.sumupstore.com/product/ecolatier-crema-desodorante-para-pies","https://cdn.shopify.com/s/files/1/0958/5970/4190/files/crema-desodorante-para-pies.jpg","Laboncler","Ecolatier · Manos y Pies"
"crema-manos-y-cuerpo-nutricion-pantenol-ecolatier","ECOLATIER Crema Manos y Cuerpo Nutrición Pantenol","Crema Manos y Cuerpo Nutrición Pantenol 
 Elimina la sequedad y la descamación. 
Mantiene la piel suave, hidrata y bonita.
Aceite de marula, manteca de karité, pantenol y extractos de resina de croton lechleri y moringa.
Vitaminas B5, B6, C y E
 98 % de ingredientes  de origen natural vegano
En un mundo donde la imagen lo es todo y la calidad define el camino hacia el éxito, cuidarse para seguir el ritmo de la ciudad es esencial
La serie ECOLATIER® URBAN es una línea de cuidado vibrante para la piel y el cabello de uso diario con efecto anticontaminación
Ser ""ECOLATIER"" significa que todo lo que hacemos no hace daño. Significa trabajar incansablemente para desarrollar los productos de una manera sostenible que permita prosperar tanto al planeta como a su sociedad.
Compuesta por extractos y aceites naturales, la hidratación penetra en las capas profundas de la piel para hidratarla y nutrirla. Su delicada textura y su fórmula activa favorecen una recuperación eficaz de la piel. La aplicación regular del producto mejora gradualmente la estructura de la piel, alisa su superficie y restablece el equilibrio hídrico-lipídico
INGREDIENTES ACTIVOS: El aceite de marula estimula poderosamente la regeneración celular, satura la piel con microelementos útiles, contiene antioxidantes e hidrata eficazmente la capa más profunda de la piel.
La manteca de karité nutre perfectamente la piel, potencia los procesos de regeneración y la vuelve suave y aterciopelada. Su rica composición bioquímica potencia las funciones protectoras de la piel
El Pantenol calma y repara las pieles muy secas, con irritaciones y descamaciones. Tiene un activo efecto regenerador, hidratante y suavizante, suaviza y recupera la piel
Extracto de Resina de Croton Lechleri (Sangre de Dragón), Extracto de Moringa, Vitaminas B5, B6, C, E estimulan la desintoxicación celular, regeneran la piel, muestran una alta actividad antioxidante y mejoran las funciones de barrera de la piel
 MODO DE EMPLEO: Aplicar una crema sobre la piel y masajear hasta su completa absorción. Sólo para uso externo
 Contenido: 400ml","in stock","new","9.85 EUR","","https://aura-prestige.sumupstore.com/product/ecolatier-crema-manos-y-cuerpo-nutricion-pantenol","https://cdn.shopify.com/s/files/1/0958/5970/4190/files/crema-manos-y-cuerpo-nutricion-pantenol.jpg","Laboncler","Ecolatier · Manos y Pies"
"ecolatier-espuma-limpiadora-facial-revitalizante-y-nutritiva-argan-ecologico","ECOLATIER Espuma Limpiadora Facial Revitalizante y Nutritiva Argán Ecológico","Espuma Limpiadora Facial Revitalizante y Nutritiva Argán Ecológico 
Limpia la piel y elimina el maquillaje, dejando la piel suave y nutrida
Aceite de argán
Pantenol
 98 % de ingredientes  de origen natural vegano
La Espuma Limpiadora Facial Revitalizante y Nutritiva ECOLATIER® está elaborada con ingredientes naturales y orgánicos, limpia suavemente la piel y elimina el maquillaje. La fórmula suave hace que la piel nutrida y suave
Ingrediente orgánico: Aceite de argán una rica vitamina A y vitamina E, también lleno de antioxidantes, ácidos grasos omega-6 y ácido linoleico. La aplicación de cosméticos con aceite de argán promueve la salud de la piel y mejora su elasticidad, reduciendo las líneas finas y arrugas y manteniendo la piel hidratada
Ingrediente activo: El pantenol tiene un efecto activo regenerador, hidratante y suavizante, suaviza y recupera la piel
 MODO DE EMPLEO: 
Aplicar sobre la piel húmeda, hacer espuma y aclarar con agua tibia. Sólo para uso externo
 Contenido: 150 ml","in stock","new","8.03 EUR","","https://aura-prestige.sumupstore.com/product/ecolatier-espuma-limpiadora-facial-revitalizante-y-nutritiva-argan-ecologico","https://cdn.shopify.com/s/files/1/0958/5970/4190/files/ESPUMA-FACIAL-LIMPIADORA.jpg","Laboncler","Ecolatier · Cuidado Facial"
"ecolatier-mascarilla-capilar-recuperadora-para-cabellos-tenidos","ECOLATIER Mascarilla Capilar Recuperadora para Cabellos Teñidos","Mascarilla Capilar Recuperadora para Cabellos Teñidos 
 Nutre y restaura el cabello 
Aceite de argán
Aceite de macadamia
Manteca de Karité
Extracto de resina de croton lechleri
Extracto de moringa
 96 % de ingredientes  de origen natural vegano
Los ingredientes naturales cuidan el cabello, lo nutren en profundidad y lo restauran al instante, dejándolo suave y sedoso. Nuestra fórmula proporciona al cabello un aspecto sano, brillo y sedosidad
INGREDIENTES ACTIVOS: Aceite de Argán protege el cabello de la exposición a factores adversos, hidrata intensamente, restaura la estructura del cabello, haciéndolo más fuerte y brillante. La manteca de karité nutre los folículos pilosos, cuida perfectamente el cabello, lo hace fuerte y sano. La manteca de cacao tiene un efecto beneficioso sobre el cabello y el cuero cabelludo, posee pronunciadas propiedades antioxidantes y regeneradoras. Restaura la estructura, mejora significativamente el estado del cabello y su aspecto. El aceite de jojoba estimula el crecimiento del cabello, le devuelve su elasticidad y fuerza, elimina la falta de brillo y las puntas abiertas, lo deja suave y brillante.
El aceite de macadamia satura el cabello en profundidad con sustancias útiles, vitaminas y humedad vital. El aceite tiene un efecto beneficioso sobre el cuero cabelludo, elimina la sequedad y el picor.
El extracto de resina de Croton Lechleri (sangre de dragón), el extracto de moringa y las vitaminas B5, B6, C y E estimulan la desintoxicación celular, regeneran la piel, muestran una gran actividad antioxidante y mejoran las funciones de barrera de la piel.
Como resultado: un cabello sano, brillante y sedoso
 Modo de uso:  Aplicar una mascarilla sobre el cabello limpio y húmedo durante 2-5 minutos, aclarar con agua tibia. Para uso externo
 Contenido: 380ml","out of stock","new","8.75 EUR","","https://aura-prestige.sumupstore.com/product/ecolatier-mascarilla-capilar-recuperadora-para-cabellos-tenidos","https://cdn.shopify.com/s/files/1/0958/5970/4190/files/MASCARILLA-CAPILAR-RECUPERADORA-CABELLOS-TENIDOS.jpg","Laboncler","Ecolatier · Cuidado Capilar"
"ecolatier-crema-corporal-nutricion-profunda-aguacate-ecologico","ECOLATIER Crema Corporal Nutrición Profunda Aguacate Ecológico","Crema Corporal Nutrición Profunda Aguacate Ecológico 
Nutre y refuerza la elasticidad y firmeza de la piel
Aceite de aguacate
Manteca de karité
Ceramidas
Extracto de hibisco
 98 % de ingredientes  de origen natural vegano
La crema corporal ECOLATIER® Aguacate Ecológico penetra en las capas de la piel, la nutre con ingredientes naturales y ecológicos, refuerza la elasticidad y firmeza de la piel. La piel se vuelve sedosa, sana e hidratada. Seguro para todo tipo de piel, ingredientes sin preocupaciones y apto para veganos
Ingrediente orgánico: El aceite de aguacate orgánico prensado en frío contiene vitaminas y antioxidantes, estimula la producción de colágeno, restaura las funciones de barrera de la piel. Rico en vitaminas B, D, E, F y ácidos grasos insaturados, nutre eficazmente la piel y le proporciona una suavidad duradera.
Principios activos: La manteca de karité nutre y restaura perfectamente la piel, proporciona un cuidado y una protección perfectos
Las ceramidas hidratan intensamente, refuerzan y restauran la barrera cutánea protectora necesaria para una piel sana y brillante
El extracto de hibisco hidrata y suaviza la piel
 MODO DE EMPLEO:
 Aplicar sobre la piel limpia después de la ducha o cuando la piel necesite hidratación. Sólo para uso externo
Contenido: 250 ml","in stock","new","8.03 EUR","","https://aura-prestige.sumupstore.com/product/ecolatier-crema-corporal-nutricion-profunda-aguacate-ecologico","https://cdn.shopify.com/s/files/1/0958/5970/4190/files/CREMA-CORPORAL-AGUACATE-MANTECA-KARITE-Y-CERAMIDAS.jpg","Laboncler","Ecolatier · Cuidado Corporal"
"jabon-liquido-de-cocina-clementina-ecolatier","ECOLATIER Jabón Líquido de Cocina Clementina","Jabón Líquido de Cocina Clementina 
Apto para limpiar platos, utensilios, vegetales y frutas
Limpia y elimina la grasa
Elimina malos olores
No deja marcas
Cuida de la piel de las manos
 97% de ingredientes de origen natural
En un mundo donde la imagen lo es todo y la calidad define el camino hacia el éxito, cuidarse para seguir el ritmo de la ciudad es esencial
La serie ECOLATIER® URBAN es una línea de cuidado vibrante para la piel y el cabello de uso diario con efecto anticontaminación
Ser ""ECOLATIER"" significa que todo lo que hacemos no hace daño. Significa trabajar incansablemente para desarrollar los productos de una manera sostenible que permita prosperar tanto al planeta como a su sociedad.
Jabón Líquido de Cocina Clementina ECOLATIER® URBAN es un limpiador multiusos para lavar todo tipo de vajilla, utensilios de cocina, verduras y frutas de toda suciedad
Su fórmula a base de ingredientes vegetales y biodegradables es un producto especialmente económico y respetuoso con el medio ambiente. Limpia y elimina la grasa incluso en agua fría, elimina los malos olores, se lava fácilmente, no deja marcas en la vajilla y cuida la piel de las manos
INGREDIENTES ACTIVOS: El extracto de clementina limpia suavemente, tiene un efecto antioxidante, suaviza la piel de las manos
 MODO DE EMPLEO: 
Aplicar el producto sobre la superficie a limpiar o sobre una esponja, hacer espuma y limpiar la superficie y aclarar con agua
Contenido: 600ml","in stock","new","10.95 EUR","","https://aura-prestige.sumupstore.com/product/ecolatier-jabon-liquido-de-cocina-clementina","https://cdn.shopify.com/s/files/1/0958/5970/4190/files/jabon-liquido-de-cocina-clementina.jpg","Laboncler","Ecolatier · Manos y Pies"
"espuma-limpiadora-facial-reafirmante-cannabis-ecologico","ECOLATIER Espuma Limpiadora Facial Reafirmante Cannabis Ecológico","Espuma Limpiadora Facial Reafirmante Cannabis Ecológico 
Limpia suavemente la piel y elimina el maquillaje.
Aceite de cannabis y alatoína
Apto para todo tipo de pieles.
Ser ""ECOLATIER"" significa que todo lo que hacemos no hace daño. Significa trabajar incansablemente para desarrollar los productos de una manera sostenible que permita prosperar tanto al planeta como a su sociedad.
Espuma Limpiadora Facial Reafirmante de la Piel ECOLATIER® Orgánica de Cannabis es alimentado por ingredientes naturales y orgánicos, limpia suavemente la piel y elimina el maquillaje. La fórmula suave deja la piel hidratada y fresca, preparada para el cuidado
Ingrediente orgánico: El Aceite de Cannabis Orgánico normaliza el hidrobalance en las células y protege contra los efectos de los radicales libres, retrasando el envejecimiento. Refuerza la turgencia de la piel
Ingrediente activo: La alantoína previene la tirantez y las molestias en la piel
 MODO DE EMPLEO: 
Aplicar sobre la piel húmeda, hacer espuma y aclarar con agua tibia. Sólo para uso externo
Contenido: 150ml","in stock","new","8.03 EUR","","https://aura-prestige.sumupstore.com/product/ecolatier-espuma-limpiadora-facial-reafirmante-cannabis-ecologico","https://cdn.shopify.com/s/files/1/0958/5970/4190/files/Espuma-Limpiadora-Facial-Reafirmante-Cannabis-Ecologico-1.jpg","Laboncler","Ecolatier · Cuidado Facial"
"leche-limpiadora-facial-revitalizante-y-nutritiva-argan-ecologico","ECOLATIER Leche Limpiadora Facial Revitalizante y Nutritiva Argán Ecológico","Leche Limpiadora Facial Revitalizante y Nutritiva Argán Ecológico 
Limpia suavemente la piel y elimina el maquillaje
Con aceite de argán y aminoácidos
 98 % de ingredientes  de origen natural vegano
Ser ""ECOLATIER"" significa que todo lo que hacemos no hace daño. Significa trabajar incansablemente para desarrollar los productos de una manera sostenible para permitir que tanto el planeta como su sociedad florezcan.
La Leche Limpiadora Facial Revitalizante y Nutritiva ECOLATIER® está elaborada con ingredientes naturales y orgánicos, limpia suavemente la piel y elimina el maquillaje. La fórmula suave hace que la piel nutrida y suave
Ingrediente orgánico: Aceite de argán ecológico, una rica vitamina A y vitamina E, también lleno de antioxidantes, ácidos grasos omega-6 y ácido linoleico. La aplicación de cosméticos con aceite de argán promueve una piel sana y mejorar su elasticidad, reduciendo las líneas finas y arrugas y mantener la piel hidratada
Ingrediente activo: Los aminoácidos promueven la reparación celular, hidratan la piel y proporcionan protección antioxidante
 MODO DE EMPLEO: 
Aplicar sobre la piel húmeda, hacer espuma y aclarar con agua tibia. Sólo para uso externo
Contenido: 250ml","in stock","new","6.38 EUR","","https://aura-prestige.sumupstore.com/product/ecolatier-leche-limpiadora-facial-revitalizante-y-nutritiva-argan-ecologico","https://cdn.shopify.com/s/files/1/0958/5970/4190/files/Leche-Limpiadora-Facial-Revitalizante-y-Nutritiva-Argan-Ecologico-1.jpg","Laboncler","Ecolatier · Cuidado Facial"
"ecolatier-balsamo-restaurador-para-cabello-danado","ECOLATIER  Bálsamo Restaurador para Cabello Dañado","Bálsamo Restaurador para Cabello Dañado 
Nutre y cuida el cabello dañado
Aceite de argán
Extracto de jazmín
Extracto de resina de croton lechleri
 97 % de ingredientes  de origen natural vegano
Ingredientes naturales y cuidadosamente seleccionados nutren y cuidan el cabello, aportándole un brillo intenso y un aspecto saludable
INGREDIENTES ACTIVOS: El Aceite de Argán hidrata y restaura perfectamente el cabello dañado, le da fuerza y un brillo saludable. Protege el cabello de la exposición a factores adversos
El extracto de jazmín tiene un efecto beneficioso sobre el cabello seco y dañado, restaura el brillo y la elasticidad natural del cabello, fortalece los folículos, estimula el crecimiento del cabello.
El extracto de resina de Croton Lechleri (sangre de dragón), el extracto de moringa y las vitaminas B5, B6, C y E estimulan la desintoxicación celular, regeneran la piel, muestran una elevada actividad antioxidante y mejoran las funciones de barrera de la piel.
Como resultado: cabello sano, brillante, bonito y con bienestar
 MODO DE EMPLEO: 
Aplicar sobre el cabello mojado. Dejar actuar 1-2 minutos, aclarar con agua tibia. Sólo para uso externo
 Contenido: 400 ml","in stock","new","8.75 EUR","","https://aura-prestige.sumupstore.com/product/ecolatier-balsamo-restaurador-para-cabello-danado","https://cdn.shopify.com/s/files/1/0958/5970/4190/files/BALSAMO-CAPILAR-CABELLOS-DANADOS.jpg","Laboncler","Ecolatier · Cuidado Capilar"
"acondicionador-limpiador-micelar-moringa-y-coco-ecolatier","ECOLATIER Acondicionador Limpiador Micelar Moringa y Coco","Acondicionador Limpiador Micelar Moringa y Coco 
Limpia el cuero cabelludo y el cabello, facilita el peinado y protege el color contra el lavado
Optimo para cabellos muy secos
Aceite de coco
Extracto de resina de Croton Lechleri
Extracto de moringa
Vitaminas B5, B6, C y E
 96 % de ingredientes  de origen natural vegano
El Acondicionador Micelar Limpiador ECOLATIER® URBAN es un bálsamo particularmente suave diseñado especialmente para limpiar con suavidad el cuero cabelludo y el cabello. Limpia como un champú, facilita el peinado como un bálsamo y protege el color contra el lavado. Es adecuado para lavar cabellos muy secos a los que les falta nutrición y suavidad. Los aceites del bálsamo suavizan el cabello, lo protegen de los efectos nocivos y le aportan brillo y luminosidad.
INGREDIENTES ACTIVOS: El aceite de coco fortalece el cabello desde el interior, previene su caída y fragilidad, nutre, protege de los rayos UV dañinos, estimula su crecimiento. El Aceite de Moringa es apreciado por sus propiedades limpiadoras e hidratantes. Envuelve todos los cabellos, suaviza los rizos duros y rebeldes. Nutre, alisa, da brillo y protacción al cabello.
El extracto de resina de Croton Lechleri (sangre de dragón), el extracto de Moringa, las vitaminas B5, B6, C, E estimulan la desintoxicación celular, regeneran la piel, muestran una alta actividad antioxidante y mejoran las funciones de barrera de la piel.
Como resultado: limpieza suave del cabello y el cuero cabelludo. Cabello brillante y sano
 MODO DE EMPLEO: 
Masajear el acondicionador en el cuero cabelludo y distribuir uniformemente por las puntas
Dejar actuar de 3 a 5 minutos, aclarar, secar y peinar como de costumbre. Sólo para uso externo
 Modo de uso:  Aplicar el bálsamo sobre el cabello húmedo en toda su longitud. Añadiendo agua, masajear intensamente el cabello y el cuero cabelludo durante al menos dos minutos. Aclarar con agua tibia. Para uso externo.
 Contenido: 380ml","in stock","new","8.75 EUR","","https://aura-prestige.sumupstore.com/product/ecolatier-acondicionador-limpiador-micelar-moringa-y-coco","https://cdn.shopify.com/s/files/1/0958/5970/4190/files/Acondicionador-Limpiador-Micelar-Moringa-y-Coco-1.jpg","Laboncler","Ecolatier · Cuidado Capilar"
"manteca-corporal-worlds-golden-oils-ecolatier","ECOLATIER Manteca Corporal World's Golden Oils","Manteca Corporal World's Golden Oils 
Nutre e hidrata la piel
Manteca de cacao
Manteca de Karité
Aceite de coco
Aceite de oliva
Extracto de resina de Croton Lechleri
 98 % de ingredientes  de origen natural vegano
Los aceites naturales de su composición, penetran en las capas profundas de la piel, nutriéndola e hidratándola. La textura única y el aroma discreto y sutil hacen olvidar el ajetreo urbano, aportan calma, armonía y buen humor
INGREDIENTES ACTIVOS: La manteca de cacao hidrata intensamente la piel, volviéndola suave y sedosa. Ralentiza significativamente el proceso de envejecimiento de la piel, la protege de la dañina radiación ultravioleta.
La manteca de karité tiene pronunciadas propiedades antioxidantes y regeneradoras, mejora el estado y el aspecto de la piel. Previene los cambios cutáneos relacionados con la edad estimulando la producción de colágeno.
El Aceite de Coco alisa perfectamente la piel, tiene propiedades nutritivas y suavizantes, elimina la sequedad y descamación de la piel, haciéndola aterciopelada y suave. El Aceite de Macadamia satura profundamente la piel con elementos útiles, vitaminas y humedad vivificante, inicia el proceso de regeneración celular.
El aceite de oliva tiene un efecto beneficioso sobre la piel, elimina la sequedad y la irritación.
El extracto de resina de Croton Lechleri (sangre de dragón), el extracto de moringa, las vitaminas B5, B6, C, E estimulan la desintoxicación celular, regeneran la piel, muestran una alta actividad antioxidante y mejoran las funciones de barrera de la piel.
 MODO DE EMPLEO: 
Aplicar sobre la piel y masajear hasta su completa absorción. Sólo para uso externo
Contenido: 380 ml","in stock","new","8.80 EUR","","https://aura-prestige.sumupstore.com/product/ecolatier-manteca-corporal-world-s-golden-oils","https://cdn.shopify.com/s/files/1/0958/5970/4190/files/Manteca-Corporal-Worlds-Golden-Oils-1.jpg","Laboncler","Ecolatier · Cuidado Corporal"
"edicion-limitadad-por-navidad-fregasuelos-ultraperfumado-aroma-spa-con-toques-oceanicos-y-ropa-recie","EDICIÓN LIMITADA: FREGASUELOS ULTRAPERFUMADO AROMA SPA CON TOQUES OCEÁNICOS Y ROPA RECIÉN TENDIDA","❄️🌊 FREGASUELOS ULTRA PERFUMADO 
 Edición Limitada por Navidad — Formato 5 L  
 La Navidad llega a la limpieza profesional con un aroma que lo cambia TODO. Oceanic Fresh es un fregasuelos ultra perfumado con un olor fresco, limpio y elegante que recuerda a un Spá premium , con notas oceánicas y ese toque inconfundible de ropa recién tendida .
 Un aroma frío, sofisticado y extremadamente limpio, perfecto para comunidades, portales y espacios amplios que necesitan un perfume que dure… y que impresione.
 ⭐ Por qué te va a encantar Oceanic Fresh: 
 ✔ Aroma fresco estilo Spá ✔ Notas oceánicas + aire limpio ✔ Perfume intenso y duradero ✔ Sensación de “ropa recién tendida” ✔ Perfecto para comunidades y zonas comunes ✔ Ultra perfumado — con efecto larga duración ✔ Formato industrial 5 L  ✔ Edición limitada por Navidad
 Un fregasuelos elegante, frío y refrescante que deja cualquier espacio oliendo a Navidad moderna y limpia.","in stock","new","20.00 EUR","15.00 EUR","https://aura-prestige.sumupstore.com/product/edicion-limitada-fregasuelos-ultraperfumado-aroma-spa-con-toques-oceanicos-y-ropa-recien-tendida","https://cdn.shopify.com/s/files/1/0958/5970/4190/files/EDLIMITADAFREGASUELOSAZUL.jpg","Laboncler","Ofertas del Mes"
"edicion-limitada-por-navidad-fregasuelos-ultra-perfumado-aroma-pomelo-limon-y-naranja-persa","EDICIÓN LIMITADA: FREGASUELOS ULTRA PERFUMADO AROMA POMELO, LIMÓN Y NARANJA PERSA","🍊✨ FREGASUELOS ULTRA PERFUMADO  
 Edición Limitada por Navidad — Formato 5 L — 
 Si te gustan los aromas potentes, vibrantes y afrutados… este es el tuyo. La edición limitada Super Aromático Frutas es una auténtica bomba frutal : una mezcla explosiva de pomelo, limón y naranja persa , perfecta para llenar cualquier espacio de energía, frescor y un perfume alegre y navideño.
 Especial para comunidades que buscan un olor llamativo, cálido y optimista.
 ⭐ Por qué te va a enamorar Super Aromático Frutas: 
 ✔ Explosión de pomelo, limón y naranja persa ✔ Aroma fuerte, vibrante y ultra frutal ✔ Perfume de larga duración ✔ Sensación fresca, chispeante y luminosa ✔ Ideal para portales, comunidades y zonas amplias ✔ Ultra perfumado ✔ Formato industrial 5 L  ✔ Edición limitada por Navidad
 Una fragancia cálida, alegre y festiva que convierte cualquier espacio en un ambiente navideño lleno de vida.","in stock","new","20.00 EUR","15.00 EUR","https://aura-prestige.sumupstore.com/product/edicion-limitada-fregasuelos-ultra-perfumado-aroma-pomelo-limon-y-naranja-persa","https://cdn.shopify.com/s/files/1/0958/5970/4190/files/FREGASUELOSEDLIMITADA.jpg","Laboncler","Ofertas del Mes"
"agua-micelar-piel-sensible-ecolatier","ECOLATIER Agua Micelar Piel Sensible","Agua Micelar Piel Sensible 
Elimina suave y eficazmente el maquillaje y las impurezas del rostro y el cuello
Con jugo de aloe vera y extractos de morera, resina de croton lechleri y moringa
Vitaminas B5, B6, C y E
 99 % de ingredientes  de origen natural vegano
Este producto tiene como objetivo eliminar suave y eficazmente el maquillaje y las impurezas del rostro y el cuello. Los ingredientes naturales incluidos en la composición hidratan y nutren la piel, preparando el rostro para cuidados posteriores y dando una sensación de limpieza, permitiendo que la piel ""respire""
INGREDIENTES ACTIVOS: Jugo de Aloe Vera limpia suavemente e hidrata la piel, tiene un efecto calmante y antiinflamatorio
El Extracto de Morera nutre e hidrata perfectamente la piel, normaliza los procesos metabólicos en las capas profundas de la epidermis. Deja la piel increíblemente lisa y suave
Extracto de Resina de Croton Lechleri (Sangre de Dragón), Extracto de Moringa, Vitaminas B5, B6, C, E estimulan la desintoxicación celular, regeneran la piel, muestran una alta actividad antioxidante y mejoran las funciones de barrera de la piel
 MODO DE EMPLEO: 
Aplique agua micelar en un disco de algodón y páselo suavemente por el rostro y los ojos durante unos segundos para eliminar el maquillaje. Consejo: presiona suavemente el disco de algodón sobre las pestañas durante unos segundos para disolver la máscara y facilitar su eliminación. Repita la operación si es necesario. Aclarar con agua si se desea. Sólo para uso externo
Contenido: 400 ml","in stock","new","6.06 EUR","","https://aura-prestige.sumupstore.com/product/ecolatier-agua-micelar-piel-sensible","https://cdn.shopify.com/s/files/1/0958/5970/4190/files/agua-micelar-piel-sensible.jpg","Laboncler","Ecolatier · Cuidado Facial"
"plumero-palmera","Plumero Palmera","Plumero Palmera de Microfibras:
🌿 70% Viscosa Natural
🌿 30% Poliester
🌿 100% ergonómico
🌿 Extralargo 80 cm
🌿 Extra flexible
Para limpiezas de difícil acceso:
Parte superior de los muebles / altillos
Partes bajas del canapé, sofás, frigoríficos...
Cuadros, radiadores, calefactores
Figuras, televisores, pantallas y estantes....
Uso en seco o húmedo con ECO-JIN.
Fibras de fácil lavado en lavadoras o a mano
( 40 grados máximo )
 VER VIDEO DEMOSTRATIVO PULSA ICONO ""PLAY"" EN LA FOTO","in stock","new","10.99 EUR","","https://aura-prestige.sumupstore.com/product/plumero-palmera","https://cdn.shopify.com/s/files/1/0958/5970/4190/files/1000074772.png","Laboncler","Hogar"
"pack-4-limpieza","PACK 4 Limpieza 4 ECOJIN+4 DIFUSORES+PLUMERO+CEPILLO JUNTAS AMARILLO+CEPILLO TEXTIL ROSA+4 BAYETAS+4 ESTROPAJOS ESPONJA+BOLA DESCALCIFICADORA","Pack compuesto por:
 Los 4 Eco-Jin (Spa, Home, Intense y Neutro) NO INCLUYE EL NUEVO ECO-JIN GLOW 
 4 Difusores
 Plumero Palmera
 Cepillo de Juntas
 Cepillo textil Rosa
 4 Bayetas Microfibra
 4 Estropajos con esponja
 Bola Descalcificadora
 NO INCLUYE EL NUEVO ECO-JIN GLOW","in stock","new","96.25 EUR","","https://aura-prestige.sumupstore.com/product/pack-4-limpieza-4-ecojin-4-difusores-plumero-cepillo-juntas-amarillo-cepillo-textil-rosa-4-bayetas-4-estropajos-esponja-bola-descalcificadora","https://cdn.shopify.com/s/files/1/0958/5970/4190/files/PACK-4-1_827d109b-f7d1-431e-a240-9a1a85f191d2.jpg","Laboncler","Packs"
"pack-bouquet-ej-neutro-1l5-difusores5-esencias-aromaticas-a-elegir","PACK BOUQUET (EJ NEUTRO 1L+5 DIFUSORES+5 ESENCIAS AROMATICAS A ELEGIR)","Pack Compuesto de:
1 Eco-Jin Neutro de 1L
5 Disfusor espumante.
5 Esencias Aromáticas 50ml a elegir.
AÑADE 10 MILILITROS DE ESENCIA A TU MEZCLA YA PREPARADA Y ALUCINA CON LAS FRAGANCIAS ‼‼
 Recuerda que estas fragancias están diseñadas exclusivamente con ese fin, EL DE CAMBIAR EL AROMA 
 DE ECO JIN NEUTRO ya que :
ES UN PRODUCTO PARA DETERGENCIA JABONES Y LOCIONES.
NO AFECTAN AL PRODUCTO ORIGINAL.
NO ALTERAN SU PODER LIMPIADOR.
NO AFECTA A LA PIEL.
SU BASE ES NEUTRA.
ES APTA PARA SUPERFICIES DE USO
ALIMENTARIO, COCINAS, ÚTILES CULINARIOS, PLATOS, VASOS ETC...
NO ESTÁ TESTADA EN ÁNIMALES.
Y APORTA UN AROMA EXTRA DURADERO Y DE LOCOS ‼‼‼
Para que tu Eco-Jin Neutro huela como tu quieras.
 Dosificación recomendada: Añadir 10ml de Esencia a la mezcla ya hecha de Eco-Jin con agua.","in stock","new","50.05 EUR","","https://aura-prestige.sumupstore.com/product/pack-bouquet-ej-neutro-1l-5-difusores-5-esencias-aromaticas-a-elegir","https://cdn.shopify.com/s/files/1/0958/5970/4190/files/PACK-BOUQUET.jpg","Laboncler","Packs"
"kit-de-inicio-eco-jin-spa","Kit de Inicio Eco-Jin SPA","⭐ ECO-JIN en formato de 1 litro con aroma Spá.
⭐ 3 vaporizadores espumantes para que puedas hacer las diferentes mezclas de ECO-JIN.
⭐ Bayeta de microfibra de 30 x 40 cm.
⭐ Estropajo de lana de aluminio con jabón seco natural.
⭐ Estropajo salvauñas de fibras de poliester.","in stock","new","21.95 EUR","","https://aura-prestige.sumupstore.com/product/kit-de-inicio-eco-jin-spa","https://cdn.shopify.com/s/files/1/0958/5970/4190/files/KIT-INICIO-SPA.jpg","Laboncler","Packs"
"kit-de-inicio-eco-jin-glow__trashed","Kit de Inicio Eco-Jin GLOW","⭐ ECO-JIN en formato de 1 litro con aroma GLOW (PH Neutro).
⭐ 3 vaporizadores espumantes para que puedas hacer las diferentes mezclas de ECO-JIN.
⭐ Bayeta de microfibra de 30 x 40 cm.
⭐ Estropajo de lana de aluminio con jabón seco natural.
⭐ Estropajo salvauñas de fibras de poliester.","in stock","new","21.95 EUR","","https://aura-prestige.sumupstore.com/product/kit-de-inicio-eco-jin-glow","https://cdn.shopify.com/s/files/1/0958/5970/4190/files/kitinicioglow.jpg","Laboncler","Packs"
"kit-de-inicio-eco-jin-intense","Kit de Inicio Eco-Jin INTENSE","⭐ ECO-JIN en formato de 1 litro con aroma INTENSE.
⭐ 3 vaporizadores espumantes para que puedas hacer las diferentes mezclas de ECO-JIN.
⭐ Bayeta de microfibra de 30 x 40 cm.
⭐ Estropajo de lana de aluminio con jabón seco natural.
⭐ Estropajo salvauñas de fibras de poliester.","in stock","new","21.95 EUR","","https://aura-prestige.sumupstore.com/product/kit-de-inicio-eco-jin-intense","https://cdn.shopify.com/s/files/1/0958/5970/4190/files/KIT-INICIO-INTENSE.jpg","Laboncler","Packs"
"kit-de-inicio-eco-jin-home","Kit de Inicio Eco-Jin HOME","⭐ ECO-JIN en formato de 1 litro con aroma Home (Talco y flores blancas).
⭐ 3 vaporizadores espumantes para que puedas hacer las diferentes mezclas de ECO-JIN.
⭐ Bayeta de microfibra de 30 x 40 cm.
⭐ Estropajo de lana de aluminio con jabón seco natural.
⭐ Estropajo salvauñas de fibras de poliester.","in stock","new","21.95 EUR","","https://aura-prestige.sumupstore.com/product/kit-de-inicio-eco-jin-home","https://cdn.shopify.com/s/files/1/0958/5970/4190/files/KIT-INICIO-HOME.jpg","Laboncler","Packs"
"kit-de-inicio-eco-jin-neutro","Kit de Inicio Eco-Jin NEUTRO","⭐ ECO-JIN en formato de 1 litro con aroma Neutro.
⭐ 3 vaporizadores espumantes para que puedas hacer las diferentes mezclas de ECO-JIN.
⭐ Bayeta de microfibra de 30 x 40 cm.
⭐ Estropajo de lana de aluminio con jabón seco natural.
⭐ Estropajo salvauñas de fibras de poliester.","in stock","new","21.95 EUR","","https://aura-prestige.sumupstore.com/product/kit-de-inicio-eco-jin-neutro","https://cdn.shopify.com/s/files/1/0958/5970/4190/files/KIT-INICIO-NEUTRO.jpg","Laboncler","Packs"
"crema-oxidante-20-vol-6-1-litro","CREMA OXIDANTE 20 VOL- 6% -1 Litro","Emulsión oxidante formulada con agua oxigenada de 20 volúmenes, Concentración 6%.
ESPECIAL PARA BLANQUEAR PLÁSTICOS AMARILLENTOS, TAPAS DEL INODORO, CAJETIN DE LA LAVADORA, FRIGORÍFICOS, MICROONDAS, PLÁSTICOS DE LOS AIRES ACONDICIONADOS...
EXCELENTE ELIMINADOR DE OXIDO EN SUPERFICIES Y TEXTILES
MANCHAS MUY MUY DURAS Y CAL MUY INCRUSTADA.
También hay que destacar que esta formulación vegana lleva agua osmotizada (desionizada), agua oxigenada estabilizada
y se puede utilizar también para mezclar con polvo decolorante en las decoloraciones capilares.
 Advertencias para su uso: 
• Contiene peróxido de hidrógeno.
• Utilizar guantes
• Evitar todo contacto con los ojos.
• Enjuagar inmediatamente los ojos si el producto entra en contacto con éstos.","in stock","new","6.49 EUR","","https://aura-prestige.sumupstore.com/product/crema-oxidante-20-vol-6-1-litro","https://cdn.shopify.com/s/files/1/0958/5970/4190/files/crema-oxigenada.jpg","Laboncler","Hogar"
"perseo-lavavajillas-maquina-en-gel-12kg","PERSEO LAVAVAJILLAS MÁQUINA EN GEL 1,2Kg","PERSEO 7 en 1 GEL LAVAVAJILLAS ( MÁQUINA) 
Con Perséo 7 en 1 de Laboncler obtendrás un lavado impecable, libre de grasas, seguro y Con un brillo deslumbrante.
Además con la protección de tus cristalerias y menajes, proporcionando un acabado perfecto para el acero inoxidable de tu lavavajillas, descalcificandolo a su vez.
Con un secado ultrarapido, dejando un sutil aroma cítrico que no va a dejarte indiferente y por supuesto cuidando el medio ambiente.
Con Perseo 7 en 1 de Laboncler dile adiós a los malos olores a la cal y la suciedad más difícil...
¡¡¡ Simplificando tus tareas !!!
Y decimos que Perseo es 7 en 1 porque:
Su formulación Biodegradable, CRUELTY FREE Y sin fosfatos actúa como:
 📍ANTIGRASA 
 📍ANTI CAL 
 📍ABRILLANTADOR 
 📍FUNCIÓN SAL 
 📍PROTECCIÓN DEL CRISTAL 
 📍SECADO ULTRARAPIDO 
 📍Y AMBIENTADOR 
EFICACIA PROBADA TAMBIÉN A BAJA TEMPERATURA Y EN LAVADOS CORTOS.
Aprovechando el 100% del producto sin residuos sólidos y disolviendose en su totalidad a diferencia de las pastillas...
Botella de 1,2 kilos.
Hasta 60 lavados .
AROMA A LIMA MEXICANA 🍋‍🟩
Aplicar entre 20 - 30 ml en el cajetín de tu lavavajillas dependiendo la suciedad de los cacharros,
Y... sorpréndete con los resultados !!!
 PERSEO BY LABONCLER","in stock","new","13.81 EUR","11.90 EUR","https://aura-prestige.sumupstore.com/product/perseo-lavavajillas-maquina-en-gel-1-2kg","https://cdn.shopify.com/s/files/1/0958/5970/4190/files/Perseo.jpg","Laboncler","Ofertas del Mes"
"novedad-detergente-gel-activo-al-jabon-de-coco","DETERGENTE GEL ACTIVO AL JABÓN DE COCO","Limpieza profunda, aroma fresco y fórmula biodegradable 
 El Detergente Gel Activo al Jabón de Coco de Laboncler es el detergente ideal para quienes buscan una colada impecable, un aroma suave y natural, y un producto que cuide tanto la ropa como el medio ambiente.
 Su fórmula gel biodegradable actúa de manera eficaz sobre manchas y suciedad, a la vez que respeta los tejidos gracias a la suavidad del jabón de coco.
 Perfecto tanto para ropa blanca como de color.
 ⭐ Beneficios del Detergente Gel Activo 
 ✔ Aroma fresco a jabón de coco Un perfume suave, limpio y agradable que deja tu ropa oliendo a natural.
 ✔ Limpieza profunda y delicada Su fórmula en gel se adhiere mejor a las fibras para eliminar suciedad sin dañar los tejidos.
 ✔ Biodegradable y respetuoso Comprometido con una limpieza eficaz que también cuida del medio ambiente.
 ✔ Apto para todo tipo de ropa Funciona perfectamente en ropa blanca, de color y tejidos delicados.
 ✔ Más rendimiento por lavado Una fórmula concentrada pensada para durar más.
 💚 Ideal para ti si… 
 Te encanta el olor limpio y suave del coco.
 Quieres un detergente que cuide tu ropa y sea eficaz.
 Prefieres productos biodegradables y de fabricación propia.
 Buscas un resultado profesional en cada lavado.","in stock","new","16.46 EUR","","https://aura-prestige.sumupstore.com/product/detergente-gel-activo-al-jabon-de-coco","https://cdn.shopify.com/s/files/1/0958/5970/4190/files/detergentegelactivo.jpg","Laboncler","Hogar"
"novedad-pack-completo-detergente-suavizante-perseo-chronos-a-elegir-3-dispensadores","PACK COMPLETO: DETERGENTE + SUAVIZANTE + PERSEO + CHRONOS A ELEGIR + 3 DISPENSADORES","Detergente + Suavizante + Perséo (Lavavajillas Máquina) + Chronos (Lavavajillas Manual) + 3 Dispensadores Premium Apto Alimentario 
 Aromas del detergente y suavizante a tu elección 
 El Pack Completo de Laboncler es la solución definitiva para quienes quieren cubrir todas las necesidades de limpieza del hogar con eficacia profesional, aromas intensos y un espacio organizado con dispensadores premium aptos para uso alimentario .
 Un pack pensado para tenerlo todo a mano: ropa impecable, vajilla reluciente y una zona de lavado perfectamente ordenada.
 ⭐ ¿Qué incluye? 
 🧴 1. Detergente Laboncler – 2 Aromas a elegir 
 Dos fragancias exclusivas y fabricadas por Laboncler:
 Aromas disponibles: 
 🥥 Jabón de Coco (NUEVO) 
 🌿 Gel Activo 
 Beneficios del Detergente: ✔ Limpieza profunda incluso en ropa muy sucia ✔ Apto para ropa blanca y de color ✔ Aroma persistente ✔ Fórmula biodegradable
 🌺 2. Suavizante Laboncler – Nuevo aroma: COCO DAMASCO 
 El nuevo suavizante Coco Damasco llega con una fragancia cálida y envolvente, con microcápsulas que mantienen el olor durante días.
 Beneficios del suavizante: ✔ Nuevo aroma exclusivo Coco Damasco ✔ Microcápsulas de larga duración ✔ Suavidad increíble en cada prenda ✔ Perfume perceptible en lavado, secado, armario y uso
 🧽 3. Perséo – Gel Lavavajillas para Máquina 
 Gel lavavajillas de alto rendimiento, especial para lavavajillas automáticos. Limpia, desengrasa y deja brillo sin necesidad de complicaciones.
 Beneficios: ✔ Acción potente 7 en 1 ✔ Desengrasa profundamente ✔ Apto para uso diario ✔ Fórmula eficiente incluso en ciclos cortos
 💎 4. Chronos – Lavavajillas Manual 
 El gel lavavajillas manual para cocina que combina desengrase, espuma y brillo en una sola fórmula.
 Beneficios: ✔ Fuerte contra la grasa ✔ Suave con tus manos ✔ Alta capacidad de espuma ✔ Ideal para uso diario
 🫙 5. Set de 3 Dispensadores Premium (1.7 L – 2.5 L – 3 L) 
 Los dispensadores oficiales de Laboncler, de alta calidad y aptos para uso alimentario , perfectos para detergente, suavizante, Perséo, Chronos o incluso alimentos líquidos.
 Características: 
 ✔ Uso alimentario certificado
 ✔ Reutilizables y muy resistentes
 ✔ Tapón dosificador incluido
 ✔ Líneas de medida visibles
 ✔ Diseño elegante para organizar cualquier espacio
 🌟 Por qué este pack es único 
 ✔ Incluye TODOS los productos esenciales de Laboncler
 ✔Nuevo aroma de detergente:  JABÓN DE COCO ✔ Nuevo aroma de suavizante: COCO DAMASCO ✔ Perséo (lavavajillas máquina) + Chronos (lavavajillas manual) ✔ Dispensadores aptos para uso alimentario ✔ Ahorro total y máxima comodidad

Opciones disponibles: JABÓN DE COCO ¡NUEVO! / COCO DAMASCO ¡NUEVO! / Artico-Limpio · JABÓN DE COCO ¡NUEVO! / COCO DAMASCO ¡NUEVO! / Canela-Naranja · JABÓN DE COCO ¡NUEVO! / COCO DAMASCO ¡NUEVO! / Chronos Black · JABÓN DE COCO ¡NUEVO! / BLUE POISON / Artico-Limpio · JABÓN DE COCO ¡NUEVO! / BLUE POISON / Canela-Naranja · JABÓN DE COCO ¡NUEVO! / BLUE POISON / Chronos Black · GEL ACTIVO / COCO DAMASCO ¡NUEVO! / Artico-Limpio · GEL ACTIVO / COCO DAMASCO ¡NUEVO! / Canela-Naranja · GEL ACTIVO / COCO DAMASCO ¡NUEVO! / Chronos Black · GEL ACTIVO / BLUE POISON / Artico-Limpio · GEL ACTIVO / BLUE POISON / Canela-Naranja · GEL ACTIVO / BLUE POISON / Chronos Black
Indícanos la opción que quieres al hacer el pedido.","in stock","new","74.80 EUR","","https://aura-prestige.sumupstore.com/product/pack-completo-detergente-suavizante-perseo-chronos-a-elegir-3-dispensadores","https://cdn.shopify.com/s/files/1/0958/5970/4190/files/pack_completodetsuav.jpg","Laboncler","Packs"
"novedad-eco-pack-eco-jin-detergente-suavizante","ECO-PACK eco-Jin + DETERGENTE + SUAVIZANTE","El pack definitivo para una limpieza completa, eficaz y con aromas irresistibles 
 El NUEVO E co-Pack  reúne en un solo pack los tres imprescindibles que están revolucionando la limpieza del hogar: Eco-Jin Multiusos , el Detergente Gel Activo al Jabón de Coco y el Suavizante Coco Damasco . Tres productos creados con fabricación propia,  con un rendimiento superior en cada lavado.
 Si buscas limpieza profunda, prendas más suaves y un olor que dura días, este pack está hecho para ti.
 ✨  ¿Qué incluye el Eco-Pack? 
 🧴 1. Eco-Jin Multiusos + DIFUSOR(1L) 
 El viral de TikTok que arrasa por su eficacia.
 Quita manchas, disuelve suciedad incrustada y sirve tanto para uso profesional como doméstico.
 Ideal para baños, cocina, tejidos, superficies y más.
 👕 2. Detergente Gel Activo al Jabón de Coco 
 Aroma fresco a jabón de coco .
 Apto para ropa blanca y de color .
 Fórmula biodegradable y más delicada con tus prendas.
 Fabricación exclusiva de Laboncler.
 🌺 3. Suavizante Coco Damasco 
 Mezcla única de coco y vainilla con microcápsulas que mantienen el olor durante días.
 Deja la ropa suave, ligera y con una fragancia intensa tanto dentro como fuera de la lavadora.
 Fórmula propia no disponible en ningún otro fabricante.

Opciones disponibles: NEUTRO (ESPECIAL LAVADORA) / GEL ACTIVO AL JABON DE COCO ¡NUEVO! / SUAVIZANTE COCO DAMASCO ¡NUEVO! · NEUTRO (ESPECIAL LAVADORA) / GEL ACTIVO AL JABON DE COCO ¡NUEVO! / SUAVIZANTE BLUME POISON · NEUTRO (ESPECIAL LAVADORA) / GEL ACTIVO AL JABON DE COCO ¡NUEVO! / DETERGENTE GEL ACTIVO · NEUTRO (ESPECIAL LAVADORA) / GEL ACTIVO AL JABON DE COCO ¡NUEVO! / DETERGENTE GEL ACTIVO AL JABÓN DE COCO · NEUTRO (ESPECIAL LAVADORA) / GEL ACTIVO / SUAVIZANTE COCO DAMASCO ¡NUEVO! · NEUTRO (ESPECIAL LAVADORA) / GEL ACTIVO / SUAVIZANTE BLUME POISON · NEUTRO (ESPECIAL LAVADORA) / GEL ACTIVO / DETERGENTE GEL ACTIVO · NEUTRO (ESPECIAL LAVADORA) / GEL ACTIVO / DETERGENTE GEL ACTIVO AL JABÓN DE COCO · NEUTRO (ESPECIAL LAVADORA) / SUAVIZANTE COCO DAMASCO / SUAVIZANTE COCO DAMASCO ¡NUEVO! · NEUTRO (ESPECIAL LAVADORA) / SUAVIZANTE COCO DAMASCO / SUAVIZANTE BLUME POISON · NEUTRO (ESPECIAL LAVADORA) / SUAVIZANTE COCO DAMASCO / DETERGENTE GEL ACTIVO · NEUTRO (ESPECIAL LAVADORA) / SUAVIZANTE COCO DAMASCO / DETERGENTE GEL ACTIVO AL JABÓN DE COCO · NEUTRO (ESPECIAL LAVADORA) / SUAVIZANTE BLUME POISON / SUAVIZANTE COCO DAMASCO ¡NUEVO! · NEUTRO (ESPECIAL LAVADORA) / SUAVIZANTE BLUME POISON / SUAVIZANTE BLUME POISON · NEUTRO (ESPECIAL LAVADORA) / SUAVIZANTE BLUME POISON / DETERGENTE GEL ACTIVO · NEUTRO (ESPECIAL LAVADORA) / SUAVIZANTE BLUME POISON / DETERGENTE GEL ACTIVO AL JABÓN DE COCO · HOME / GEL ACTIVO AL JABON DE COCO ¡NUEVO! / SUAVIZANTE COCO DAMASCO ¡NUEVO! · HOME / GEL ACTIVO AL JABON DE COCO ¡NUEVO! / SUAVIZANTE BLUME POISON · HOME / GEL ACTIVO AL JABON DE COCO ¡NUEVO! / DETERGENTE GEL ACTIVO · HOME / GEL ACTIVO AL JABON DE COCO ¡NUEVO! / DETERGENTE GEL ACTIVO AL JABÓN DE COCO · HOME / GEL ACTIVO / SUAVIZANTE COCO DAMASCO ¡NUEVO! · HOME / GEL ACTIVO / SUAVIZANTE BLUME POISON · HOME / GEL ACTIVO / DETERGENTE GEL ACTIVO · HOME / GEL ACTIVO / DETERGENTE GEL ACTIVO AL JABÓN DE COCO · HOME / SUAVIZANTE COCO DAMASCO / SUAVIZANTE COCO DAMASCO ¡NUEVO! · HOME / SUAVIZANTE COCO DAMASCO / SUAVIZANTE BLUME POISON · HOME / SUAVIZANTE COCO DAMASCO / DETERGENTE GEL ACTIVO · HOME / SUAVIZANTE COCO DAMASCO / DETERGENTE GEL ACTIVO AL JABÓN DE COCO · HOME / SUAVIZANTE BLUME POISON / SUAVIZANTE COCO DAMASCO ¡NUEVO! · HOME / SUAVIZANTE BLUME POISON / SUAVIZANTE BLUME POISON · HOME / SUAVIZANTE BLUME POISON / DETERGENTE GEL ACTIVO · HOME / SUAVIZANTE BLUME POISON / DETERGENTE GEL ACTIVO AL JABÓN DE COCO · INTENSE / GEL ACTIVO AL JABON DE COCO ¡NUEVO! / SUAVIZANTE COCO DAMASCO ¡NUEVO! · INTENSE / GEL ACTIVO AL JABON DE COCO ¡NUEVO! / SUAVIZANTE BLUME POISON · INTENSE / GEL ACTIVO AL JABON DE COCO ¡NUEVO! / DETERGENTE GEL ACTIVO · INTENSE / GEL ACTIVO AL JABON DE COCO ¡NUEVO! / DETERGENTE GEL ACTIVO AL JABÓN DE COCO · INTENSE / GEL ACTIVO / SUAVIZANTE COCO DAMASCO ¡NUEVO! · INTENSE / GEL ACTIVO / SUAVIZANTE BLUME POISON · INTENSE / GEL ACTIVO / DETERGENTE GEL ACTIVO · INTENSE / GEL ACTIVO / DETERGENTE GEL ACTIVO AL JABÓN DE COCO · INTENSE / SUAVIZANTE COCO DAMASCO / SUAVIZANTE COCO DAMASCO ¡NUEVO! · INTENSE / SUAVIZANTE COCO DAMASCO / SUAVIZANTE BLUME POISON · INTENSE / SUAVIZANTE COCO DAMASCO / DETERGENTE GEL ACTIVO · INTENSE / SUAVIZANTE COCO DAMASCO / DETERGENTE GEL ACTIVO AL JABÓN DE COCO · INTENSE / SUAVIZANTE BLUME POISON / SUAVIZANTE COCO DAMASCO ¡NUEVO! · INTENSE / SUAVIZANTE BLUME POISON / SUAVIZANTE BLUME POISON · INTENSE / SUAVIZANTE BLUME POISON / DETERGENTE GEL ACTIVO · INTENSE / SUAVIZANTE BLUME POISON / DETERGENTE GEL ACTIVO AL JABÓN DE COCO · GLOW / GEL ACTIVO AL JABON DE COCO ¡NUEVO! / SUAVIZANTE COCO DAMASCO ¡NUEVO! · GLOW / GEL ACTIVO AL JABON DE COCO ¡NUEVO! / SUAVIZANTE BLUME POISON · GLOW / GEL ACTIVO AL JABON DE COCO ¡NUEVO! / DETERGENTE GEL ACTIVO · GLOW / GEL ACTIVO AL JABON DE COCO ¡NUEVO! / DETERGENTE GEL ACTIVO AL JABÓN DE COCO · GLOW / GEL ACTIVO / SUAVIZANTE COCO DAMASCO ¡NUEVO! · GLOW / GEL ACTIVO / SUAVIZANTE BLUME POISON · GLOW / GEL ACTIVO / DETERGENTE GEL ACTIVO · GLOW / GEL ACTIVO / DETERGENTE GEL ACTIVO AL JABÓN DE COCO · GLOW / SUAVIZANTE COCO DAMASCO / SUAVIZANTE COCO DAMASCO ¡NUEVO! · GLOW / SUAVIZANTE COCO DAMASCO / SUAVIZANTE BLUME POISON · GLOW / SUAVIZANTE COCO DAMASCO / DETERGENTE GEL ACTIVO · GLOW / SUAVIZANTE COCO DAMASCO / DETERGENTE GEL ACTIVO AL JABÓN DE COCO · GLOW / SUAVIZANTE BLUME POISON / SUAVIZANTE COCO DAMASCO ¡NUEVO! · GLOW / SUAVIZANTE BLUME POISON / SUAVIZANTE BLUME POISON · GLOW / SUAVIZANTE BLUME POISON / DETERGENTE GEL ACTIVO · GLOW / SUAVIZANTE BLUME POISON / DETERGENTE GEL ACTIVO AL JABÓN DE COCO · SPA / GEL ACTIVO AL JABON DE COCO ¡NUEVO! / SUAVIZANTE COCO DAMASCO ¡NUEVO! · SPA / GEL ACTIVO AL JABON DE COCO ¡NUEVO! / SUAVIZANTE BLUME POISON · SPA / GEL ACTIVO AL JABON DE COCO ¡NUEVO! / DETERGENTE GEL ACTIVO · SPA / GEL ACTIVO AL JABON DE COCO ¡NUEVO! / DETERGENTE GEL ACTIVO AL JABÓN DE COCO · SPA / GEL ACTIVO / SUAVIZANTE COCO DAMASCO ¡NUEVO! · SPA / GEL ACTIVO / SUAVIZANTE BLUME POISON · SPA / GEL ACTIVO / DETERGENTE GEL ACTIVO · SPA / GEL ACTIVO / DETERGENTE GEL ACTIVO AL JABÓN DE COCO · SPA / SUAVIZANTE COCO DAMASCO / SUAVIZANTE COCO DAMASCO ¡NUEVO! · SPA / SUAVIZANTE COCO DAMASCO / SUAVIZANTE BLUME POISON · SPA / SUAVIZANTE COCO DAMASCO / DETERGENTE GEL ACTIVO · SPA / SUAVIZANTE COCO DAMASCO / DETERGENTE GEL ACTIVO AL JABÓN DE COCO · SPA / SUAVIZANTE BLUME POISON / SUAVIZANTE COCO DAMASCO ¡NUEVO! · SPA / SUAVIZANTE BLUME POISON / SUAVIZANTE BLUME POISON · SPA / SUAVIZANTE BLUME POISON / DETERGENTE GEL ACTIVO · SPA / SUAVIZANTE BLUME POISON / DETERGENTE GEL ACTIVO AL JABÓN DE COCO · ICE-MINT / GEL ACTIVO AL JABON DE COCO ¡NUEVO! / SUAVIZANTE COCO DAMASCO ¡NUEVO! · ICE-MINT / GEL ACTIVO AL JABON DE COCO ¡NUEVO! / SUAVIZANTE BLUME POISON · ICE-MINT / GEL ACTIVO AL JABON DE COCO ¡NUEVO! / DETERGENTE GEL ACTIVO · ICE-MINT / GEL ACTIVO AL JABON DE COCO ¡NUEVO! / DETERGENTE GEL ACTIVO AL JABÓN DE COCO · ICE-MINT / GEL ACTIVO / SUAVIZANTE COCO DAMASCO ¡NUEVO! · ICE-MINT / GEL ACTIVO / SUAVIZANTE BLUME POISON · ICE-MINT / GEL ACTIVO / DETERGENTE GEL ACTIVO · ICE-MINT / GEL ACTIVO / DETERGENTE GEL ACTIVO AL JABÓN DE COCO · ICE-MINT / SUAVIZANTE COCO DAMASCO / SUAVIZANTE COCO DAMASCO ¡NUEVO! · ICE-MINT / SUAVIZANTE COCO DAMASCO / SUAVIZANTE BLUME POISON · ICE-MINT / SUAVIZANTE COCO DAMASCO / DETERGENTE GEL ACTIVO · ICE-MINT / SUAVIZANTE COCO DAMASCO / DETERGENTE GEL ACTIVO AL JABÓN DE COCO · ICE-MINT / SUAVIZANTE BLUME POISON / SUAVIZANTE COCO DAMASCO ¡NUEVO! · ICE-MINT / SUAVIZANTE BLUME POISON / SUAVIZANTE BLUME POISON · ICE-MINT / SUAVIZANTE BLUME POISON / DETERGENTE GEL ACTIVO · ICE-MINT / SUAVIZANTE BLUME POISON / DETERGENTE GEL ACTIVO AL JABÓN DE COCO
Indícanos la opción que quieres al hacer el pedido.","in stock","new","43.89 EUR","","https://aura-prestige.sumupstore.com/product/eco-pack-eco-jin-detergente-suavizante","https://cdn.shopify.com/s/files/1/0958/5970/4190/files/WhatsAppImage2025-11-19at20.26.19_4.jpg","Laboncler","Packs"
"novedad-pack-detergente-suavizante-dispensador-detergencia","PACK DETERGENTE + SUAVIZANTE + DISPENSADOR DETERGENCIA","Nuevos aromas disponibles • Incluye 3 dispensadores premium aptos para uso alimentario 
 El pack más completo y versátil de Laboncler llega renovado, con nuevos aromas tanto en el detergente Gel Activo como en el suavizante , y acompañado por un set de 3 dispensadores premium aptos para uso alimentario . Pensado para quienes quieren eficacia real, un espacio de lavandería más ordenado y perfumes irresistibles en cada lavado.
 ✨ ¿Qué incluye este pack? 
 🧴 1. Detergente Gel Activo – Nuevos aromas disponibles 
 Nuestro detergente exclusivo, con fórmula biodegradable y rendimiento superior, ahora con variedad ampliada de fragancias para que elijas la que más encaja contigo.
 Aromas disponibles del Gel Activo: 
 🥥 Jabón de Coco (clásico fresco y limpio)
 🌿 Aroma Tradicional GEL ACTIVO (el favorito de siempre, vuelve mejorado)
 Beneficios del Gel Activo: 
 Limpieza profunda incluso en manchas difíciles
 Respeta tejidos y colores
 Perfume más duradero que un detergente convencional
 Basado en la eficacia real de Eco-Jin
 🌺 2. Suavizante Laboncler – Nuevas fragancias premium 
 Una fórmula suave, con microcápsulas de larga duración y perfumes únicos creados en exclusiva.
 Aromas disponibles: 
 🥥 Coco Damasco (l nuevo aroma estrella: dulce, cálido y envolvente)
 🌸 Blume Poison (floral–intenso, elegante y memorable)
 Beneficios del suavizante: 
 Suavidad profunda que cuida cada fibra
 Olor que permanece en lavado, armario y uso diario
 Fragancias premium creadas por nuestro laboratorio
 🫙 3. Set de 3 Dispensadores Premium (1.7 L – 2.5 L – 3 L) 
 Los nuevos envases rígidos de Laboncler no solo mejoran tu organización: son aptos para uso alimentario , lo que demuestra su alta calidad y seguridad.
 Características: 
 Tapón medidor incluido
 Plástico grueso, resistente y reutilizable
 Apto para detergente, suavizante y también para alimentos
 Medidas visibles para dosificar fácilmente
 Diseño limpio y elegante para un espacio más profesional
 🌟 Por qué este pack es único 
 ✔ Nuevos aromas tanto en detergente como en suavizante ✔ Productos biodegradables, fabricados por nosotros y de calidad superior ✔ Dispensadores seguros y aptos para uso alimentario ✔ Más limpio, más ordenado y con mayor confort en cada lavado ✔ Olores que destacan, duran y diferencian tu colada de cualquier otra

Opciones disponibles: DETERGENTE JABÓN DE COCO / SUAVIZANTE COCO DAMASCO · DETERGENTE JABÓN DE COCO / SUAVIZANTE BLUME POISON · DETERGENTE JABÓN DE COCO / DETERGENTE JABÓN DE COCO · DETERGENTE JABÓN DE COCO / DETERGENTE GEL ACTIVO · DETERGENTE GEL ACTIVO / SUAVIZANTE COCO DAMASCO · DETERGENTE GEL ACTIVO / SUAVIZANTE BLUME POISON · DETERGENTE GEL ACTIVO / DETERGENTE JABÓN DE COCO · DETERGENTE GEL ACTIVO / DETERGENTE GEL ACTIVO · SUAVIZANTE COCO DAMASCO / SUAVIZANTE COCO DAMASCO · SUAVIZANTE COCO DAMASCO / SUAVIZANTE BLUME POISON · SUAVIZANTE COCO DAMASCO / DETERGENTE JABÓN DE COCO · SUAVIZANTE COCO DAMASCO / DETERGENTE GEL ACTIVO · SUAVIZANTE BLUME POISON / SUAVIZANTE COCO DAMASCO · SUAVIZANTE BLUME POISON / SUAVIZANTE BLUME POISON · SUAVIZANTE BLUME POISON / DETERGENTE JABÓN DE COCO · SUAVIZANTE BLUME POISON / DETERGENTE GEL ACTIVO
Indícanos la opción que quieres al hacer el pedido.","in stock","new","54.89 EUR","","https://aura-prestige.sumupstore.com/product/pack-detergente-suavizante-dispensador-detergencia","https://cdn.shopify.com/s/files/1/0958/5970/4190/files/pack_suavizante_det_deter.jpg","Laboncler","Packs"
"novedad-suavizante-coco-damasco-coco-vainilla","SUAVIZANTE COCO DAMASCO | COCO & VAINILLA","Suavidad extrema y un perfume cálido que dura días 
 El Suavizante Coco Damasco de Laboncler es mucho más que un suavizante: es una experiencia sensorial diseñada para dejar tu ropa suave, esponjosa y con un aroma duradero a coco y vainilla que se mantiene desde la lavadora hasta el armario.
 Su fórmula con microcápsulas perfumadas libera fragancia poco a poco, logrando que cada uso, cada movimiento y cada prenda desprendan un olor cálido, dulce y envolvente.
 Ideal para quienes buscan suavidad real y un perfume inconfundible.
 ⭐ Beneficios del Suavizante Coco Damasco 
 ✔ Aroma intenso a coco y vainilla Una combinación cálida, cremosa y envolvente que conquista desde el primer uso.
 ✔ Microcápsulas de larga duración El olor se fija en las fibras y se activa al mover, doblar o vestir las prendas.
 ✔ Sensación de suavidad profunda La ropa se siente más ligera, esponjosa y agradable al tacto.
 ✔ Apto para todo tipo de tejidos Desde ropa diaria hasta prendas delicadas.
 ✔ Perfume perceptible en: 
 El lavado
 El secado
 El armario
 Y durante el uso
 ✔ Fabricación exclusiva Un aroma único que no encontrarás en otros suavizantes del mercado.
 💛 Perfecto para ti si… 
 Te encantan los perfumes dulces, cálidos y tropicales.
 Buscas un suavizante que realmente deje olor en la ropa.
 Quieres suavidad y cuidado sin renunciar a un aroma duradero.
 Prefieres productos elaborados con mimo y fórmula propia.
 🌴 El aroma que convierte cada colada en un momento especial. 
 Coco, vainilla y suavidad… todo en un solo suavizante.","in stock","new","16.46 EUR","","https://aura-prestige.sumupstore.com/product/suavizante-coco-damasco-coco-vainilla","https://cdn.shopify.com/s/files/1/0958/5970/4190/files/COCODAMASCO.jpg","Laboncler","Hogar"
"pano-de-cocina-100-algodon-egipcio-peinado","PAÑO DE COCINA 100% ALGODÓN EGIPCIO PEINADO","Paño de Cocina Laboncler · Algodón Egipcio
 Un básico de cocina que marca la diferencia. Este paño de cocina Laboncler está fabricado en 100% algodón egipcio peinado , reconocido por su calidad superior, suavidad y resistencia .
 Diseñado para un uso diario intensivo, seca sin dejar pelusas , es fácil de limpiar y mantiene su rendimiento lavado tras lavado. Su tamaño 55 × 60 cm lo hace práctico, cómodo y muy versátil.
 Un paño ultradurable, suave y altamente absorbente , pensado para quienes cuidan cada detalle en su cocina.
 Características principales: 
 100% algodón egipcio peinado
 Calidad extraordinaria
 Secado sin pelusas
 Fácil limpieza
 Ultradurable, suave y absorbente
 Tamaño: 55 × 60 cm","in stock","new","4.95 EUR","","https://aura-prestige.sumupstore.com/product/pano-de-cocina-100-algodon-egipcio-peinado","https://cdn.shopify.com/s/files/1/0958/5970/4190/files/pano_cocina_egipcio.jpg","Laboncler","Hogar"
"pack-completo-rubina-beauty","PACK COMPLETO RUBINA BEAUTY","PACK COMPLETO RUBINA BEAUTY – Complementos alimenticios 
 Rutina diaria de bienestar en un solo pack 
 El Pack Completo Rubina Beauty reúne tres complementos alimenticios formulados con ingredientes de origen natural, pensados para integrarse de forma conjunta en una rutina diaria de bienestar y estilo de vida equilibrado .
 Una combinación diseñada para quienes buscan una propuesta más completa, organizada y constante, dentro de hábitos saludables y conscientes.
 🎯  ¿Qué incluye este pack? 
 ✨ Boost Impact 
 Complemento alimenticio formulado para acompañar el metabolismo energético normal y aportar vitalidad en el día a día. Pensado para personas con un ritmo de vida activo que buscan mantener una rutina constante.
 ✨  Body Wipe 
 Complemento alimenticio con ingredientes de origen natural, diseñado para integrarse en rutinas enfocadas al bienestar corporal general y a la sensación de confort diario.
 ✨  Dágreser Reborn 
 Complemento alimenticio formulado para acompañar hábitos alimenticios organizados y una alimentación equilibrada dentro de un estilo de vida consciente.
 🌿  Una rutina conjunta 
 Este pack está pensado para acompañar de forma complementaria:
 Hábitos diarios equilibrados
 Rutinas constantes de cuidado personal
 Un estilo de vida activo y consciente
 Siempre como complemento , nunca como sustituto de una alimentación variada y equilibrada ni de hábitos saludables.
 📦  Formato del pack 
 Boost Impact – 90 cápsulas vegetales
 Body Wipe – 100 cápsulas vegetales
 Dágreser Reborn – 60 cápsulas vegetales
 💎  Rubina Beauty 
 Rubina Beauty es la marca de cosmética y suplementación de Laboncler, creada para ofrecer fórmulas de alta calidad que acompañan el bienestar diario desde un enfoque responsable y consciente.
 APTO PARA VEGETARIANOS. VEGANOS, CELIACOS Y DIABÉTICOS. NO CONTIENE ALÉRGENOS. 
 INGREDIENTES BOOST IMPACT 
 INGREDIENTES BODYWIPE 
 INGREDIENTES DÁGRESER REBORN","in stock","new","99.00 EUR","","https://aura-prestige.sumupstore.com/productos","https://cdn.shopify.com/s/files/1/0958/5970/4190/files/pack_completo.jpg","Laboncler","Packs"
"dagreser-reborn-complemento-alimenticio","DÁGRESER REBORN - EQUILIBRIO NUTRICIONAL NATURAL","Complemento alimenticio para el equilibrio nutricional 
 Dágreser Reborn de Rubina Beauty, es un complemento alimenticio formulado con ingredientes de origen natural, pensado para integrarse en una rutina diaria de alimentación consciente y estilo de vida equilibrado.
 Su fórmula ha sido desarrollada para acompañar hábitos alimenticios organizados, especialmente en contextos donde la dieta incluye diferentes tipos de nutrientes.
 🌿  ¿Qué aporta Dágreser Reborn? 
 Acompaña una alimentación equilibrada dentro de un estilo de vida saludable
 Apoya la organización de la rutina alimentaria diaria 
 Pensado como complemento en dietas estructuradas
 Ideal para personas que buscan mantener hábitos constantes
 Formulado para un uso diario continuado
 🧬  Ingrediente destacado 
 Faseolamina tipo II , proteína de origen vegetal procedente del extracto de judía blanca, incluida en la fórmula como ingrediente funcional dentro del complemento alimenticio.
 📦  Formato y modo de empleo 
 60 cápsulas vegetales 
 Producto natural de alta calidad
 Suministro aproximado para 60 días 
 Consumo recomendado: 
 1 cápsula antes del almuerzo 
 En caso de realizar una segunda toma diaria, seguir las indicaciones habituales del producto
 Se recomienda un uso diario continuado como complemento de una alimentación variada y equilibrada.
 APTO PARA VEGETARIANOS. VEGANOS, CELIACOS Y DIABÉTICOS. NO CONTIENE ALÉRGENOS.","in stock","new","36.00 EUR","","https://aura-prestige.sumupstore.com/productos","https://cdn.shopify.com/s/files/1/0958/5970/4190/files/dagreser_reborn.jpg","Laboncler","Otros"
"body-wipe-complemento-alimenticio","BODY WIPE - COMPLEMENTO ALIMENTICIO NATURAL","Complemento alimenticio para el bienestar corporal 
 Body Wipe es un complemento alimenticio formulado con ingredientes de origen natural, pensado para integrarse en una rutina diaria orientada al bienestar general y al equilibrio corporal.
 Su fórmula combina extractos vegetales y micronutrientes seleccionados para acompañar el funcionamiento normal del organismo y favorecer una sensación de ligereza en el día a día.
 🌿  ¿Qué aporta Body Wipe? 
 Contribuye al equilibrio corporal general 
 Apoya el bienestar diario dentro de un estilo de vida activo
 Favorece una sensación de ligereza y confort 
 Ideal como complemento en rutinas enfocadas al cuidado personal
 Pensado para un uso continuado dentro de hábitos saludables
 💧  Uso dentro de una rutina equilibrada 
 Body Wipe está diseñado para acompañar una rutina diaria que incluya una alimentación equilibrada, hidratación adecuada y hábitos saludables.
 Se recomienda mantener una correcta ingesta de agua durante el día.
 🧬  Ingredientes clave 
 Formulado con ingredientes de origen natural cuidadosamente seleccionados:
 Alga Kelp
 Lecitina de Soja
 Vinagre de Manzana
 Vitamina B6
 Una combinación desarrollada con un enfoque en la calidad y el uso diario del producto.
 📦  Formato y modo de empleo 
 100 cápsulas vegetales 
 Alta calidad y formulación cuidada
 Recomendación de consumo: 2 cápsulas en cada comida principal , según indicación
 Uso diario continuado
 💎  Rubina Beauty 
 Rubina Beauty es la marca de cosmética y suplementación de Laboncler, creada para ofrecer fórmulas de alta calidad que acompañan un estilo de vida equilibrado y consciente.
 APTO PARA VEGETARIANOS. VEGANOS, CELIACOS Y DIABÉTICOS. NO CONTIENE ALÉRGENOS.","in stock","new","36.00 EUR","","https://aura-prestige.sumupstore.com/productos","https://cdn.shopify.com/s/files/1/0958/5970/4190/files/bodywipe.jpg","Laboncler","Otros"
"bolsa-de-plastico-laboncler-tamano-40x50-cm-copia","BOLSA DE PLÁSTICO LABONCLER | Tamaño 30x40 cm","Una bolsa pensada para acompañar la experiencia Laboncler hasta el último detalle. Resistente, amplia y con una imagen cuidada, es la opción ideal para la entrega de pedidos grandes, packs completos y productos de mayor volumen.
 Fabricada con un 75 % de plástico reciclado , combina funcionalidad, presencia de marca y un compromiso real con un uso más responsable de los materiales.
 Detalles:
 Tamaño: 3 0 × 40 cm 
 75 % de plástico reciclado 
 Asa reforzada para mayor resistencia
 Capacidad adecuada para garrafas y packs
 Imagen corporativa Laboncler / Eco-Jin
 Pensada para uso profesional en punto de venta","in stock","new","0.44 EUR","","https://aura-prestige.sumupstore.com/product/bolsa-de-plastico-laboncler-tamano-30x40-cm","https://cdn.shopify.com/s/files/1/0958/5970/4190/files/bolsa40x50.jpg","Laboncler","Hogar"
"bolsa-de-plastico-laboncler-tamano-40x50-cm","BOLSA DE PLÁSTICO LABONCLER | Tamaño 40x50 cm","Una bolsa pensada para acompañar la experiencia Laboncler hasta el último detalle. Resistente, amplia y con una imagen cuidada, es la opción ideal para la entrega de pedidos grandes, packs completos y productos de mayor volumen.
 Fabricada con un 75 % de plástico reciclado , combina funcionalidad, presencia de marca y un compromiso real con un uso más responsable de los materiales.
 Detalles:
 Tamaño: 40 × 50 cm 
 75 % de plástico reciclado 
 Asa reforzada para mayor resistencia
 Capacidad adecuada para garrafas y packs
 Imagen corporativa Laboncler / Eco-Jin
 Pensada para uso profesional en punto de venta","in stock","new","0.61 EUR","","https://aura-prestige.sumupstore.com/product/bolsa-de-plastico-laboncler-tamano-40x50-cm","https://cdn.shopify.com/s/files/1/0958/5970/4190/files/bolsa40x50.jpg","Laboncler","Hogar"
"oferta-navidad-eco-jin-oleo-a-elegir","eco-Jin ÓLEO A ELEGIR","eco-Jin ÓLEO A ELEGIR

Opciones disponibles: Maderas Claras · Maderas Oscuras
Indícanos la opción que quieres al hacer el pedido.","in stock","new","17.55 EUR","","https://aura-prestige.sumupstore.com/product/eco-jin-oleo-a-elegir","https://cdn.shopify.com/s/files/1/0958/5970/4190/files/eco-jin-oleo-claro.jpg","Laboncler","Hogar"
"escobilla-de-bano-con-dispensador-incluido","**NUEVA** ESCOBILLA DE BAÑO CON DISPENSADOR INCLUIDO","🚀  LA ESCOBILLA VIRAL DE TIKTOK — AHORA EN LABONCLER 
 La escobilla más comentada, probada y recomendada en redes sociales ya está disponible en Laboncler… y viene con TODO.
 Una escobilla moderna, higiénica y práctica, diseñada para que tu baño luzca siempre impecable.
 ⭐ CARACTERÍSTICAS DESTACADAS 
 🧴 Dispensador integrado 
 Rellénalo con Poseidón o con cualquier producto de limpieza líquido que prefieras. Pulsa, limpia y listo.
 🦠 Silicona natural antibacteriana 
 Más higiénica, más resistente y mucho más fácil de lavar que las escobillas tradicionales.
 🪨 Base con piedra absorbente antiolores 
 Absorbe humedad, neutraliza malos olores y mantiene la zona siempre fresca.
 🌀 Diseño flexible y sin salpicaduras 
 Llega a zonas difíciles, se adapta a la forma del inodoro y evita salpicaduras.
 🔧 Duradera y práctica 
 Materiales de alta calidad y diseño estable para acompañarte mucho tiempo.","in stock","new","12.00 EUR","","https://aura-prestige.sumupstore.com/product/nueva-escobilla-de-bano-con-dispensador-incluido","https://cdn.shopify.com/s/files/1/0958/5970/4190/files/ESCOBILLADEBANO.jpg","Laboncler","Hogar"
"perfume-hombre-540","Perfume hombre 540","Perfume hombre de equivalencia.
 Notas de Salida: Limón .
 Notas de Corazón: Café.
 Notas de Fondo: Pachulí.

Opciones disponibles: 30ml
Indícanos la opción que quieres al hacer el pedido.","in stock","new","6.95 EUR","","https://aura-prestige.sumupstore.com/product/perfume-hombre-540","https://cdn.shopify.com/s/files/1/0958/5970/4190/files/perfume-hombre-24_81bac96e-3b96-4148-a53a-a4ab5a12b5de.jpg","Laboncler","Perfumes · Hombre"
"perfume-unisex-945","Perfume Unisex 945","⭐ NUEVA REFERENCIA⭐ 
 Perfume UNISEX de equivalencia.
 Notas de Salida: Pistacho, Helado, Bergamota, Avellana, Ron y Cardamomo.
 Notas de Corazón: Lirio de los Valles, Pera, Jazmín, Peonia, Geranio, Frambuesa y Melocotón Blanco.
 Notas de Fondo: Crema Batida, Malvavisco ( Bombón), Algodón de Azúcar , Haba Tonka, Loukhoum, Sándalo, Cacao y Cedro.

Opciones disponibles: 100ml · 30ml
Indícanos la opción que quieres al hacer el pedido.","in stock","new","6.95 EUR","","https://aura-prestige.sumupstore.com/product/perfume-unisex-945","https://cdn.shopify.com/s/files/1/0958/5970/4190/files/perfume-mujer-24_efcce378-2620-4cf9-833c-6347a93fe037.jpg","Laboncler","Perfumes · Hombre"
"perfume-unisex-923","Perfume Unisex 923","⭐ NUEVA REFERENCIA⭐ 
 Perfume UNISEX de equivalencia.
 Notas de Salida: Toronja (Pomelo), Bergamota, Pimienta Rosa, Grosellas Negras, Piña, Nuez Moscada y Clavos de olor.
 Notas de Corazón: Jenjibre, Cidra, Canela, Cardamomo y Rosa.
 Notas de Fondo: Pachulí, Vetiver, Musgo de Roble, Ambroxan, Almizcle, Sándalo, Haba Tonka y Evernil

Opciones disponibles: 100ml · 30ml
Indícanos la opción que quieres al hacer el pedido.","in stock","new","6.95 EUR","","https://aura-prestige.sumupstore.com/product/perfume-unisex-923","https://cdn.shopify.com/s/files/1/0958/5970/4190/files/perfume-mujer-24_efcce378-2620-4cf9-833c-6347a93fe037.jpg","Laboncler","Perfumes · Hombre"
"perfume-mujer-281","Perfume Mujer 281","⭐ NUEVA REFERENCIA⭐ 
 Perfume de equivalencia de mujer.
 Notas de Salida: Grosellas Negras, Pimienta Rosa y Bergamota.
 Notas de Corazón: Jazmín ,Jamín Sambac y Té de Jazmín
 Notas de Fondo: Vainilla Bourbon, Cachemira y Madera de Gaiac","out of stock","new","6.95 EUR","","https://aura-prestige.sumupstore.com/product/perfume-mujer-281","https://cdn.shopify.com/s/files/1/0958/5970/4190/files/perfume-mujer-24_f3fea3af-f925-46d3-82c2-64d710b35c36.jpg","Laboncler","Perfumes · Mujer"
"perfume-mujer-202","Perfume Mujer 202","⭐ NUEVA REFERENCIA⭐ 
 Perfume de equivalencia de mujer.
 Notas de Salida: Cereza Negra y Almendra Amarga .
 Notas de Corazón: Rosa y Nardos.
 Notas de Fondo: Vainilla y Cacao.

Opciones disponibles: 100ml
Indícanos la opción que quieres al hacer el pedido.","in stock","new","14.95 EUR","","https://aura-prestige.sumupstore.com/product/perfume-mujer-202","https://cdn.shopify.com/s/files/1/0958/5970/4190/files/perfume-mujer-24_f3fea3af-f925-46d3-82c2-64d710b35c36.jpg","Laboncler","Perfumes · Mujer"
"perfume-mujer-291","Perfume Mujer 291","⭐ NUEVA REFERENCIA⭐ 
 Perfume de equivalencia de mujer.
 Notas de Salida: Sésamo, Jenjibre, Pimienta Blanca y Pimienta Negra.
 Notas de Cabeza: Flor de Azahar del Naranjo y esencia de Neroli.
 Notas de Fondo: Chantilly Cream, Vainilla y Sándalo.

Opciones disponibles: 100ml · 30ml
Indícanos la opción que quieres al hacer el pedido.","in stock","new","6.95 EUR","","https://aura-prestige.sumupstore.com/product/perfume-mujer-291","https://cdn.shopify.com/s/files/1/0958/5970/4190/files/perfume-mujer-24_f3fea3af-f925-46d3-82c2-64d710b35c36.jpg","Laboncler","Perfumes · Mujer"
"perfume-mujer-189","Perfume Mujer 189","⭐ NUEVA REFERENCIA⭐ 
 Perfume de equivalencia de mujer.
 Notas de Salida: Almendra.
 Notas de Corazón: Jazmín Sambac y Nardos.
 Notas de Fondo: Cacao y Haba Tonka.

Opciones disponibles: 100ml · 30ml
Indícanos la opción que quieres al hacer el pedido.","in stock","new","6.95 EUR","","https://aura-prestige.sumupstore.com/product/perfume-mujer-189","https://cdn.shopify.com/s/files/1/0958/5970/4190/files/perfume-mujer-24_f3fea3af-f925-46d3-82c2-64d710b35c36.jpg","Laboncler","Perfumes · Mujer"
"perfume-unisex-712","Perfume Unisex 709","⭐ NUEVA REFERENCIA⭐ 
 Perfume UNISEX de equivalencia.
 Notas de Salida: Hojas de tabaco y notas especiadas.
 Notas de Corazón: Vainilla, Cacao, Haba Tonka y Flor de Tabaco.
 Notas de Fondo: Frutos Secos y Notas Amaderadas.

Opciones disponibles: 100ml
Indícanos la opción que quieres al hacer el pedido.","in stock","new","14.95 EUR","","https://aura-prestige.sumupstore.com/product/perfume-unisex-709","https://cdn.shopify.com/s/files/1/0958/5970/4190/files/perfume-mujer-24_efcce378-2620-4cf9-833c-6347a93fe037.jpg","Laboncler","Perfumes · Hombre"
"perfume-unisex-912","Perfume Unisex 912","⭐ NUEVA REFERENCIA⭐ 
 Perfume UNISEX de equivalencia.
 Notas de Salida: Aceite de Salvia Sclarea vibrante y Lavanda Fresca.
 Notas de Corazón: Almendra Amarga, Vainilla, Acorde de Cuero y Raíz de Lirio.
 Notas de Fondo: Haba Tonka, Cachemira, Maderas Blancas y Ámbar

Opciones disponibles: 100ml · 30ml
Indícanos la opción que quieres al hacer el pedido.","in stock","new","6.95 EUR","","https://aura-prestige.sumupstore.com/product/perfume-unisex-912","https://cdn.shopify.com/s/files/1/0958/5970/4190/files/perfume-mujer-24_efcce378-2620-4cf9-833c-6347a93fe037.jpg","Laboncler","Perfumes · Hombre"
"perfume-unisex-934","Perfume Unisex 934","⭐ NUEVA REFERENCIA⭐ 
 Perfume UNISEX de equivalencia.
 Notas de Salida: Orquídea de Vainilla y Jazmín Cremoso.
 Notas de Corazón: Vainilla de Madagascar, Azúcar Moreno y Ámbar.
 Notas de Fondo: Pachulí, Almizcle y Sándalo.

Opciones disponibles: 100ml · 30ml
Indícanos la opción que quieres al hacer el pedido.","in stock","new","6.95 EUR","","https://aura-prestige.sumupstore.com/product/perfume-unisex-934","https://cdn.shopify.com/s/files/1/0958/5970/4190/files/perfume-mujer-24_efcce378-2620-4cf9-833c-6347a93fe037.jpg","Laboncler","Perfumes · Hombre"
"perfume-unisex-901","Perfume Unisex 901","⭐ NUEVA REFERENCIA⭐ 
 Perfume UNISEX de equivalencia.
 Notas de Salida: Oud de Assam, Azafrán y Frambuesa.
 Notas de Corazón: Rosa turca y Frambuesa.
 Notas de Fondo: Incienso, Ámbar Rojo, Abedul, Pachulí y Almizcle.

Opciones disponibles: 100ml · 30ml
Indícanos la opción que quieres al hacer el pedido.","in stock","new","6.95 EUR","","https://aura-prestige.sumupstore.com/product/perfume-unisex-901","https://cdn.shopify.com/s/files/1/0958/5970/4190/files/perfume-mujer-24_efcce378-2620-4cf9-833c-6347a93fe037.jpg","Laboncler","Perfumes · Hombre"
"perfume-mujer-224","Perfume Mujer 224","⭐ NUEVA REFERENCIA⭐ 
 Perfume de equivalencia de mujer.
 Notas de Salida: Lavanda, Mandarina y Bergamota.
 Notas de Cabeza: Lavanda, Flor del Naranjo Tuneismo, Jazmín Sambac y Orquídea.
 Notas de Fondo: Vainilla de Madagascar, Haba Tonka, Ámbar Gris y Vetiver.

Opciones disponibles: 100ml · 30ml
Indícanos la opción que quieres al hacer el pedido.","in stock","new","6.95 EUR","","https://aura-prestige.sumupstore.com/product/perfume-mujer-224","https://cdn.shopify.com/s/files/1/0958/5970/4190/files/perfume-mujer-24_f3fea3af-f925-46d3-82c2-64d710b35c36.jpg","Laboncler","Perfumes · Mujer"
"perfume-mujer-173","Perfume Mujer 173","⭐ NUEVA REFERENCIA⭐ 
 Perfume de equivalencia de mujer.
 Notas de Salida: Bergamota y Coco.
 Notas de Corazón: Flor de Naranja y Jazmín.
 Notas de Fondo: Pachuli y Vainilla.

Opciones disponibles: 100ml · 30ml
Indícanos la opción que quieres al hacer el pedido.","in stock","new","6.95 EUR","","https://aura-prestige.sumupstore.com/product/perfume-mujer-173","https://cdn.shopify.com/s/files/1/0958/5970/4190/files/perfume-mujer-24_f3fea3af-f925-46d3-82c2-64d710b35c36.jpg","Laboncler","Perfumes · Mujer"
"perfume-mujer-102","Perfume Mujer 102","⭐ NUEVA REFERENCIA⭐ 
 Perfume de equivalencia de mujer.
 Notas de Salida: Pera, mandarina de Calabria y Grosella Roja.
 Notas de Corazón: Lirio de los Valles (Muguete) , Mangolia y Jazmín Egipcio.
 Notas de Fondo: Almizcle, Vetiver de Haití y Sándalo.

Opciones disponibles: 100ml · 30ml
Indícanos la opción que quieres al hacer el pedido.","in stock","new","6.95 EUR","","https://aura-prestige.sumupstore.com/product/perfume-mujer-102","https://cdn.shopify.com/s/files/1/0958/5970/4190/files/perfume-mujer-24_f3fea3af-f925-46d3-82c2-64d710b35c36.jpg","Laboncler","Perfumes · Mujer"
"perfume-mujer-201","Perfume Mujer 201","⭐ NUEVA REFERENCIA⭐ 
 Perfume de equivalencia de mujer.
 Notas de Salida: Avellanas, Pomelo y Peonía.
 Notas de Corazón: Orquídea Negra y Heliotropo.
 Notas de Fondo: Vainilla, Vetiver y Sándalo.

Opciones disponibles: 100ml · 30ml
Indícanos la opción que quieres al hacer el pedido.","in stock","new","6.95 EUR","","https://aura-prestige.sumupstore.com/product/perfume-mujer-201","https://cdn.shopify.com/s/files/1/0958/5970/4190/files/perfume-mujer-24_f3fea3af-f925-46d3-82c2-64d710b35c36.jpg","Laboncler","Perfumes · Mujer"
"perfume-mujer-230","Perfume Mujer 230","⭐ NUEVA REFERENCIA⭐ 
 Perfume de equivalencia de mujer.
 Notas de Salida: Frambuesa, Licor y Bergamota de Calabria.
 Notas de Corazón: Hojas de Violeta y Rosa.
 Notas de Fondo: Cuero , Manteca de Caccao y Cedro.

Opciones disponibles: 100ml
Indícanos la opción que quieres al hacer el pedido.","in stock","new","14.95 EUR","","https://aura-prestige.sumupstore.com/product/perfume-mujer-230","https://cdn.shopify.com/s/files/1/0958/5970/4190/files/perfume-mujer-24_f3fea3af-f925-46d3-82c2-64d710b35c36.jpg","Laboncler","Perfumes · Mujer"
"perfume-mujer-181","Perfume Mujer 181","⭐ NUEVA REFERENCIA⭐ 
 Perfume de equivalencia de mujer.
 Notas de Salida: Bergamota y Almendra Amarga.
 Notas de Corazón: Peonía e Ylanga-Ylang.
 Notas de Fondo: Vainilla y Cumarina (Haba Tonka.)

Opciones disponibles: 100ml · 30ml
Indícanos la opción que quieres al hacer el pedido.","in stock","new","6.95 EUR","","https://aura-prestige.sumupstore.com/product/perfume-mujer-181","https://cdn.shopify.com/s/files/1/0958/5970/4190/files/perfume-mujer-24_f3fea3af-f925-46d3-82c2-64d710b35c36.jpg","Laboncler","Perfumes · Mujer"
"perfume-mujer-160","Perfume Mujer 160","⭐ NUEVA REFERENCIA⭐ 
 Perfume de equivalencia de mujer.
 Notas de Salida: Avellana.
 Notas de Corazón: Flor de Azahar del Naranjo.
 Notas de Fondo: Vainilla.

Opciones disponibles: 100ml · 30ml
Indícanos la opción que quieres al hacer el pedido.","in stock","new","6.95 EUR","","https://aura-prestige.sumupstore.com/product/perfume-mujer-160","https://cdn.shopify.com/s/files/1/0958/5970/4190/files/perfume-mujer-24_f3fea3af-f925-46d3-82c2-64d710b35c36.jpg","Laboncler","Perfumes · Mujer"
"perfume-mujer-194","Perfume Mujer 184","⭐ NUEVA REFERENCIA⭐ 
 Perfume de equivalencia de mujer.
 Notas de Salida: Flor del Peral, Bayas Rojas y Mandarina Italiana.
 Notas de Corazón: Gardenia, Jazmín y Frangipani (Plumeria, Plumaria, Atapaima).
 Notas de Fondo: Azúcar Moreno y Pachulí

Opciones disponibles: 100ml · 30ml
Indícanos la opción que quieres al hacer el pedido.","in stock","new","6.95 EUR","","https://aura-prestige.sumupstore.com/product/perfume-mujer-184","https://cdn.shopify.com/s/files/1/0958/5970/4190/files/perfume-mujer-24_f3fea3af-f925-46d3-82c2-64d710b35c36.jpg","Laboncler","Perfumes · Mujer"
"perfume-mujer-115","Perfume Mujer 115","⭐ NUEVA REFERENCIA⭐ 
 Perfume de equivalencia de mujer.
 Notas de Salida: Vainilla,Lavanda,Cacao y Jenjibre.
 Notas de Corazón: Caviar de vainilla.
 Notas de Fondo: Absoluto de Vainilla.

Opciones disponibles: 100ml · 30ml
Indícanos la opción que quieres al hacer el pedido.","in stock","new","6.95 EUR","","https://aura-prestige.sumupstore.com/product/perfume-mujer-115","https://cdn.shopify.com/s/files/1/0958/5970/4190/files/perfume-mujer-24_f3fea3af-f925-46d3-82c2-64d710b35c36.jpg","Laboncler","Perfumes · Mujer"
"perfume-hombre-597","Perfume hombre 597","⭐ NUEVA REFERENCIA⭐ 
 Perfume hombre de equivalencia.
 Notas de Salida: Bergamota de Calabria.
 Notas de Corazón: Café.
 Notas de Fondo: Vetiver.

Opciones disponibles: 100ml · 30ml
Indícanos la opción que quieres al hacer el pedido.","in stock","new","6.95 EUR","","https://aura-prestige.sumupstore.com/product/perfume-hombre-597","https://cdn.shopify.com/s/files/1/0958/5970/4190/files/perfume-hombre-24_69c9c14f-0f71-4c0c-9224-bebf6945b6bd.jpg","Laboncler","Perfumes · Hombre"
"perfume-hombre-587","Perfume hombre 587","⭐ NUEVA REFERENCIA⭐ 
 Perfume hombre de equivalencia.
 Notas de Salida: Lavanda, Cardamomo y Pimienta Negra.
 Notas de Corazón: Incienso y Pachulí.
 Notas de Fondo: Vaina de Vainilla y Haba Tonka.

Opciones disponibles: 30ml
Indícanos la opción que quieres al hacer el pedido.","in stock","new","6.95 EUR","","https://aura-prestige.sumupstore.com/product/perfume-hombre-587","https://cdn.shopify.com/s/files/1/0958/5970/4190/files/perfume-hombre-24_69c9c14f-0f71-4c0c-9224-bebf6945b6bd.jpg","Laboncler","Perfumes · Hombre"
"perfume-hombre-596","Perfume hombre 596","⭐ NUEVA REFERENCIA⭐ 
 Perfume hombre de equivalencia.
 Notas de Salida: Vainilla.
 Notas de Corazón: Lavanda.
 Notas de Fondo: Vetiver

Opciones disponibles: 30ml
Indícanos la opción que quieres al hacer el pedido.","in stock","new","6.95 EUR","","https://aura-prestige.sumupstore.com/product/perfume-hombre-596","https://cdn.shopify.com/s/files/1/0958/5970/4190/files/perfume-hombre-24_69c9c14f-0f71-4c0c-9224-bebf6945b6bd.jpg","Laboncler","Perfumes · Hombre"
"perfume-mujer-114","Perfume Mujer 114","⭐ NUEVA REFERENCIA⭐ 
 Perfume de equivalencia de mujer.
 Notas de Salida: Fresas.
 Notas de Corazón: Jazmín.
 Notas de Fondo: Vainilla.

Opciones disponibles: 100ml · 30ml
Indícanos la opción que quieres al hacer el pedido.","in stock","new","6.95 EUR","","https://aura-prestige.sumupstore.com/product/perfume-mujer-114","https://cdn.shopify.com/s/files/1/0958/5970/4190/files/perfume-mujer-24_f3fea3af-f925-46d3-82c2-64d710b35c36.jpg","Laboncler","Perfumes · Mujer"
"perfume-hombre-500","Perfume hombre 500","⭐ NUEVA REFERENCIA⭐ 
 Perfume hombre de equivalencia.
 Notas de Salida: Lavanda y Menta.
 Notas de Corazón: Vainilla y Benjuí.
 Notas de Fondo: Miel, Haba Tonka y Tabaco.

Opciones disponibles: 30ml
Indícanos la opción que quieres al hacer el pedido.","in stock","new","6.95 EUR","","https://aura-prestige.sumupstore.com/product/perfume-hombre-500","https://cdn.shopify.com/s/files/1/0958/5970/4190/files/perfume-hombre-24_69c9c14f-0f71-4c0c-9224-bebf6945b6bd.jpg","Laboncler","Perfumes · Hombre"
"perfume-hombre-572","Perfume hombre 572","⭐ NUEVA REFERENCIA⭐ 
 Perfume hombre de equivalencia.
 Notas de Salida: Sal del Mar y Jengibre.
 Notas de Corazón: Algas Marinas y Vetiver.
 Notas de Fondo: Cedro y Musgo de Roble.

Opciones disponibles: 100ml · 30ml
Indícanos la opción que quieres al hacer el pedido.","in stock","new","6.95 EUR","","https://aura-prestige.sumupstore.com/product/perfume-hombre-572","https://cdn.shopify.com/s/files/1/0958/5970/4190/files/perfume-hombre-24_69c9c14f-0f71-4c0c-9224-bebf6945b6bd.jpg","Laboncler","Perfumes · Hombre"
"perfume-hombre-503","Perfume hombre 503","⭐ NUEVA REFERENCIA⭐ 
 Perfume hombre de equivalencia.
 Notas de Salida: Mandarina Verde.
 Notas de Corazón: cuero y Licor.
 Notas de Fondo: Haba Tonka.

Opciones disponibles: 100ml · 30ml
Indícanos la opción que quieres al hacer el pedido.","in stock","new","6.95 EUR","","https://aura-prestige.sumupstore.com/product/perfume-hombre-503","https://cdn.shopify.com/s/files/1/0958/5970/4190/files/perfume-hombre-24_69c9c14f-0f71-4c0c-9224-bebf6945b6bd.jpg","Laboncler","Perfumes · Hombre"
"perfume-hombre-585","Perfume hombre 585","⭐ NUEVA REFERENCIA⭐ 
 Perfume hombre de equivalencia.
 Notas de Salida: Cacao, Toronja (Pomelo), y Salvia.
 Notas de Corazón: Tabaco, Lavanda y Jengibre.
 Notas de Fondo: Notas Amaderadas, Ámbar Gris, Pachulí y Vetiver.

Opciones disponibles: 30ml
Indícanos la opción que quieres al hacer el pedido.","in stock","new","6.95 EUR","","https://aura-prestige.sumupstore.com/product/perfume-hombre-585","https://cdn.shopify.com/s/files/1/0958/5970/4190/files/perfume-hombre-24_69c9c14f-0f71-4c0c-9224-bebf6945b6bd.jpg","Laboncler","Perfumes · Hombre"
"perfume-hombre-573","Perfume hombre 573","⭐ NUEVA REFERENCIA⭐ 
 Perfume hombre de equivalencia.
 Notas de Salida: Manzana y Davana.
 Notas de Corazón: Rosa de Damasco, Cedro y Osmato ( Olivo Oloroso).
 Notas de Fondo: Vainilla, Haba Tonka y Pachulí.

Opciones disponibles: 100ml
Indícanos la opción que quieres al hacer el pedido.","in stock","new","14.95 EUR","","https://aura-prestige.sumupstore.com/product/perfume-hombre-573","https://cdn.shopify.com/s/files/1/0958/5970/4190/files/perfume-hombre-24_69c9c14f-0f71-4c0c-9224-bebf6945b6bd.jpg","Laboncler","Perfumes · Hombre"
"perfume-hombre-562","Perfume hombre 562","⭐ NUEVA REFERENCIA⭐ 
 Perfume hombre de equivalencia.
 Notas de Salida: Cardamomo, Naranja Tangerina y Bergamota.
 Notas de Corazón: Lavanda, Salvia y Hojas de Violeta.
 Notas de Fondo: Benjuí, Cedro y Pachulí.

Opciones disponibles: 100ml · 30ml
Indícanos la opción que quieres al hacer el pedido.","in stock","new","6.95 EUR","","https://aura-prestige.sumupstore.com/product/perfume-hombre-562","https://cdn.shopify.com/s/files/1/0958/5970/4190/files/perfume-hombre-24_69c9c14f-0f71-4c0c-9224-bebf6945b6bd.jpg","Laboncler","Perfumes · Hombre"
"perfume-hombre-561","Perfume hombre 561","⭐ NUEVA REFERENCIA⭐ 
 Perfume hombre de equivalencia.
 Notas de Salida: Notas Verdes , Notas Acuosas, Menta y Jenjibre.
 Notas de Corazón: Coco, Higo y Sal.
 Notas de Fondo: Haba Tonka y Sándalo.

Opciones disponibles: 100ml · 30ml
Indícanos la opción que quieres al hacer el pedido.","in stock","new","6.95 EUR","","https://aura-prestige.sumupstore.com/product/perfume-hombre-561","https://cdn.shopify.com/s/files/1/0958/5970/4190/files/perfume-hombre-24_69c9c14f-0f71-4c0c-9224-bebf6945b6bd.jpg","Laboncler","Perfumes · Hombre"
"perfume-hombre-555","Perfume hombre 555","⭐ NUEVA REFERENCIA⭐ 
 Perfume hombre de equivalencia.
 Notas de Salida: Pimienta Rosa, Enebro de Virginia y Violeta.
 Notas de Corazón: Tófe, Canela, Lavanda y Salvia.
 Notas de Fondo: Vainilla, Ámbar, Haba Tonka y Gamuza.

Opciones disponibles: 30ml
Indícanos la opción que quieres al hacer el pedido.","in stock","new","6.95 EUR","","https://aura-prestige.sumupstore.com/product/perfume-hombre-555","https://cdn.shopify.com/s/files/1/0958/5970/4190/files/perfume-hombre-24_69c9c14f-0f71-4c0c-9224-bebf6945b6bd.jpg","Laboncler","Perfumes · Hombre"
"perfume-hombre-505","Perfume hombre 505","⭐ NUEVA REFERENCIA⭐ 
 Perfume hombre de equivalencia.
 Notas de Salida: Incienso y Cardamomo.
 Notas de Corazón: Pachulí y Vetiver.
 Notas de Fondo: Ládano y Cedro.

Opciones disponibles: 100ml · 30ml
Indícanos la opción que quieres al hacer el pedido.","in stock","new","6.95 EUR","","https://aura-prestige.sumupstore.com/product/perfume-hombre-505","https://cdn.shopify.com/s/files/1/0958/5970/4190/files/perfume-hombre-24_69c9c14f-0f71-4c0c-9224-bebf6945b6bd.jpg","Laboncler","Perfumes · Hombre"
"perfume-hombre-560","Perfume hombre 560","⭐ NUEVA REFERENCIA⭐ 
 Perfume hombre de equivalencia.
 Notas de Salida: Pimienta Rosa y Limón.
 Notas de Corazón: Incienso de Olíbano y Lavanda.
 Notas de Fondo: Vainilla, Haba Tonka y Ámbar.

Opciones disponibles: 100ml · 30ml
Indícanos la opción que quieres al hacer el pedido.","in stock","new","6.95 EUR","","https://aura-prestige.sumupstore.com/product/perfume-hombre-560","https://cdn.shopify.com/s/files/1/0958/5970/4190/files/perfume-hombre-24_69c9c14f-0f71-4c0c-9224-bebf6945b6bd.jpg","Laboncler","Perfumes · Hombre"
"super-novedad-12-palos-de-aluminio-reforzado","12 PALOS DE ALUMINIO REFORZADO","Ultrarresistente • Ultraligero • Universal • Antibacteriano 
 ¡Lo pedisteis… y aquí está! El nuevo Palo de Aluminio Reforzado de Laboncler llega para convertirse en tu herramienta definitiva de limpieza. Fabricado íntegramente en aluminio anodizado , estriado, rígido y prácticamente irrompible, es el palo que siempre has querido tener en tu almacén y en tu casa.
 Un palo universal, cómodo, resistente y con efecto antibacteriano natural. Así es la nueva creación de Laboncler.
 ⭐ Características principales 
 🦾 Aluminio Anodizado Reforzado 
 Diseñado para durar años sin doblarse, sin romperse y sin oxidarse. Un palo pensado para uso intensivo.
 ⚙️ Rosca Universal 
 Compatible con:
 Todas las fregonas Laboncler
 Todas las escobas Laboncler
 Cualquier fregona y escoba estándar del mercado nacional
 📏 Medidas y diseño 
 Altura: 1,50 m
 Peso: solo 150 gramos (ultraligero)
 Cuerpo estriado: mejor agarre, mejor control, cero deslizamientos
 Rigidez extrema: sensación de firmeza en cada movimiento
 🛡️ 100% Inoxidable 
 Da igual el uso, el tiempo o la humedad: No se oxida, no se deteriora y no pierde su acabado.
 🦠 Efecto Oligodinámico Antibacteriano 
 El aluminio libera iones Al³⁺ , que pueden interferir con las membranas celulares de bacterias, ayudando a mantener un entorno de limpieza más higiénico.
 🪶 Ultraligero = Más comodidad 
 Su peso de apenas 150 g lo convierte en un palo muy fácil de manejar, reduciendo esfuerzo y permitiendo un control total durante la limpieza.
 💥 En resumen: un palo casi indestructible 
 ✔ Ultrarresistente ✔ Ultraligero ✔ 100% inoxidable ✔ Antibacteriano ✔ Universal ✔ Reforzado ✔ Estriado para mejor agarre
 ¡IMPORTANTE! LABONCLER NO VENDE LOS PALOS POR UNIDAD EN NUESTRA WEB. SI QUIERES MENOS DE 12, ¡BUSCA A TU DISTRIBUIDOR MÁS CERCANO!","in stock","new","68.00 EUR","","https://aura-prestige.sumupstore.com/product/12-palos-de-aluminio-reforzado","https://cdn.shopify.com/s/files/1/0958/5970/4190/files/12PALOS.jpg","Laboncler","Hogar"
"premiun-mikado-laboncler-lor-trouver-200ml","PREMIUM MIKADO LABONCLER L'OR TROUVER 200ML","🍁 Los nuevos Mikados PREMIUM de LaBonCler 🍁
 AROMAS TAN POTENTES, TAN ÚNICOS QUE HARÁN QUE TU HOGAR Y TU NEGOCIO HUELAN A PURO GLAMOUR INTENSO ⭐
 Te vas a quedar loc@ de como huelen 😱
Y lo que dura el aroma
Su intensidad...
Su packagin...
Sus colores...
Todooooo ‼‼
 L'OR TROUVER: 
Color Lila:
No podría describir este perfume...
Es tan único, tan exclusivo 🥰
 Lavanda, cacao, pachulí y ámbar...
 Inspirado en la fragancia The Club Scalpers
 Aroma Sutil‼
 MAJESTUOSO‼‼‼
 ⭐ Todos van acompañados de 6 varillas de Ratán y Bambú
⭐ Son de 200ml
⭐ Su duración es de hasta 3 meses
⭐ Su presentación es súper bonita, convirtiéndolo en el regalo ideal
⭐ Sin fijadores amoniacales
⭐ Sin parabenos
⭐ Sin químicos agresivos
 Tienes que probarlos.
NO SON UN MIKADO MÁS.
Por que si algo es bueno... es de Laboncler
 Contenido: 200 ml","in stock","new","19.95 EUR","","https://aura-prestige.sumupstore.com/product/premium-mikado-laboncler-l-or-trouver-200ml","https://cdn.shopify.com/s/files/1/0958/5970/4190/files/LOR-TROUVER.jpg","Laboncler","Ambientación · Mikados"
"pano-cocina-antibacteriano","PAÑO COCINA ANTIBACTERIANO 38x40cm","Las micropartículas de cobre del Paño Antibacteriano de Laboncler, eliminan hasta el 99% de los gérmenes,
 evitando el crecimiento de microbios en él, sin tener que usar productos químicos.
 Mantenimiento: Lavar a mano o a máquina, maximo 60º
 No utilizar suavizantes, secar al aire, no utilizar secadora.
 Antes del primer uso lavar, para eliminar el apresto de fabricación.
 Medidas: 38x40","in stock","new","2.70 EUR","","https://aura-prestige.sumupstore.com/product/pano-cocina-antibacteriano-38x40cm","https://cdn.shopify.com/s/files/1/0958/5970/4190/files/Pano-cocina-antibacteriano.jpg","Laboncler","Hogar"
"pack-10-limpieza-eco-jin-a-elegirdifusorplumero-fuffly10-recambios-extras-fufflybayeta-microfibraest","PACK 10 LIMPIEZA ECO-JIN A ELEGIR+DIFUSOR+ FUFFLY+10 RECAMBIOS EXTRAS FUFFLY+BAYETA MICROFIBRA+ESTROPAJO CON ESPONJA","PACK 10 LIMPIEZA 
1 ECO-JIN (Aroma a elegir)
+1 DIFUSOR
+1 FUFFLY Con 5 Recambios
+10 RECAMBIOS EXTRAS para Fuffly
+1 BAYETA MICROFIBRA
+1 ESTROPAJO CON ESPONJA

Opciones disponibles: GLOW · HOME · INTENSE · NEUTRO · SPA · ICE-MINT
Indícanos la opción que quieres al hacer el pedido.","in stock","new","25.30 EUR","","https://aura-prestige.sumupstore.com/product/pack-10-limpieza-eco-jin-a-elegir-difusor-fuffly-10-recambios-extras-fuffly-bayeta-microfibra-estropajo-con-esponja","https://cdn.shopify.com/s/files/1/0958/5970/4190/files/Pack-10-limpieza.jpg","Laboncler","Packs"
"pack-no9-eco-jin-elegirdifusorfregona-elegirescoba-elegirbayeta-microfibraestopajo-con-esponja","PACK 9 LIMPIEZA ECO-JIN (ELEGIR)+DIFUSOR+FREGONA (ELEGIR)+ESCOBA (ELEGIR)+BAYETA MICROFIBRA+ESTOPAJO CON ESPONJA","NUEVO Pack de limpieza Nº9 
ECO-JIN a elegir de sus 4 aromas con Difusor espumante.
Fregona a elegir entre la Trapeadora o la Optimus.
Escoba a elegir entre Interiores o Exteriores.
Bayeta de Microfibra.
Estropajo con esponja.

Opciones disponibles: GLOW / Optimus / Interiores · GLOW / Optimus / Mini zocalos · GLOW / Optimus / Mixta Int-Ext · GLOW / Trapeadora / Interiores · GLOW / Trapeadora / Mini zocalos · GLOW / Trapeadora / Mixta Int-Ext · HOME / Optimus / Interiores · HOME / Optimus / Mini zocalos · HOME / Optimus / Mixta Int-Ext · HOME / Trapeadora / Interiores · HOME / Trapeadora / Mini zocalos · HOME / Trapeadora / Mixta Int-Ext · INTENSE / Optimus / Interiores · INTENSE / Optimus / Mini zocalos · INTENSE / Trapeadora / Interiores · INTENSE / Trapeadora / Mini zocalos · INTENSE / Trapeadora / Mixta Int-Ext · NEUTRO / Optimus / Interiores · NEUTRO / Optimus / Mini zocalos · NEUTRO / Optimus / Mixta Int-Ext · NEUTRO / Trapeadora / Interiores · NEUTRO / Trapeadora / Mini zocalos · NEUTRO / Trapeadora / Mixta Int-Ext · SPA / Optimus / Interiores · SPA / Optimus / Mini zocalos · SPA / Optimus / Mixta Int-Ext · SPA / Trapeadora / Interiores · SPA / Trapeadora / Mini zocalos · SPA / Trapeadora / Mixta Int-Ext · ICE-MINT / Optimus / Interiores · ICE-MINT / Optimus / Mini zocalos · ICE-MINT / Optimus / Mixta Int-Ext · ICE-MINT / Trapeadora / Interiores · ICE-MINT / Trapeadora / Mini zocalos · ICE-MINT / Trapeadora / Mixta Int-Ext
Indícanos la opción que quieres al hacer el pedido.","in stock","new","32.45 EUR","","https://aura-prestige.sumupstore.com/product/pack-9-limpieza-eco-jin-elegir-difusor-fregona-elegir-escoba-elegir-bayeta-microfibra-estopajo-con-esponja","https://cdn.shopify.com/s/files/1/0958/5970/4190/files/PACK-9-1.jpg","Laboncler","Packs"
"pack-8-chronoscrema-oxidantedifusorcepillo-juntasbayeta-y-estropajo-con-esponja","PACK 8 LIMPIEZA CHRONOS+CREMA OXIDANTE+DIFUSOR+CEPILLO JUNTAS+BAYETA Y ESTROPAJO CON ESPONJA","Pack Compuesto por:
1 Lavavajillas Chronos a elegir entre Artico o Canela.
1 Crema Oxidante.
1 Difusor para mezclas.
1 Cepillo de Juntas.
1 Bayeta de Microfibra.
1 Estropajo con esponja.

Opciones disponibles: Artico-Limpio · Canela-Naranja · Chronos Black
Indícanos la opción que quieres al hacer el pedido.","in stock","new","18.65 EUR","","https://aura-prestige.sumupstore.com/product/pack-8-limpieza-chronos-crema-oxidante-difusor-cepillo-juntas-bayeta-y-estropajo-con-esponja","https://cdn.shopify.com/s/files/1/0958/5970/4190/files/pack8.jpg","Laboncler","Packs"
"pack-7-limpieza-ej-oleobayeta-microfibragladysbig-inox","PACK 7 LIMPIEZA. EJ OLEO+BAYETA MICROFIBRA+VITRO TWIST+BIG INOX","Pack compuesto por: 
1 Eco-Jin Óleo (maderas a elegir claras u oscuras)
1 Bayeta de Microfibra
5 Esponjas Vitro Twist
1 Estropajo Big Inox

Opciones disponibles: Maderas CLARAS · Maderas OSCURAS
Indícanos la opción que quieres al hacer el pedido.","in stock","new","21.95 EUR","","https://aura-prestige.sumupstore.com/product/pack-7-limpieza-ej-oleo-bayeta-microfibra-vitro-twist-big-inox","https://cdn.shopify.com/s/files/1/0958/5970/4190/files/pack-7-limpieza.jpg","Laboncler","Packs"
"pack-6-limpieza-ecojindifusorfregonas-optimus-y-trapeadora","PACK 6 Limpieza ECOJIN A ELEGIR+DIFUSOR+2 FREGONAS A ELEGIR+BAYETA MICROFIBRA+ESTROPAJO CON ESPONJA",""" PACK SUELOS COMO ESPEJOS "" 
Pack compuesto por:
 1 Eco-Jin 1 Litro (aroma a elegir) con 1 Difusor
 2 Fregonas a elegir (Optimus - Trapeadora)
 1 Bayeta Microfibra
 1 Estropajo con esponja

Opciones disponibles: HOME / Optimus / Optimus · HOME / Optimus / Trapeadora · HOME / Trapeadora / Optimus · HOME / Trapeadora / Trapeadora · INTENSE / Optimus / Optimus · INTENSE / Optimus / Trapeadora · INTENSE / Trapeadora / Optimus · INTENSE / Trapeadora / Trapeadora · NEUTRO / Optimus / Optimus · NEUTRO / Optimus / Trapeadora · NEUTRO / Trapeadora / Optimus · NEUTRO / Trapeadora / Trapeadora · SPA / Optimus / Optimus · SPA / Optimus / Trapeadora · SPA / Trapeadora / Optimus · SPA / Trapeadora / Trapeadora · GLOW / Optimus / Optimus · GLOW / Optimus / Trapeadora · GLOW / Trapeadora / Optimus · GLOW / Trapeadora / Trapeadora · ICE-MINT / Optimus / Optimus · ICE-MINT / Optimus / Trapeadora · ICE-MINT / Trapeadora / Optimus · ICE-MINT / Trapeadora / Trapeadora
Indícanos la opción que quieres al hacer el pedido.","in stock","new","24.76 EUR","","https://aura-prestige.sumupstore.com/product/pack-6-limpieza-ecojin-a-elegir-difusor-2-fregonas-a-elegir-bayeta-microfibra-estropajo-con-esponja","https://cdn.shopify.com/s/files/1/0958/5970/4190/files/PACK-6.jpg","Laboncler","Packs"
"pack-5-limpieza-ecojindifusorrasqueta-limpia-cristalesbayeta-microfibraestropajo-con-esponja","PACK 5 Limpieza ECOJIN+DIFUSOR+RASQUETA LIMPIA CRISTALES+BAYETA MICROFIBRA+ESTROPAJO CON ESPONJA","Pack compuesto por:
 Eco-Jin 1 Litro (aroma a elegir) con 1 Difusor
 Rasqueta Limpia-Cristales ergonómica
 Bayeta de Microfibra
 Estropajo con esponja

Opciones disponibles: GLOW · HOME · INTENSE · NEUTRO · SPA · ICE-MINT
Indícanos la opción que quieres al hacer el pedido.","in stock","new","20.35 EUR","","https://aura-prestige.sumupstore.com/product/pack-5-limpieza-ecojin-difusor-rasqueta-limpia-cristales-bayeta-microfibra-estropajo-con-esponja","https://cdn.shopify.com/s/files/1/0958/5970/4190/files/PACK-5-1.jpg","Laboncler","Packs"
"pack-3-limpieza","PACK 3 Limpieza ECOJIN+DIFUSOR+PLUMERO+BAYETA MICROFIBRA+ESTROPAJO CON ESPONJA","Pack compuesto por:
 Eco-Jin 1 Litro (aroma a elegir) con 1 Difusor
 Plumero Palmera
 Bayeta Microfibra
 Estropajo con esponja

Opciones disponibles: GLOW · HOME · INTENSE · NEUTRO · SPA · ICE-MINT
Indícanos la opción que quieres al hacer el pedido.","in stock","new","26.95 EUR","","https://aura-prestige.sumupstore.com/product/pack-3-limpieza-ecojin-difusor-plumero-bayeta-microfibra-estropajo-con-esponja","https://cdn.shopify.com/s/files/1/0958/5970/4190/files/PACK-3-1.jpg","Laboncler","Packs"
"pack-2-limpieza","PACK 2 Limpieza ECOJIN+DIFUSOR+CEPILLO TEXTIL ROSA+BAYETA MICROFIBRA+ESTROPAJO CON ESPONJA","Pack compuesto por:
 Eco-Jin 1 Litro (aroma a elegir) con 1 Difusor
 Cepillo textil Rosa
 Bayeta Microfibra
 Estropajo con esponja

Opciones disponibles: GLOW · HOME · INTENSE · NEUTRO · SPA · ICE-MINT
Indícanos la opción que quieres al hacer el pedido.","in stock","new","23.65 EUR","","https://aura-prestige.sumupstore.com/product/pack-2-limpieza-ecojin-difusor-cepillo-textil-rosa-bayeta-microfibra-estropajo-con-esponja","https://cdn.shopify.com/s/files/1/0958/5970/4190/files/PACK-2-1.jpg","Laboncler","Packs"
"pack-1-limpieza","PACK 1 Limpieza ECOJIN+DIFUSOR+CEPILLO JUNTAS AMARILLO+BAYETA MICROFIBRA+ESTROPAJO CON ESPONJA","Pack compuesto por:
 Eco-Jin 1 Litro (aroma a elegir) con 1 Difusor
 Cepillo de Juntas
 Bayeta Microfibra
 Estropajo con esponja

Opciones disponibles: GLOW · HOME · INTENSE · NEUTRO · SPA · ICE-MINT
Indícanos la opción que quieres al hacer el pedido.","in stock","new","20.79 EUR","","https://aura-prestige.sumupstore.com/product/pack-1-limpieza-ecojin-difusor-cepillo-juntas-amarillo-bayeta-microfibra-estropajo-con-esponja","https://cdn.shopify.com/s/files/1/0958/5970/4190/files/PACK-1-1.jpg","Laboncler","Packs"
"cubo-plegable-12l","CUBO PLEGABLE 12L","¡¡¡ Nuevo Cubo plegable !!!!  BY LABONCLER
De una calidad increíble
• Cubo plegable ahorra-espacio
• Fácil y rápido de plegar
• Con asa y gancho para colgar
• Ideal para la casa, el coche , para el camping o la playa
Peso
650 Gramos
Capacidad
12 Litros","in stock","new","10.99 EUR","9.90 EUR","https://aura-prestige.sumupstore.com/product/cubo-plegable-12l","https://cdn.shopify.com/s/files/1/0958/5970/4190/files/cubo.jpg","Laboncler","Ofertas del Mes"
"set-cubo-plegable2-chronos-a-elegirbayeta-microf-estopajo-con-esponjajabonoso","SET CUBO PLEGABLE+2 CHRONOS A ELEGIR+BAYETA MICROF.+ESTOPAJO CON ESPONJA+JABONOSO","El Set Incluye:
1 Cubo plegable Laboncler.
2 Lavavajillas Chronos (Aromas a elegir)
1 Bayeta de Microfibra.
1 Estropajo con esponja.
1 Estropajo jabonoso.

Opciones disponibles: Artico-Limpio / Artico-Limpio · Artico-Limpio / Canela-Naranja · Artico-Limpio / Chronos Black · Canela-Naranja / Artico-Limpio · Canela-Naranja / Canela-Naranja · Canela-Naranja / Chronos Black · Chronos Black / Artico-Limpio · Chronos Black / Canela-Naranja · Chronos Black / Chronos Black
Indícanos la opción que quieres al hacer el pedido.","in stock","new","21.73 EUR","","https://aura-prestige.sumupstore.com/product/set-cubo-plegable-2-chronos-a-elegir-bayeta-microf-estopajo-con-esponja-jabonoso","https://cdn.shopify.com/s/files/1/0958/5970/4190/files/SET-CUBO-PLEGABLE-CON-2-CHRONOS-A-ELEGIRBAYETAESPONJAJABONOSO.jpg","Laboncler","Packs"
"set-cubo-plegableelixir-fregasuelos-a-elegirbayeta-microf-estropajo-esponjajabonoso-2-esponjas-antir","SET CUBO PLEGABLE+ELIXIR FREGASUELOS (A ELEGIR)+BAYETA MICROF.+ESTROPAJO ESPONJA+JABONOSO+ 2 ESPONJAS ANTIRRAYADURAS","El Set Incluye:
 1 Cubo plegable Laboncler.
 1 Elixir de Fregasuelos (Aroma a elegir)
 1 Bayeta de Microfibra.
 1 Estropajo con esponja.
 1 Estropajo jabonoso.
 2 Esponjas Antirrayaduras.

Opciones disponibles: Blue Rouse · Fresh Atlantis · Golden Pearls
Indícanos la opción que quieres al hacer el pedido.","in stock","new","32.96 EUR","","https://aura-prestige.sumupstore.com/product/set-cubo-plegable-elixir-fregasuelos-a-elegir-bayeta-microf-estropajo-esponja-jabonoso-2-esponjas-antirrayaduras","https://cdn.shopify.com/s/files/1/0958/5970/4190/files/cuboelexir-fregasuelos.jpg","Laboncler","Packs"
"set-cubo-plegableeco-jin-y-difusorbayeta-microf-estropajo-esponjajabonoso","SET CUBO PLEGABLE+ECO-JIN Y DIFUSOR+BAYETA MICROF.+ESTROPAJO ESPONJA+JABONOSO","El Set Incluye:
1 Cubo plegable Laboncler.
1 Eco-Jin con Difusor (Aroma a elegir)
1 Bayeta de Microfibra.
1 Estropajo con esponja.
1 Estropajo jabonoso.

Opciones disponibles: GLOW · HOME · INTENSE · NEUTRO · SPA · ICE-MINT
Indícanos la opción que quieres al hacer el pedido.","in stock","new","25.25 EUR","","https://aura-prestige.sumupstore.com/product/set-cubo-plegable-eco-jin-y-difusor-bayeta-microf-estropajo-esponja-jabonoso","https://cdn.shopify.com/s/files/1/0958/5970/4190/files/ECO-CON-CUBO.jpg","Laboncler","Packs"
"set-cubo-plegablechronos-a-elegireco-jin-y-difusorbayeta-microf-estropajo-esponjajabonoso","SET CUBO PLEGABLE+CHRONOS A ELEGIR+ECO-JIN Y DIFUSOR+BAYETA MICROF.+ESTROPAJO ESPONJA+JABONOSO","El Set Incluye:
1 Cubo plegable Laboncler.
1 Lavavajillas Chronos (Aroma a elegir)
1 Eco-Jin con Difusor (Aroma a elegir)
1 Bayeta de Microfibra.
1 Estropajo con esponja.
1 Estropajo jabonoso.

Opciones disponibles: Artico-Limpio / GLOW · Artico-Limpio / HOME · Artico-Limpio / INTENSE · Artico-Limpio / NEUTRO · Artico-Limpio / SPA · Artico-Limpio / ICE-MINT · Canela-Naranja / GLOW · Canela-Naranja / HOME · Canela-Naranja / INTENSE · Canela-Naranja / NEUTRO · Canela-Naranja / SPA · Canela-Naranja / ICE-MINT · Chronos Black / GLOW · Chronos Black / HOME · Chronos Black / INTENSE · Chronos Black / NEUTRO · Chronos Black / SPA · Chronos Black / ICE-MINT
Indícanos la opción que quieres al hacer el pedido.","in stock","new","30.64 EUR","","https://aura-prestige.sumupstore.com/product/set-cubo-plegable-chronos-a-elegir-eco-jin-y-difusor-bayeta-microf-estropajo-esponja-jabonoso","https://cdn.shopify.com/s/files/1/0958/5970/4190/files/CUBO-ECO-Y-CHRONOS.jpg","Laboncler","Packs"
"eco-jin-5-litros-aroma-a-elegir-sin-difusor","Eco-Jin BIDÓN 5 Litros Aroma a elegir SIN DIFUSOR","ESTE ARTICULO SOLO CONTIENE EL PRODUCTO CONCENTRADO , SIN DIFUSOR. 
 SELECCIONA EL AROMA QUE QUIERES COMPRAR: 
 NEUTRO: SIN COLOR NI OLOR. 
 SPA: COLOR AZUL, AROMA FRESCO SPA. 
 HOME: COLOR ROSA, AROMA A TALCO Y FLORES BLANCAS. 
 INTENSE: COLOR AMARILLO, AROMA CÍTRICA CIDRA Y NARANJA PÉRSICA ENTRELAZADOS CON LA MAJESTUOSA FRAGANCIA DEL JABÓN DE MARSELLA. 
 GLOW: COLOR LILA, AROMA FLORES LILAS, VIOLETAS, JAZMIN SAMBAC Y ALMIZCLE PURO. 
   ECO-JIN no emite vapores tóxicos, no contiene sulfatos, ni compuestos de amonio, ni amoniacos, ni ftalatos, ni lejías... 
Viene altamente concentrado.
Hay que diluirlo en agua.
De cada litro de concentrado salen 15 LITROS de producto listo para su uso.
Es una maravilla para todo...
Suelos, espejos, cristales, aseo, cocina, muebles, lavadora, ropa, tapicerías,
grasa acumulada, planchas, freidoras, campanas, manchas dificiles,
chicles, pegamento y pintura en la ropa...
Sus tensoactivos cuidan todo tipo de superficies y hacen que estén más limpias, por más tiempo.
¡¡ Su precio y rentabilidad es lo mejor !!
more

Opciones disponibles: GLOW · HOME · INTENSE · NEUTRO · SPA · ICE-MINT
Indícanos la opción que quieres al hacer el pedido.","in stock","new","54.85 EUR","","https://aura-prestige.sumupstore.com/product/eco-jin-bidon-5-litros-aroma-a-elegir-sin-difusor","https://cdn.shopify.com/s/files/1/0958/5970/4190/files/sin_difusor_bidon.jpg","Laboncler","ECO-JIN Multiusos"
"cubo-con-escurridor-para-fregar-17l","CUBO ESCURRIDOR RAÍCES","Harta de que tus cubos de fregona se partan, se agrieten y el escurridor acabe roto e inservible por la fricción al escurrir ???
 Te presentamos el nuevo Cubo Profesional ""Raíces"" de Laboncler 
 EL CUBO QUE NO SE ROMPE ‼👏 Con escurridor antigoteo ULTRA- RESISTENTE ‼ 
 Cubo Profesional de tan solo 800 gramos en Plástico reciclable ABS con calidad extraordinaria
Y Copolímeros Naturales que aportan una resistencia a los impactos y dureza Brutales ‼
 NO PESA NADA ‼‼‼‼
 Además su escurridor es de gran capacidad para fregonas de mayor tamaño
Como nuestra óptimus 960 o Trapeadora
Con anclaje para mantener la fregona erguida y bien sujeta.
Sistema Antigoteo elevado para no derramar ni una gota Al escurrir.
 VOLVER A LAS RAÍCES A LO CONVENCIONAL ES INFALIBLE ‼‼
 Asa de plástico muy resistente , cómoda y ergonómica para una mejor distribución del peso.
 UN CUBO DE DURACIÓN INTERMINABLE ‼
 Capacidad  Hasta 17 litros‼‼ 
 Modelo exclusivo fabricado en inyección por Laboncler.","in stock","new","14.96 EUR","","https://aura-prestige.sumupstore.com/product/cubo-escurridor-raices","https://cdn.shopify.com/s/files/1/0958/5970/4190/files/CUBO-PARA-FREGAR.jpg","Laboncler","Hogar"
"pack-cubo-con-escurridor-para-fregar-17l2-fregonas-a-elegir","PACK CUBO ESCURRIDOR RAÍCES+2 FREGONAS A ELEGIR","Harta de que tus cubos de fregona se partan, se agrieten y el escurridor acabe roto e inservible por la fricción al escurrir ???
 Te presentamos el nuevo Cubo Profesional ""Raíces"" de Laboncler 
 EL CUBO QUE NO SE ROMPE ‼👏 Con escurridor antigoteo ULTRA- RESISTENTE ‼ 
 + 2 FREGONAS A ELEGIR (OPTIMUS Y TRAPEADORA) 
 Cubo Profesional de tan solo 800 gramos en Plástico reciclable ABS con calidad extraordinaria
Y Copolímeros Naturales que aportan una resistencia a los impactos y dureza Brutales ‼
 NO PESA NADA ‼‼‼‼
 Además su escurridor es de gran capacidad para fregonas de mayor tamaño
Como nuestra óptimus 960 o Trapeadora
Con anclaje para mantener la fregona erguida y bien sujeta.
Sistema Antigoteo elevado para no derramar ni una gota Al escurrir.
 VOLVER A LAS RAÍCES A LO CONVENCIONAL ES INFALIBLE ‼‼
 Asa de plástico muy resistente , cómoda y ergonómica para una mejor distribución del peso.
 UN CUBO DE DURACIÓN INTERMINABLE ‼
 Capacidad  Hasta 17 litros‼‼ 
 Modelo exclusivo fabricado en inyección por Laboncler.

Opciones disponibles: Optimus / Optimus · Optimus / Trapeadora · Trapeadora / Optimus · Trapeadora / Trapeadora
Indícanos la opción que quieres al hacer el pedido.","in stock","new","25.30 EUR","","https://aura-prestige.sumupstore.com/product/pack-cubo-escurridor-raices-2-fregonas-a-elegir","https://cdn.shopify.com/s/files/1/0958/5970/4190/files/CUBO-FREGAR-FREGONA-A-ELEGIR.jpg","Laboncler","Packs"
"pack-cubo-con-escurridor-para-fregar-17l2-fregonas-a-elegir1-elixir-fregasuelos-a-elegir","PACK CUBO ESCURRIDOR RAÍCES+2 FREGONAS A ELEGIR+1 ELIXIR FREGASUELOS A ELEGIR","Harta de que tus cubos de fregona se partan, se agrieten y el escurridor acabe roto e inservible por la fricción al escurrir ???
 Te presentamos el nuevo Cubo Profesional ""Raíces"" de Laboncler 
 EL CUBO QUE NO SE ROMPE ‼👏 Con escurridor antigoteo ULTRA- RESISTENTE ‼ 
 + 2 FREGONAS A ELEGIR (OPTIMUS Y TRAPEADORA) + 1 ELIXIR DE FREGASUELOS A ELEGIR 
 Cubo Profesional de tan solo 800 gramos en Plástico reciclable ABS con calidad extraordinaria
Y Copolímeros Naturales que aportan una resistencia a los impactos y dureza Brutales ‼
 NO PESA NADA ‼‼‼‼
 Además su escurridor es de gran capacidad para fregonas de mayor tamaño
Como nuestra óptimus 960 o Trapeadora
Con anclaje para mantener la fregona erguida y bien sujeta.
Sistema Antigoteo elevado para no derramar ni una gota Al escurrir.
 VOLVER A LAS RAÍCES A LO CONVENCIONAL ES INFALIBLE ‼‼
 Asa de plástico muy resistente , cómoda y ergonómica para una mejor distribución del peso.
 UN CUBO DE DURACIÓN INTERMINABLE ‼
 Capacidad  Hasta 17 litros‼‼ 
 Modelo exclusivo fabricado en inyección por Laboncler.

Opciones disponibles: Optimus / Optimus / Blue Rouse · Optimus / Optimus / Fresh Atlantis · Optimus / Optimus / Golden Pearls · Optimus / Trapeadora / Blue Rouse · Optimus / Trapeadora / Fresh Atlantis · Optimus / Trapeadora / Golden Pearls · Trapeadora / Trapeadora / Blue Rouse · Trapeadora / Trapeadora / Fresh Atlantis · Trapeadora / Trapeadora / Golden Pearls
Indícanos la opción que quieres al hacer el pedido.","in stock","new","44.00 EUR","","https://aura-prestige.sumupstore.com/product/pack-cubo-escurridor-raices-2-fregonas-a-elegir-1-elixir-fregasuelos-a-elegir","https://cdn.shopify.com/s/files/1/0958/5970/4190/files/CUBO-FREGAR-FREGONA-FREGASUELOS-ELIXIR.jpg","Laboncler","Packs"
"pack-10-cubos-con-escurridor-para-fregar-17l","PACK 10 CUBOS ESCURRIDOR RAÍCES","Harta de que tus cubos de fregona se partan, se agrieten y el escurridor acabe roto e inservible por la fricción al escurrir ???
 Te presentamos el nuevo Cubo Profesional ""Raíces"" de Laboncler en FORMATO COMUNIDAD Y DISTRIBUCIÓN x10 Uds. 
 EL CUBO QUE NO SE ROMPE ‼👏 Con escurridor antigoteo ULTRA- RESISTENTE ‼ 
 Cubo Profesional de tan solo 800 gramos en Plástico reciclable ABS con calidad extraordinaria
Y Copolímeros Naturales que aportan una resistencia a los impactos y dureza Brutales ‼
 NO PESA NADA ‼‼‼‼
 Además su escurridor es de gran capacidad para fregonas de mayor tamaño
Como nuestra óptimus 960 o Trapeadora
Con anclaje para mantener la fregona erguida y bien sujeta.
Sistema Antigoteo elevado para no derramar ni una gota Al escurrir.
 VOLVER A LAS RAÍCES A LO CONVENCIONAL ES INFALIBLE ‼‼
 Asa de plástico muy resistente , cómoda y ergonómica para una mejor distribución del peso.
 UN CUBO DE DURACIÓN INTERMINABLE ‼
 Capacidad  Hasta 17 litros‼‼ 
 Modelo exclusivo fabricado en inyección por Laboncler.
 Contenido: 10 Cubos con escurridor.","in stock","new","130.00 EUR","","https://aura-prestige.sumupstore.com/product/pack-10-cubos-escurridor-raices","https://cdn.shopify.com/s/files/1/0958/5970/4190/files/PACK-10-CUBOS-PARA-FREGAR.jpg","Laboncler","Packs"
"trio-turbo-scent-3-unidades","TRIO TURBO SCENT (3 Unidades)","Los nuevos TURBO - SCENT De Laboncler 
  PACK TRIPLE a elegir aroma 
 Aromas que impactan con tan solo una pulsación ‼️‼️
 Adéntrate en tecnología futurista de la ambientación
El Turbo - Scent de Laboncler asegura un perfume exclusivo.
 Dispositivo de reconocida durabilidad...
3 fragancias diferentes...
 EL AROMA DE TU CASA LLEVADO A OTRO NIVEL 
 Con una única pulsación Turbo - Scent es capaz de perfumar y a su vez desodorizar,
Hasta 150 m³ durante 24 horas completas asegurando una cobertura total, de duración inigualable.
 Turbo - Scent Es la innovadora fórmula para quienes buscan la eficiencia sin comprometer la calidad del Aire.
 Experimenta el Aroma de un Hogar Limpio, la atmósfera perfecta...
Un estilo impecable...
 Contenido: 750ml+750ml+750ml

Opciones disponibles: Blue Moon / Blue Moon / Blue Moon · Blue Moon / Blue Moon / Eucalipto · Blue Moon / Blue Moon / Flora · Blue Moon / Eucalipto / Blue Moon · Blue Moon / Eucalipto / Eucalipto · Blue Moon / Eucalipto / Flora · Blue Moon / Flora / Blue Moon · Blue Moon / Flora / Eucalipto · Blue Moon / Flora / Flora · Eucalipto / Blue Moon / Blue Moon · Eucalipto / Blue Moon / Eucalipto · Eucalipto / Blue Moon / Flora · Eucalipto / Eucalipto / Blue Moon · Eucalipto / Eucalipto / Eucalipto · Eucalipto / Eucalipto / Flora · Eucalipto / Flora / Blue Moon · Eucalipto / Flora / Eucalipto · Eucalipto / Flora / Flora · Flora / Blue Moon / Blue Moon · Flora / Blue Moon / Eucalipto · Flora / Blue Moon / Flora · Flora / Eucalipto / Blue Moon · Flora / Eucalipto / Eucalipto · Flora / Eucalipto / Flora · Flora / Flora / Blue Moon · Flora / Flora / Eucalipto · Flora / Flora / Flora
Indícanos la opción que quieres al hacer el pedido.","in stock","new","41.95 EUR","","https://aura-prestige.sumupstore.com/product/trio-turbo-scent-3-unidades","https://cdn.shopify.com/s/files/1/0958/5970/4190/files/TURBO-PACK-3-AMBIENTADORES.jpg","Laboncler","Packs"
"duo-turbo-scent-2-unidades","DUO TURBO SCENT (2 Unidades)","Los nuevos TURBO - SCENT De Laboncler 
  PACK DOBLE a elegir aroma 
 Aromas que impactan con tan solo una pulsación ‼️‼️
 Adéntrate en tecnología futurista de la ambientación
El Turbo - Scent de Laboncler asegura un perfume exclusivo.
 Dispositivo de reconocida durabilidad...
3 fragancias diferentes...
 EL AROMA DE TU CASA LLEVADO A OTRO NIVEL 
 Con una única pulsación Turbo - Scent es capaz de perfumar y a su vez desodorizar,
Hasta 150 m³ durante 24 horas completas asegurando una cobertura total, de duración inigualable.
 Turbo - Scent Es la innovadora fórmula para quienes buscan la eficiencia sin comprometer la calidad del Aire.
 Experimenta el Aroma de un Hogar Limpio, la atmósfera perfecta...
Un estilo impecable...
 Contenido: 750ml+750ml

Opciones disponibles: Blue Moon / Blue Moon · Blue Moon / Eucalipto · Blue Moon / Flora · Eucalipto / Blue Moon · Eucalipto / Eucalipto · Eucalipto / Flora · Flora / Blue Moon · Flora / Eucalipto · Flora / Flora
Indícanos la opción que quieres al hacer el pedido.","in stock","new","29.95 EUR","","https://aura-prestige.sumupstore.com/product/duo-turbo-scent-2-unidades","https://cdn.shopify.com/s/files/1/0958/5970/4190/files/TURBO-PACK-2-AMBIENTADORES.jpg","Laboncler","Packs"
"poseidon-gel-desincrustante-para-wc-y-mas","POSEIDON GEL DESINCRUSTANTE PARA WC Y MAS...","POSEIDÓN Pentacalino
 ‼‼ El que no falla ‼‼
 Ya está aquí lo nunca visto en la industria de la limpieza. Un arma letal contra la cal y el sarro más incrustado...
 Cuando nada te funcione usa esta fórmula INFALIBLE ‼‼
 POSEÍDON Pentacalino...El nuevo Gel limpiador mega desincrustante para wc , sanitarios y restos de obra de Laboncler 
 Elimina la cal mas dura sin frotar, mamparas, duchas y aseos en general. 
 Erradica la suciedad acumulada en el fondo del inodoro de una forma pasmosa y en segundos 😱 
 Acaba con Los Restos de obra, como cementos, yesos y pinturas 
 Saca el Hollín y las marcas de quemado al momento, estufas, calderas, chimeneas... 
 Renueva los rallones en la cerámica, es tremendamente eficaz para eliminar las manchas de óxido en azulejos, 
 pavimentos , metales y griferías... 
 Como Limpiador de monedas es inigualable devolviéndole el lustre original 
 LO MÁS EFICAZ DEL MERCADO CREADO EN SIGLOS ‼‼‼
 Modo de empleo:
Aplicar puro para problemas grandes de cal, óxido o restos de obra
Dejar actuar unos minutos y aclarar a conciencia.
 Diluirlo en partes iguales con agua.
Si el problema es menor, aplicando sobre la superficie, dejando actuar unos minutos
y aclarar a conciencia.
 ¡¡ SI COMPRAS 13 UNIDADES TE REGALAMOS UNA !! Y RECURRENTE 26 y 2 de ellas  regalo, 39 y 3 tres de ellas de regalo.... 
 OJO‼‼‼ 
 NO USAR EN SUPERFICIES ESMALTADAS, O BRILLANTES, NI EN METALES CROMADOS , ALUMINIOS 
 O MUEBLES LACADOS O BARNIZADOS. 
 ¡¡ ATENCION !! 
 ⛔⚠ NO MEZCLAR JAMÁS CON HIPOCLORITO.( LEJÍA) CAUSA REACCIÓN ADVERSA  ⛔⚠
 No usar en superficies brillantes como Mármol , Terrazo brillante, Metales cromados, 
 lacados, barnizados, Maderas, Piedras calizas y aluminios.","in stock","new","14.96 EUR","","https://aura-prestige.sumupstore.com/product/poseidon-gel-desincrustante-para-wc-y-mas","https://cdn.shopify.com/s/files/1/0958/5970/4190/files/POSEIDON_9860c799-8e00-4c0c-9e9e-6eeeecd23f06.jpg","Laboncler","Hogar"
"prueba-premium-mikado-laboncler-pack-doble-a-elegir-2","PREMIUM MIKADO LABONCLER PACK DOBLE A ELEGIR","PREMIUM MIKADO LABONCLER PACK DOBLE A ELEGIR

Opciones disponibles: Niche Turqoise 200ml / Niche Turqoise 200ml · Niche Turqoise 200ml / Vanille Peche 200ml · Niche Turqoise 200ml / Main Bleu 200ml · Niche Turqoise 200ml / L'or Trouver 200ml · Niche Turqoise 200ml / Blante Nuit 200ml · Niche Turqoise 200ml / Vibrant Poison 200ml · Vanille Peche 200ml / Niche Turqoise 200ml · Vanille Peche 200ml / Vanille Peche 200ml · Vanille Peche 200ml / Main Bleu 200ml · Vanille Peche 200ml / L'or Trouver 200ml · Vanille Peche 200ml / Blante Nuit 200ml · Vanille Peche 200ml / Vibrant Poison 200ml · Main Bleu 200ml / Niche Turqoise 200ml · Main Bleu 200ml / Vanille Peche 200ml · Main Bleu 200ml / Main Bleu 200ml · Main Bleu 200ml / L'or Trouver 200ml · Main Bleu 200ml / Blante Nuit 200ml · Main Bleu 200ml / Vibrant Poison 200ml · L'or Trouver 200ml / Niche Turqoise 200ml · L'or Trouver 200ml / Vanille Peche 200ml · L'or Trouver 200ml / Main Bleu 200ml · L'or Trouver 200ml / L'or Trouver 200ml · L'or Trouver 200ml / Blante Nuit 200ml · L'or Trouver 200ml / Vibrant Poison 200ml · Blante Nuit 200ml / Niche Turqoise 200ml · Blante Nuit 200ml / Vanille Peche 200ml · Blante Nuit 200ml / Main Bleu 200ml · Blante Nuit 200ml / L'or Trouver 200ml · Blante Nuit 200ml / Blante Nuit 200ml · Blante Nuit 200ml / Vibrant Poison 200ml · Vibrant Poison 200ml / Niche Turqoise 200ml · Vibrant Poison 200ml / Vanille Peche 200ml · Vibrant Poison 200ml / Main Bleu 200ml · Vibrant Poison 200ml / L'or Trouver 200ml · Vibrant Poison 200ml / Blante Nuit 200ml · Vibrant Poison 200ml / Vibrant Poison 200ml
Indícanos la opción que quieres al hacer el pedido.","in stock","new","37.90 EUR","","https://aura-prestige.sumupstore.com/product/premium-mikado-laboncler-pack-doble-a-elegir","https://cdn.shopify.com/s/files/1/0958/5970/4190/files/DOBLE-MIKADO_821f43bd-416b-4d7c-9cf6-6d58f1daf0de.jpg","Laboncler","Packs"
"premium-mikado-laboncler-pack-de-6-aromas","PREMIUM MIKADO LABONCLER PACK DE 6 AROMAS","🍁 Los nuevos Mikados PREMIUM de LaBonCler 🍁
 AROMAS TAN POTENTES, TAN ÚNICOS QUE HARÁN QUE TU HOGAR Y TU NEGOCIO HUELAN A PURO GLAMOUR INTENSO ⭐
 PACK COMPLETO CON LOS 6 AROMAS MIKADOS LABONCLER 
 Te vas a quedar loc@ de como huelen 😱
Y lo que dura el aroma
Su intensidad...
Su packagin...
Sus colores...
Todooooo ‼‼
 ⭐ Todos van acompañados de 6 varillas de Ratán y Bambú
⭐ Son de 200ml
⭐ Su duración es de hasta 3 meses
⭐ Su presentación es súper bonita, convirtiéndolo en el regalo ideal
⭐ Sin fijadores amoniacales
⭐ Sin parabenos
⭐ Sin químicos agresivos
 Tienes que probarlos.
NO SON UN MIKADO MÁS.
Por que si algo es bueno... es de Laboncler
 Contenido: 200 ml x 6 Unidades.","in stock","new","110.00 EUR","","https://aura-prestige.sumupstore.com/product/premium-mikado-laboncler-pack-de-6-aromas","https://cdn.shopify.com/s/files/1/0958/5970/4190/files/PACK-6-MIKADOS-PREMIUN.jpg","Laboncler","Packs"
"premiun-mikado-laboncler-niche-turquoise-200ml","PREMIUM MIKADO LABONCLER NICHE TURQUOISE 200ML","🍁 Los nuevos Mikados PREMIUM de LaBonCler 🍁
 AROMAS TAN POTENTES, TAN ÚNICOS QUE HARÁN QUE TU HOGAR Y TU NEGOCIO HUELAN A PURO GLAMOUR INTENSO ⭐
 Te vas a quedar loc@ de como huelen 😱
Y lo que dura el aroma
Su intensidad...
Su packagin...
Sus colores...
Todooooo ‼‼
 NICHE TURQUOISE: 
Color verde:
 Naranja, frutas tropicales y Almizcle blanco...
 Inspirado en la fragancia Herba Pura
 Aroma intenso ‼
 LA REVOLUCIÓN ‼‼‼
 ⭐ Todos van acompañados de 6 varillas de Ratán y Bambú
⭐ Son de 200ml
⭐ Su duración es de hasta 3 meses
⭐ Su presentación es súper bonita, convirtiéndolo en el regalo ideal
⭐ Sin fijadores amoniacales
⭐ Sin parabenos
⭐ Sin químicos agresivos
 Tienes que probarlos.
NO SON UN MIKADO MÁS.
Por que si algo es bueno... es de Laboncler
 Contenido: 200 ml","in stock","new","19.95 EUR","","https://aura-prestige.sumupstore.com/product/premium-mikado-laboncler-niche-turquoise-200ml","https://cdn.shopify.com/s/files/1/0958/5970/4190/files/NICHE.jpg","Laboncler","Ambientación · Mikados"
"premiun-mikado-laboncler-vanille-peche-200ml","PREMIUM MIKADO LABONCLER VANILLE PECHE 200ML","🍁 Los nuevos Mikados PREMIUM de LaBonCler 🍁
 AROMAS TAN POTENTES, TAN ÚNICOS QUE HARÁN QUE TU HOGAR Y TU NEGOCIO HUELAN A PURO GLAMOUR INTENSO ⭐
 Te vas a quedar loc@ de como huelen 😱
Y lo que dura el aroma
Su intensidad...
Su packagin...
Sus colores...
Todooooo ‼‼
 VANILLE PÊCHE: 
Color rosa:
Un aroma realmente impactante
Muy cálido, poderoso y envolvente
Dulce, pero nada pesado...
 Aroma Muy Muy intenso ‼
 MELOCOTÓN Y VAINILLA PURA‼‼
 ⭐ Todos van acompañados de 6 varillas de Ratán y Bambú
⭐ Son de 200ml
⭐ Su duración es de hasta 3 meses
⭐ Su presentación es súper bonita, convirtiéndolo en el regalo ideal
⭐ Sin fijadores amoniacales
⭐ Sin parabenos
⭐ Sin químicos agresivos
 Tienes que probarlos.
NO SON UN MIKADO MÁS.
Por que si algo es bueno... es de Laboncler
 Contenido: 200 ml","in stock","new","19.95 EUR","","https://aura-prestige.sumupstore.com/product/premium-mikado-laboncler-vanille-peche-200ml","https://cdn.shopify.com/s/files/1/0958/5970/4190/files/VANILLE.jpg","Laboncler","Ambientación · Mikados"
"premiun-mikado-laboncler-main-bleu-200ml","PREMIUM MIKADO LABONCLER MAIN BLEU 200ML","🍁 Los nuevos Mikados PREMIUM de LaBonCler 🍁
 AROMAS TAN POTENTES, TAN ÚNICOS QUE HARÁN QUE TU HOGAR Y TU NEGOCIO HUELAN A PURO GLAMOUR INTENSO ⭐
 Te vas a quedar loc@ de como huelen 😱
Y lo que dura el aroma
Su intensidad...
Su packagin...
Sus colores...
Todooooo ‼‼
 MAIN BLEU: 
Color azul oscuro:
Toques frescos de ruibarbo y flores blancas...
 Inspirado en la fragancia Vetiver  Pero...con más Punch ‼‼
 Aroma Moderado ‼
 ALUCINANTE 🥰
 ⭐ Todos van acompañados de 6 varillas de Ratán y Bambú
⭐ Son de 200ml
⭐ Su duración es de hasta 3 meses
⭐ Su presentación es súper bonita, convirtiéndolo en el regalo ideal
⭐ Sin fijadores amoniacales
⭐ Sin parabenos
⭐ Sin químicos agresivos
 Tienes que probarlos.
NO SON UN MIKADO MÁS.
Por que si algo es bueno... es de Laboncler
 Contenido: 200 ml","in stock","new","19.95 EUR","","https://aura-prestige.sumupstore.com/product/premium-mikado-laboncler-main-bleu-200ml","https://cdn.shopify.com/s/files/1/0958/5970/4190/files/MAIN-BLEU.jpg","Laboncler","Ambientación · Mikados"
"premiun-mikado-laboncler-blante-nuit-200ml","PREMIUM MIKADO LABONCLER BLANTE NUIT 200ML","🍁 Los nuevos Mikados PREMIUM de LaBonCler 🍁
 AROMAS TAN POTENTES, TAN ÚNICOS QUE HARÁN QUE TU HOGAR Y TU NEGOCIO HUELAN A PURO GLAMOUR INTENSO ⭐
 Te vas a quedar loc@ de como huelen 😱
Y lo que dura el aroma
Su intensidad...
Su packagin...
Sus colores...
Todooooo ‼‼
 BLANTE NUIT: 
Color blanco:
Tonos amaderados de abeto, naranja, romero y lirio...
 Inspirado en la fragancia Fierce
 Aroma Muy intenso ‼
 LA ELEGANCIA ‼‼‼
 ⭐ Todos van acompañados de 6 varillas de Ratán y Bambú
⭐ Son de 200ml
⭐ Su duración es de hasta 3 meses
⭐ Su presentación es súper bonita, convirtiéndolo en el regalo ideal
⭐ Sin fijadores amoniacales
⭐ Sin parabenos
⭐ Sin químicos agresivos
 Tienes que probarlos.
NO SON UN MIKADO MÁS.
Por que si algo es bueno... es de Laboncler
 Contenido: 200 ml","in stock","new","19.95 EUR","","https://aura-prestige.sumupstore.com/product/premium-mikado-laboncler-blante-nuit-200ml","https://cdn.shopify.com/s/files/1/0958/5970/4190/files/BLANTE-NUIT.jpg","Laboncler","Ambientación · Mikados"
"premiun-mikado-laboncler-vibrant-poison-200ml","PREMIUM MIKADO LABONCLER VIBRANT POISON 200ML","🍁 Los nuevos Mikados PREMIUM de LaBonCler 🍁
 AROMAS TAN POTENTES, TAN ÚNICOS QUE HARÁN QUE TU HOGAR Y TU NEGOCIO HUELAN A PURO GLAMOUR INTENSO ⭐
 Te vas a quedar loc@ de como huelen 😱
Y lo que dura el aroma
Su intensidad...
Su packagin...
Sus colores...
Todooooo ‼‼
 VIBRANT POISON: 
Color rojo:
Toques de Magnolia, Haba tonka y caramelo
 Inspirado en la fragancia Hipnótic Poison Nuestra 147
 Aroma Moderado ‼
 ES UNA LOCURA 🥰
 ⭐ Todos van acompañados de 6 varillas de Ratán y Bambú
⭐ Son de 200ml
⭐ Su duración es de hasta 3 meses
⭐ Su presentación es súper bonita, convirtiéndolo en el regalo ideal
⭐ Sin fijadores amoniacales
⭐ Sin parabenos
⭐ Sin químicos agresivos
 Tienes que probarlos.
NO SON UN MIKADO MÁS.
Por que si algo es bueno... es de Laboncler
 Contenido: 200 ml","in stock","new","19.95 EUR","","https://aura-prestige.sumupstore.com/product/premium-mikado-laboncler-vibrant-poison-200ml","https://cdn.shopify.com/s/files/1/0958/5970/4190/files/VIBRANT-POISON.jpg","Laboncler","Ambientación · Mikados"
"perfume-mujer-183","Perfume Mujer 183","Notas de Salida: Caramelo.
 Notas de Corazón: Miel y Cumarina.
 Notas de Fondo: Vainilla y Almizcles Blancos, que crean una estela sensual y persistente
 Perfume de equivalencia de mujer.

Opciones disponibles: 100ml · 30ml
Indícanos la opción que quieres al hacer el pedido.","in stock","new","6.95 EUR","","https://aura-prestige.sumupstore.com/product/perfume-mujer-183","https://cdn.shopify.com/s/files/1/0958/5970/4190/files/perfume-mujer-24_14470b93-adb8-4ab1-ab6d-87483cbf4494.jpg","Laboncler","Perfumes · Mujer"
"perfume-hombre-546","Perfume Hombre 546","Perfume de equivalencia de hombre.
  Notas de Salida: Notas Marinas y Mandarina Verde.
 Notas de Corazón: Mimosa.
 Notas de Fondo: Pachulí y Lándano.

Opciones disponibles: 100ml · 30ml
Indícanos la opción que quieres al hacer el pedido.","in stock","new","6.95 EUR","","https://aura-prestige.sumupstore.com/product/perfume-hombre-546","https://cdn.shopify.com/s/files/1/0958/5970/4190/files/perfume-mujer-24_5695b558-2875-4241-b65a-729ce136a3ac.jpg","Laboncler","Perfumes · Hombre"
"perfume-mujer-253","Perfume Mujer 253","Perfume de equivalencia de mujer.

Opciones disponibles: 100ml
Indícanos la opción que quieres al hacer el pedido.","in stock","new","14.95 EUR","","https://aura-prestige.sumupstore.com/product/perfume-mujer-253","https://cdn.shopify.com/s/files/1/0958/5970/4190/files/perfume-mujer-24_0bef9b7e-e996-4eb4-b9a6-1538e08016b0.jpg","Laboncler","Perfumes · Mujer"
"perfume-mujer-105","Perfume Mujer 105","Es una fragancia de la familia olfativa Oriental Amaderada . Conocida por su complejidad y versatilidad, con un carácter que oscila entre lo fresco, lo afrutado y lo goumand. 
Notas de Salida: Hojas de Violeta, Moras Azules, Casis y Tomillo.
Notas de Corazón: Cedro, Canela y Jazmín.
Notas de Fondo: Musgo de Roble, Gamuza, Pachulí, Vainilla y Caramelo.
Perfume de equivalencia de mujer.

Opciones disponibles: 100ml
Indícanos la opción que quieres al hacer el pedido.","in stock","new","14.95 EUR","","https://aura-prestige.sumupstore.com/product/perfume-mujer-105","https://cdn.shopify.com/s/files/1/0958/5970/4190/files/perfume-mujer-24_062c58de-f770-4478-ba60-b027f6336d16.jpg","Laboncler","Perfumes · Mujer"
"conjunto-de-accesorios-para-roll-master-8-recambios","CONJUNTO DE ACCESORIOS PARA ROLL MASTER (8 Recambios)","Paquete compuesto por 8 Recambios de los cabezales de nuestro Cepillo Eléctrico ROLL MASTER 8 PLUS","in stock","new","11.00 EUR","","https://aura-prestige.sumupstore.com/product/conjunto-de-accesorios-para-roll-master-8-recambios","https://cdn.shopify.com/s/files/1/0958/5970/4190/files/RECAMBIOS-DEL-CEPILLO-ELECTRICO.jpg","Laboncler","Hogar"
"scrub-pet","SCRUB PET","SCRUB PET 
 (Pack 2 unidades) 
 Nuevos estropajos Bi Cara de Laboncler
 TUS BAÑOS, TU COCINA Y TUS PLATOS TE LA ESTAN PIDIENDO A GRITOS ‼‼ 
 Una cara con fibra termoreguladora, cuanto más caliente está el agua más blanda se volverá la fibra...
 Una maravilla ‼‼
 La otra cara es de esponja natural 😍
 Esta fibra no raya y apta para todas las superficies.
Sin excepción ‼‼","in stock","new","4.40 EUR","","https://aura-prestige.sumupstore.com/product/scrub-pet","https://cdn.shopify.com/s/files/1/0958/5970/4190/files/scrub-pet.jpg","Laboncler","Hogar"
"pack-completo-atencion-solar-crema-corporal-50-spfafter-suncrema-facial-50-spf","PACK COMPLETO ATENCIÓN SOLAR (Crema corporal 50 SPF+After sun+Crema facial 50 SPF)","PACK COMPLETO ATENCIÓN SOLAR A UN PRECIO VERANIEGO !!!! 
 Incluye:
 Crema Facial Solar SPF 50 de 100ml Laboncler
 After Sun de 300ml Laboncler
 Crema Corporal Solar SPF 550 de 300ml Laboncler.","in stock","new","39.95 EUR","","https://aura-prestige.sumupstore.com/product/pack-completo-atencion-solar-crema-corporal-50-spf-after-sun-crema-facial-50-spf","https://cdn.shopify.com/s/files/1/0958/5970/4190/files/pack-cuidado-solar.jpg","Laboncler","Packs"
"protector-solar-corporal-laboncler-spf-50-300ml","PROTECTOR SOLAR  CORPORAL LABONCLER SPF 50 300ml","CREMA CORPORAL FOTOPROTECTORA 
 El Protector Solar Corporal SPF 50 de LABONCLER es la elección ideal para proteger tu piel de la exposición solar.
Esta loción en Spray, con una fórmula delicada y agradable, brinda una fotoprotección muy alta frente a la radiación UVA y UVB,
y contra la acción de radicales libres.
 Características Clave:
 • Fácil Aplicación: El formato pulverizador facilita la aplicación uniforme del producto, asegurando una cobertura completa, homogénea y sin residuos blancos.
 • Hidratante: Su fórmula rica en aceites esenciales con HELIANTHUS ANNUUS y dióxido de titanio hidrata la piel, y ofrece un poder antiedad exclusivo,
   un cuidado completo mientras la protege de los daños solares.
 • Agradable Sensación: Se extiende fácilmente, dejando en la piel un aroma refrescante y relajante a Flor de Tiaré y coco.
 • Resistente al Agua: Ideal para actividades al aire libre, su resistencia al agua garantiza una fotoprotección continua incluso durante actividades acuáticas.
 JAMÁS UN PROTECTOR SOLAR HIZO TANTAS MARAVILLAS EN TU PIEL
 Por que si es bueno...es de LaBonCler. ♥ 
 Contenido: 300ml","in stock","new","19.95 EUR","","https://aura-prestige.sumupstore.com/product/protector-solar-corporal-laboncler-spf-50-300ml","https://cdn.shopify.com/s/files/1/0958/5970/4190/files/crema-solar-corporal.jpg","Laboncler","Cuidado Personal · Corporal"
"pack-chao-olor","PACK CHAO OLOR (FREGASUELOS A ELEGIR+OXIDANTE+ESENCIA MENTA+DIFUSOR VACIO+CEPILLO TEXTIL ROSA)","Pack ¡¡ chao olor !! 
 Especial pipi de mascotas 
 1 Fregasuelos Elixir Laboncler (a elegir)
 1 Crema oxidante
 1 Esencia de Eucalipto
 1 Vaporizador vacío de eco jin
 1 Regalo cepillo textil silicona 
    (Especial pelos y pelusas)

Opciones disponibles: Blue Rouse · Fresh Atlantis · Golden Pearls
Indícanos la opción que quieres al hacer el pedido.","in stock","new","36.30 EUR","","https://aura-prestige.sumupstore.com/product/pack-chao-olor-fregasuelos-a-elegir-oxidante-esencia-menta-difusor-vacio-cepillo-textil-rosa","https://cdn.shopify.com/s/files/1/0958/5970/4190/files/PACK-CHAO-OLOR.jpg","Laboncler","Packs"
"pack-cuidado-solar-lujocrema-solar-spf50after-sun-laboncler","PACK CUIDADO SOLAR LUJO**CREMA FACIAL SOLAR SPF50+AFTER SUN LABONCLER**","PACK CUIDADO SOLAR DE LUJO A UN PRECIO VERANIEGO !!!! 
 Incluye:
 Crema Facial Solar SPF 50 de 100ml Laboncler
 After Sun de 300ml Laboncler","in stock","new","21.95 EUR","","https://aura-prestige.sumupstore.com/product/pack-cuidado-solar-lujo-crema-facial-solar-spf50-after-sun-laboncler","https://cdn.shopify.com/s/files/1/0958/5970/4190/files/CUIDADO-SOLAR-DE-LUJO.jpg","Laboncler","Packs"
"after-sun-laboncler-300ml","AFTER SUN LABONCLER 300ml","Aftersun corporal Energí sun de Laboncler con Barbadensis Miller. 
 Efecto hidratación inmediata, refrescante, regenerador y calmante
 Con textura de emulsión fluida en formato spray.
 Aroma fresco ‼‼‼
 Está formulado con un alto contenido en Aloe Vera ecológico, que aporta sus propiedades calmantes, emolientes e hidratantes. 
 APTO PARA TODA LA FAMILIA DESDE LOS O A LOS 99 AÑOS (O MÁS).
 ""CUIDADO DE LUJO""
 Por eso resulta ideal para después de la exposición al sol.
 • Su principal componente, el Aloe Vera, es muy utilizado en las lesiones de la piel fundamentalmente por el poder calmante y desinflamante que posee.
 Esta acción se debe principalmente a su contenido en mucílagos, que absorben y retienen agua bajo ciertas condiciones,
• lo cual los convierte en agentes humectantes.
• A su vez, contiene vitamina E: la vitamina protectora por excelencia y cuya función biológica es la de un antioxidante.
Además de ser vegano, proporciona una agradable sensación de frescor y alivio a la piel, evitando la descamación prematura.
 Por que si es bueno...es de LaBonCler. ♥","in stock","new","9.95 EUR","","https://aura-prestige.sumupstore.com/product/after-sun-laboncler-300ml","https://cdn.shopify.com/s/files/1/0958/5970/4190/files/AFTER-SUN-LABONCLER-300ML.jpg","Laboncler","Cuidado Personal · Corporal"
"crema-facial-laboncler-spf-50-100ml","CREMA FACIAL LABONCLER SPF 50 100ml","CREMA FACIAL FOTOPROTECTORA 
 Incorpora "" Hydra Energi sun "" De Laboncler en tu rutina diaria y disfruta de una fotoprotección integral 360º
con esta crema facial diseñada para ser ultra ligera y no grasa.
 Perfecta para todo tipo de piel incluidas las más sensibles, las más problemáticas, Niños también ).
 Ofrece fotoprotección SPF 50+ contra rayos UVA, UVB, y luz azul HEV, asegurando que tu piel permanezca protegida y en óptimas condiciones a lo largo del día.
 Beneficios: 
Fotoprotección completa 360º SPF 50+: Ofrece una barrera sólida contra una amplia gama de rayos dañinos, incluyendo UVA, UVB, IR y luz azul HEV, ayudando a prevenir el envejecimiento causado por el sol y las pantallas eléctricas.
 Hidratación profunda: 
Formulada con ácido hialurónico de alto peso molecular, la crema solar Facial de Laboncler proporciona una hidratación intensa que mejora notablemente la textura y suavidad
de la piel.
 Efecto Antiedad indiscutible: 
Contiene Carnosine y antioxidantes vitales como las vitaminas C y E, que trabajan conjuntamente para reducir los signos de envejecimiento y estimular la producción de colágeno, mejorando la firmeza y el brillo natural de la piel.
 Sin residuos blancos: 
Su textura ligera se absorbe rápidamente sin dejar rastro, proporcionando un acabado limpio y transparente.
 Ingredientes destacados:
 Vitaminas C y E 
Estos potentes antioxidantes protegen contra el daño ambiental y fomentan una piel más saludable y rejuvenecida.
 Ácido Hialurónico de Alto Peso Molecular: Ofrece una hidratación profunda y duradera, aumentando la elasticidad de la piel.
 Carnosine: 
Este péptido biomimético lucha contra las líneas finas y la pérdida de firmeza y estimula la síntesis de colágeno para una piel más luminosa y tersa.
 Hydra Energi sun es más que una fotoprotección; es una mejora diaria para tu piel, ofreciendo un cuidado integral que deja la piel radiante y lista para enfrentar el día.
 Utilízala cada mañana independientemente de la estación del año para asegurar una protección eficaz y un aspecto vibrante...
 Por que si es bueno...es de LaBonCler. ♥ 
 Contenido: 100ml","in stock","new","14.96 EUR","","https://aura-prestige.sumupstore.com/product/crema-facial-laboncler-spf-50-100ml","https://cdn.shopify.com/s/files/1/0958/5970/4190/files/CREMA-FACIAL-FPS-50-100ML.jpg","Laboncler","Cuidado Personal · Facial"
"planificador-imantado-para-frigo-laboncler-eco-jin","PLANIFICADOR PIZARRA IMANTADA PARA FRIGO LABONCLER-ECO-JIN","Planificador super imantado para el frigorifico, con rotulador magnético y borrador incluido.
 Borra fácil.
 Fácil de limpiar.
 Antibacterias.
 Pizarra eterna de 30x42 cm
 Para que no se te olvide nada y puedas apuntar tu próximo pedido Laboncler","in stock","new","10.45 EUR","","https://aura-prestige.sumupstore.com/productos","https://cdn.shopify.com/s/files/1/0958/5970/4190/files/Planificador-solo.jpg","Laboncler","ECO-JIN Multiusos"
"starter-kit-premium-laboncler","STARTER KIT ***PREMIUM*** LABONCLER","Set Premium de los pincipales artículos de Laboncler.
 1 Detergente +1 Suavizante
1 Crema oxidante
1 Eco-Jin Oleo Oscuro
1 Eco-Jin Oleo Claro
1 Lavavajillas mano Chronos Ártico
1 Lavavajillas mano Chronos Canela
1 Dispensador de jabón
1 Escoba de Interiores
1 Rasqueta
1 Plumero Palmera
1 Cepillo textil
1 Cepillo juntas
1 Cepillo rincones
1 Lavavajillas Máquina Perséo 7 en 1
1 Pack doble fregonas (Optimus y Trapeadora)
1 Pentalogia Eco-Jin (Incluye los 5 Eco-Jin con 5 Difusores)
1 Ambientador Excellent Golden
1 Estropajo big inox 2
3 Estropajos esponja
3 Estropajos jabonosos
1 Pack de 2  Estropajos cobre
2 Estropajos de silicona
1 Bayeta doble cara
3 Bayetas Microfibra
4 Bayetas PVA Splass
1 Pack de 5 Vitro Twist
1 Pack de 2 Esponjas Antirrayaduras
2 Estropajos vegetales
1 Plumero fluffy duster
 1 Jabon natural de Rosa Mosqueta y Aloe Vera.
1 Crema corporal y de manos pantenol
1 Manteca corporal oils
1 Gel de ducha de clementina
1 Champú micelar
1 Set de Argán antiedad completo: Crema de día, noche, serum, tónico, leche y espuma facial.","in stock","new","385.00 EUR","","https://aura-prestige.sumupstore.com/productos","https://cdn.shopify.com/s/files/1/0958/5970/4190/files/STARTER-KIT-INICIACION-PREMIUM-LABONCLER.jpg","Laboncler","Packs"
"starter-kit-iniciacion-laboncler","STARTER KIT INICIACION LABONCLER","Set de Iniciación en los artículos más esenciales de Laboncler.
 1 Detergente +1 Suavizante
1 Crema oxidante
1 Eco-Jin Oleo Oscuro
1 Eco-Jin Oleo Claro
1 Lavavajillas mano Chronos Ártico
1 Lavavajillas mano Chronos Canela
1 Dispensador de jabón
1 Escoba de Interiores
1 Rasqueta
1 Plumero Palmera
1 Cepillo textil
1 Cepillo juntas
1 Cepillo rincones
1 Lavavajillas Máquina Perséo 7 en 1
1 Pack doble fregonas (Optimus y Trapeadora)
1 Pentalogia Eco-Jin (Incluye los 5 Eco-Jin con 5 Difusores)
1 Ambientador Excellent Golden
1 Estropajo big inox 2
3 Estropajos esponja
3 Estropajos jabonosos
1 Pack de 2  Estropajos cobre
2 Estropajos de silicona
1 Bayeta doble cara
3 Bayetas Microfibra
4 Bayetas PVA Splass
1 Pack de 5 Vitro Twist
1 Pack de 2 Esponjas Antirrayaduras
2 Estropajos vegetales
1 Plumero fluffy duster","in stock","new","297.00 EUR","","https://aura-prestige.sumupstore.com/productos","https://cdn.shopify.com/s/files/1/0958/5970/4190/files/STARTER-KIT-INICIACION-LABONCLER.jpg","Laboncler","Packs"
"insecticida-nu-b-750ml","INSECTICIDA NU-B 750ml","EL PRIMER INSECTICIDA ACARICIDA DOBLE ACCIÓN DE EFECTO INMEDIATO 
 QUE MATA INSECTOS VOLADORES Y RASTREROS 
 CREANDO A SU VEZ UNA BARRERA INFRANQUEABLE Y DE LARGA DURACIÓN 
‼‼ Hasta 5 semanas de protección invisible ‼‼
⚠⚠⚠⚠⚠⚠⚠⚠⚠⚠⚠
Especial cucarachas , moscas, chinches y mosquito tigre.
⚠⚠⚠⚠⚠⚠⚠⚠⚠⚠⚠
Idóneo para acabar con avispas, arañas y hormigas.
⚠⚠⚠⚠⚠⚠⚠⚠⚠⚠⚠
100% efectivo contra ácaro rojo, pulgas y garrapatas.
 Con Permetrina y Tetrametrina de alta concentración, 
Afecta directamente al sistema nervioso del insecto dejándolo inerte al instante.
Nunca usar en presencia de humanos y mascotas‼‼‼
Pulverizar, dejar actuar 1 hora, ventilar y ya podemos volver a la zona.
Contenido: 750ml","in stock","new","10.00 EUR","","https://aura-prestige.sumupstore.com/product/insecticida-nu-b-750ml","https://cdn.shopify.com/s/files/1/0958/5970/4190/files/NUB.jpg","Laboncler","Hogar"
"cepillo-electricolavavajillas-chronos-a-elegir","CEPILLO ELÉCTRICO+LAVAVAJILLAS CHRONOS 750ml (A ELEGIR)","Chronos 750ml (Aroma a elegir)
Y por supuesto nuestro Cepillo ""ROLL - MASTER 8 PLUS"" DE LABONCLER

Opciones disponibles: Artico-Limpio · Canela-Naranja · Chronos Black
Indícanos la opción que quieres al hacer el pedido.","in stock","new","37.95 EUR","","https://aura-prestige.sumupstore.com/product/cepillo-electrico-lavavajillas-chronos-750ml-a-elegir","https://cdn.shopify.com/s/files/1/0958/5970/4190/files/roll_master_chronos.jpg","Laboncler","Hogar"
"cepillo-electrico-fregasuelos-a-elegir","CEPILLO ELÉCTRICO+ FREGASUELOS (A ELEGIR)","Fregasuelos Elixir (Aroma a elegir)
Y por supuesto nuestro Cepillo ""ROLL - MASTER 8 PLUS"" DE LABONCLER

Opciones disponibles: Blue Rouse · Fresh Atlantis · Golden Pearls
Indícanos la opción que quieres al hacer el pedido.","in stock","new","53.35 EUR","","https://aura-prestige.sumupstore.com/product/cepillo-electrico-fregasuelos-a-elegir","https://cdn.shopify.com/s/files/1/0958/5970/4190/files/roll_master_elixir.jpg","Laboncler","Hogar"
"set-cepillo-electricoeco-jin-con-difusor-a-elegirlavavajillas-chronos-a-elegircrema-oxidante","SET CEPILLO ELÉCTRICO+ECO-JIN CON DIFUSOR (A ELEGIR)+LAVAVAJILLAS CHRONOS (A ELEGIR)+CREMA OXIDANTE","Eco jin (Aroma a elegir) Con su vaporizador incluido.
Nuestra crema oxidante Blanqueante
Un chronos ( Aroma a elegir)
Y por supuesto nuestro Cepillo ""ROLL - MASTER 8 PLUS"" DE LABONCLER

Opciones disponibles: GLOW / Artico-Limpio · GLOW / Canela-Naranja · GLOW / Chronos Black · HOME / Artico-Limpio · HOME / Canela-Naranja · HOME / Chronos Black · INTENSE / Artico-Limpio · INTENSE / Canela-Naranja · INTENSE / Chronos Black · NEUTRO / Artico-Limpio · NEUTRO / Canela-Naranja · NEUTRO / Chronos Black · SPA / Artico-Limpio · SPA / Canela-Naranja · SPA / Chronos Black · ICE-MINT / Artico-Limpio · ICE-MINT / Canela-Naranja · ICE-MINT / Chronos Black
Indícanos la opción que quieres al hacer el pedido.","in stock","new","57.75 EUR","","https://aura-prestige.sumupstore.com/product/set-cepillo-electrico-eco-jin-con-difusor-a-elegir-lavavajillas-chronos-a-elegir-crema-oxidante","https://cdn.shopify.com/s/files/1/0958/5970/4190/files/roll_master_pack.jpg","Laboncler","Packs"
"cepillo-electrico-roll-master-8-pluseco-jin-a-elegir-con-difusor","CEPILLO ELÉCTRICO ROLL MASTER 8 PLUS+ECO-JIN A ELEGIR CON DIFUSOR","PACK OFERTA: 
 CEPILLO ELÉCTRICO ROLL MASTER 8 PLUS 
 ECO-JIN A ELEGIR CON DIFUSOR

Opciones disponibles: GLOW · HOME · INTENSE · NEUTRO · SPA · ICE-MINT
Indícanos la opción que quieres al hacer el pedido.","in stock","new","46.75 EUR","","https://aura-prestige.sumupstore.com/product/cepillo-electrico-roll-master-8-plus-eco-jin-a-elegir-con-difusor","https://cdn.shopify.com/s/files/1/0958/5970/4190/files/roll_master_ecojin.jpg","Laboncler","Hogar"
"cepillo-electrico-roll-master-8-plus","CEPILLO ELÉCTRICO ROLL MASTER 8 PLUS DE LABONCLER","CEPILLO ELÉCTRICO DE LIMPIEZA ROLL MASTER 8 PLUS DE LABONCLER 
2 velocidades ajustables (420//360 RPM)
‼CON EL MOTOR MÁS RÁPIDO Y FUERTE DEL MERCADO ‼
Mango ergonómico, extensible y desmontable de 135 cm.
8 cabezales reemplazables, resistentes al agua IPX4
‼RESISTENTE A QUÍMICOS AGRESIVOS ‼
Puerto de carga tipo C, hasta 110-140 minutos de tiempo de trabajo.
Dile adiós a la limpieza tradicional y disfruta de la comodidad, de la ciencia y la tecnología.
Unidas en esta maravillosa y nueva herramienta de Laboncler.
Nuestro cepillo giratorio eléctrico
está equipado con una batería de litio avanzada con una capacidad de 2500 mAh, que puede funcionar hasta 110-140 minutos
Una vez cargado.
 NO LO USES MIENTRAS SE CARGA! 
• Mango de extensión
• desmontable y ajustable
• Ya sea una bañera, un suelo o un techo, puedes limpiarlo fácilmente sin tener que agacharte o subirte a una escalera.
‼ QUE COMODIDAD Y NO PESA NADA ‼
• Nuestro cepillo de limpieza inalámbrico ofrece 8 cabezales reemplazables con funciones diferentes que se adaptan al tipo de superficie y suciedad.
Es Perfecto para limpiar áreas cóncavas como bañeras y lavabos, áreas estrechas y de difícil acceso como esquinas y huecos,
pisos, vidrios, cristales, azulejos, automóviles, ruedas, Aseos, cocinas, pisos, llantas, muebles, vitrocerámicas, textiles, campanas etc...
‼PARA ABSOLUTAMENTE TODO ‼
El complemento perfecto y más versátil para tu ECO-JIN","in stock","new","33.00 EUR","","https://aura-prestige.sumupstore.com/product/cepillo-electrico-roll-master-8-plus-de-laboncler","https://cdn.shopify.com/s/files/1/0958/5970/4190/files/roll_master_laboncler.jpg","Laboncler","Hogar"
"bata-casaca-laboncler","BATA CASACA LABONCLER","Camiseta/ casaca
De licra y algodón puro ECO JIN by LaBonCler
Súper fresquita, cómoda y de una calidad increíble.
Tallas disponibles:
S, M, L, XL, XXL, XXXL

Opciones disponibles: 2XL · 3XL · L · M · S · XL
Indícanos la opción que quieres al hacer el pedido.","in stock","new","21.95 EUR","","https://aura-prestige.sumupstore.com/productos","https://cdn.shopify.com/s/files/1/0958/5970/4190/files/casaca.jpg","Laboncler","Otros"
"fregasuelos-fresh-atlantis","FREGASUELOS FRESH ATLANTIS","YA ESTÁ AQUI LA REVOLUCIONARIA FORMULA DE LIMPIEZA JAMÁS VISTA DE LABONCLER 
Los Fregasuelos más polivalentes, versátiles y perfumados, Súper perfumados, extra perfumados , mega perfumados del mercado ‼‼‼
 ""Fresh Atlantis"" 
Las pócimas multifuncionales con PH NEUTRO de Laboncler.
Elixires súper Hiper mega concentrados efecto Fregasuelos ultra-Perfumados
Impactan como un potente ambientador.
Repelentes de insectos.
Limpieza sin huellas.
Abrillantado extra.
Apto para todo tipo de suelos y superficies.
Proporcionan una limpieza en tus pavimentos Inigualable, dejando un aroma único, fresco, envolvente y muy muy duradero.
Son las Pociones/ Fregasuelos más concentradas hasta la fecha puestas en el mercado.
💎 De Secado rápido.
💎 Sin huellas
💎 Sin marcas.
💎 Repelen el polvo
💎 Y cuida el material
💎 Aportando un brillo excepcional
💎 Apto para todo tipo de materia.
Ofrecen un efecto perfumador excelente
Y crea una barrera protectora contra molestos insectos.
 ""Fresh Atlantis"" 
Huele a océano, a limpieza y pulcritud.
!! A LA ROPA LIMPIA DE ANTES ¡¡
¡¡ Todos contienen Tensioactivos por más del 5% con un poder de arrastre ante la suciedad brutal !!
 Modo de uso: 
Como Fregasuelos: Añadir al cubo de la fregona entre 10 - 15 ml. (aprox.) de Elixir y a fregar.
(15 ml. es más que suficiente créeme)
Verás que perfume y que brillo‼‼
Cada Frasco/Elixir Fregasuelos da para fregar hasta 50 veces tu hogar ‼‼‼
Contenido: 500 ml","in stock","new","19.99 EUR","","https://aura-prestige.sumupstore.com/product/fregasuelos-fresh-atlantis","https://cdn.shopify.com/s/files/1/0958/5970/4190/files/FREGASUELOS-FRESH-ATLANTIS.jpg","Laboncler","Hogar"
"fregasuelos-golden-pearls","FREGASUELOS GOLDEN PEARLS","YA ESTÁ AQUI LA REVOLUCIONARIA FORMULA DE LIMPIEZA JAMÁS VISTA DE LABONCLER 
Los Fregasuelos más polivalentes, versátiles y perfumados, Súper perfumados, extra perfumados , mega perfumados del mercado ‼‼‼
 ""Golden Pearls"" 
Las pócimas multifuncionales con PH NEUTRO de Laboncler.
Elixires súper Hiper mega concentrados efecto Fregasuelos ultra-Perfumados
Impactan como un potente ambientador.
Repelentes de insectos.
Limpieza sin huellas.
Abrillantado extra.
Apto para todo tipo de suelos y superficies.
Proporcionan una limpieza en tus pavimentos Inigualable, dejando un aroma único, fresco, envolvente y muy muy duradero.
Son las Pociones/ Fregasuelos más concentradas hasta la fecha puestas en el mercado.
💎 De Secado rápido.
💎 Sin huellas
💎 Sin marcas.
💎 Repelen el polvo
💎 Y cuida el material
💎 Aportando un brillo excepcional
💎 Apto para todo tipo de materia.
Ofrecen un efecto perfumador excelente
Y crea una barrera protectora contra molestos insectos.
 ""Golden Pearls"" 
Que está inspirado en la dulce canela, la rosa y el cuero especiado.
(Es La equivalencia a Excellent Golden)
¡¡ EL LUJO MAS SELECTO !!
¡¡ Todos contienen Tensioactivos por más del 5% con un poder de arrastre ante la suciedad brutal !!
 Modo de uso: 
Como Fregasuelos: Añadir al cubo de la fregona entre 10 - 15 ml. (aprox.) de Elixir y a fregar.
(15 ml. es más que suficiente créeme)
Verás que perfume y que brillo‼‼
Cada Frasco/Elixir Fregasuelos da para fregar hasta 50 veces tu hogar ‼‼‼
Contenido: 500 ml","in stock","new","19.99 EUR","","https://aura-prestige.sumupstore.com/product/fregasuelos-golden-pearls","https://cdn.shopify.com/s/files/1/0958/5970/4190/files/FREGASUELOS-GOLDEN-PEARLS.jpg","Laboncler","Hogar"
"fregasuelos-blue-rouse","FREGASUELOS BLUE ROUSE","YA ESTÁ AQUI LA REVOLUCIONARIA FORMULA DE LIMPIEZA JAMÁS VISTA DE LABONCLER 
Los Fregasuelos más polivalentes, versátiles y perfumados, Súper perfumados, extra perfumados , mega perfumados del mercado ‼‼‼
 ""Blue Rouse"" 
Las pócimas multifuncionales con PH NEUTRO de Laboncler.
Elixires súper Hiper mega concentrados efecto Fregasuelos ultra-Perfumados
Impactan como un potente ambientador.
Repelentes de insectos.
Limpieza sin huellas.
Abrillantado extra.
Apto para todo tipo de suelos y superficies.
Proporcionan una limpieza en tus pavimentos Inigualable, dejando un aroma único, fresco, envolvente y muy muy duradero.
Son las Pociones/ Fregasuelos más concentradas hasta la fecha puestas en el mercado.
💎 De Secado rápido.
💎 Sin huellas
💎 Sin marcas.
💎 Repelen el polvo
💎 Y cuida el material
💎 Aportando un brillo excepcional
💎 Apto para todo tipo de materia.
Ofrecen un efecto perfumador excelente
Y crea una barrera protectora contra molestos insectos.
 ""Blue Rouse"" 
Es un bouquet Floral.
Con gardenia y nardos recién cortados, entre otras flores Aromáticas.
¡ UNA EXPLOSIÓN PRIMAVERAL !
¡¡ Todos contienen Tensioactivos por más del 5% con un poder de arrastre ante la suciedad brutal !!
 Modo de uso: 
Como Fregasuelos: Añadir al cubo de la fregona entre 10 - 15 ml. (aprox.) de Elixir y a fregar.
(15 ml. es más que suficiente créeme)
Verás que perfume y que brillo‼‼
Cada Frasco/Elixir Fregasuelos da para fregar hasta 50 veces tu hogar ‼‼‼
Contenido: 500 ml","in stock","new","19.99 EUR","","https://aura-prestige.sumupstore.com/product/fregasuelos-blue-rouse","https://cdn.shopify.com/s/files/1/0958/5970/4190/files/FREGASUELOS-BLUE-ROUSE.jpg","Laboncler","Hogar"
"pack-fragancias-ej-neutro-1l2-difusores2-esencias-aromaticas-a-elegir","PACK FRAGANCIAS (EJ NEUTRO 1L+2 DIFUSORES+2 ESENCIAS AROMATICAS A ELEGIR)","Pack Compuesto de:
1 Eco-Jin Neutro de 1L
2 Disfusor espumante.
2 Esencias Aromáticas 50ml a elegir.
Para que tu Eco-Jin Neutro huela como tu quieras.
 Recuerda que estas fragancias están diseñadas exclusivamente con ese fin, EL DE CAMBIAR EL AROMA 
 DE ECO JIN NEUTRO ya que :
ES UN PRODUCTO PARA DETERGENCIA JABONES Y LOCIONES.
NO AFECTAN AL PRODUCTO ORIGINAL.
NO ALTERAN SU PODER LIMPIADOR.
NO AFECTA A LA PIEL.
SU BASE ES NEUTRA.
ES APTA PARA SUPERFICIES DE USO
ALIMENTARIO, COCINAS, ÚTILES CULINARIOS, PLATOS, VASOS ETC...
NO ESTÁ TESTADA EN ÁNIMALES.
Y APORTA UN AROMA EXTRA DURADERO Y DE LOCOS ‼‼‼
 Dosificación recomendada: Añadir 10ml de Esencia a la mezcla ya hecha de Eco-Jin con agua.

Opciones disponibles: Cereza / Cereza · Cereza / Coco · Cereza / Frutos Rojos · Cereza / Lavanda · Cereza / Mango · Coco / Cereza · Coco / Coco · Coco / Frutos Rojos · Coco / Lavanda · Coco / Mango · Frutos Rojos / Cereza · Frutos Rojos / Coco · Frutos Rojos / Frutos Rojos · Frutos Rojos / Lavanda · Frutos Rojos / Mango · Lavanda / Cereza · Lavanda / Coco · Lavanda / Frutos Rojos · Lavanda / Lavanda · Lavanda / Mango · Mango / Cereza · Mango / Coco · Mango / Frutos Rojos · Mango / Lavanda · Mango / Mango
Indícanos la opción que quieres al hacer el pedido.","in stock","new","26.95 EUR","","https://aura-prestige.sumupstore.com/product/pack-fragancias-ej-neutro-1l-2-difusores-2-esencias-aromaticas-a-elegir","https://cdn.shopify.com/s/files/1/0958/5970/4190/files/PACK-FRAGANCIAS.jpg","Laboncler","Packs"
"pack-aroma-ej-neutrodifusoresencia-aromatica-a-elegir","PACK AROMA (EJ NEUTRO 1L+DIFUSOR+ESENCIA AROMATICA A ELEGIR)","Pack Compuesto de:
1 Eco-Jin Neutro de 1L
1 Disfusor espumante.
1 Esencia Aromática 50ml a elegir.
Para que tu Eco-Jin Neutro huela como tu quieras.
 Recuerda que estas fragancias están diseñadas exclusivamente con ese fin, EL DE CAMBIAR EL AROMA 
 DE ECO JIN NEUTRO ya que :
ES UN PRODUCTO PARA DETERGENCIA JABONES Y LOCIONES.
NO AFECTAN AL PRODUCTO ORIGINAL.
NO ALTERAN SU PODER LIMPIADOR.
NO AFECTA A LA PIEL.
SU BASE ES NEUTRA.
ES APTA PARA SUPERFICIES DE USO
ALIMENTARIO, COCINAS, ÚTILES CULINARIOS, PLATOS, VASOS ETC...
NO ESTÁ TESTADA EN ÁNIMALES.
Y APORTA UN AROMA EXTRA DURADERO Y DE LOCOS ‼‼‼
 Dosificación recomendada: Añadir 10ml de Esencia a la mezcla ya hecha de Eco-Jin con agua.

Opciones disponibles: Cereza · Coco · Frutos Rojos · Lavanda · Mango
Indícanos la opción que quieres al hacer el pedido.","in stock","new","20.35 EUR","","https://aura-prestige.sumupstore.com/product/pack-aroma-ej-neutro-1l-difusor-esencia-aromatica-a-elegir","https://cdn.shopify.com/s/files/1/0958/5970/4190/files/PACK-AROMA.jpg","Laboncler","Packs"
"esencia-aromatica-mango","ESENCIA AROMATICA MANGO","ESENCIA AROMÁTICA DE MANGO PARA CAMBIAR DE AROMA EXCLUSIVAMENTE A ECO-JIN NEUTRO 
 Recuerda que estas fragancias están diseñadas exclusivamente con ese fin, EL DE CAMBIAR EL AROMA 
 DE ECO JIN NEUTRO ya que :
ES UN PRODUCTO PARA DETERGENCIA JABONES Y LOCIONES.
NO AFECTAN AL PRODUCTO ORIGINAL.
NO ALTERAN SU PODER LIMPIADOR.
NO AFECTA A LA PIEL.
SU BASE ES NEUTRA.
ES APTA PARA SUPERFICIES DE USO
ALIMENTARIO, COCINAS, ÚTILES CULINARIOS, PLATOS, VASOS ETC...
NO ESTÁ TESTADA EN ÁNIMALES.
Y APORTA UN AROMA EXTRA DURADERO Y DE LOCOS ‼‼‼
 Dosificación recomendada: Añadir 10ml de Esencia a la mezcla ya hecha de Eco-Jin con agua 
 Uso externo. No ingerir. Evitar el contacto con los ojos. 
Contenido: 50ml","in stock","new","7.25 EUR","","https://aura-prestige.sumupstore.com/product/esencia-aromatica-mango","https://cdn.shopify.com/s/files/1/0958/5970/4190/files/ESENCIA-AROMATICA-MANGO.jpg","Laboncler","Jabones Naturales"
"esencia-aromatica-lavanda","ESENCIA AROMATICA LAVANDA","ESENCIA AROMÁTICA DE LAVANDA PARA CAMBIAR DE AROMA EXCLUSIVAMENTE A ECO-JIN NEUTRO 
 Recuerda que estas fragancias están diseñadas exclusivamente con ese fin, EL DE CAMBIAR EL AROMA 
 DE ECO JIN NEUTRO ya que :
ES UN PRODUCTO PARA DETERGENCIA JABONES Y LOCIONES.
NO AFECTAN AL PRODUCTO ORIGINAL.
NO ALTERAN SU PODER LIMPIADOR.
NO AFECTA A LA PIEL.
SU BASE ES NEUTRA.
ES APTA PARA SUPERFICIES DE USO
ALIMENTARIO, COCINAS, ÚTILES CULINARIOS, PLATOS, VASOS ETC...
NO ESTÁ TESTADA EN ÁNIMALES.
Y APORTA UN AROMA EXTRA DURADERO Y DE LOCOS ‼‼‼
 Dosificación recomendada: Añadir 10ml de Esencia a la mezcla ya hecha de Eco-Jin con agua 
 Uso externo. No ingerir. Evitar el contacto con los ojos. 
Contenido: 50ml","in stock","new","7.25 EUR","","https://aura-prestige.sumupstore.com/product/esencia-aromatica-lavanda","https://cdn.shopify.com/s/files/1/0958/5970/4190/files/ESENCIA-AROMATICA-LAVANDA.jpg","Laboncler","Jabones Naturales"
"esencia-aromatica-frutos-rojos","ESENCIA AROMATICA FRUTOS ROJOS","ESENCIA AROMÁTICA DE FRUTOS ROJOS PARA CAMBIAR DE AROMA EXCLUSIVAMENTE A ECO-JIN NEUTRO 
 Uso externo. No ingerir. Evitar el contacto con los ojos. 
 Recuerda que estas fragancias están diseñadas exclusivamente con ese fin, EL DE CAMBIAR EL AROMA 
 DE ECO JIN NEUTRO ya que :
ES UN PRODUCTO PARA DETERGENCIA JABONES Y LOCIONES.
NO AFECTAN AL PRODUCTO ORIGINAL.
NO ALTERAN SU PODER LIMPIADOR.
NO AFECTA A LA PIEL.
SU BASE ES NEUTRA.
ES APTA PARA SUPERFICIES DE USO
ALIMENTARIO, COCINAS, ÚTILES CULINARIOS, PLATOS, VASOS ETC...
NO ESTÁ TESTADA EN ÁNIMALES.
Y APORTA UN AROMA EXTRA DURADERO Y DE LOCOS ‼‼‼
 Dosificación recomendada: Añadir 10ml de Esencia a la mezcla ya hecha de Eco-Jin con agua 
Contenido: 50ml","in stock","new","7.25 EUR","","https://aura-prestige.sumupstore.com/product/esencia-aromatica-frutos-rojos","https://cdn.shopify.com/s/files/1/0958/5970/4190/files/ESENCIA-AROMATICA-FRUTOS-ROJOS.jpg","Laboncler","Jabones Naturales"
"esencia-aromatica-coco","ESENCIA AROMATICA COCO","ESENCIA AROMÁTICA DE COCO PARA CAMBIAR DE AROMA EXCLUSIVAMENTE A ECO-JIN NEUTRO 
 Uso externo. No ingerir. Evitar el contacto con los ojos. 
 Recuerda que estas fragancias están diseñadas exclusivamente con ese fin, EL DE CAMBIAR EL AROMA 
 DE ECO JIN NEUTRO ya que :
ES UN PRODUCTO PARA DETERGENCIA JABONES Y LOCIONES.
NO AFECTAN AL PRODUCTO ORIGINAL.
NO ALTERAN SU PODER LIMPIADOR.
NO AFECTA A LA PIEL.
SU BASE ES NEUTRA.
ES APTA PARA SUPERFICIES DE USO
ALIMENTARIO, COCINAS, ÚTILES CULINARIOS, PLATOS, VASOS ETC...
NO ESTÁ TESTADA EN ÁNIMALES.
Y APORTA UN AROMA EXTRA DURADERO Y DE LOCOS ‼‼‼
 Dosificación recomendada: Añadir 10ml de Esencia a la mezcla ya hecha de Eco-Jin con agua 
Contenido: 50ml","in stock","new","7.25 EUR","","https://aura-prestige.sumupstore.com/product/esencia-aromatica-coco","https://cdn.shopify.com/s/files/1/0958/5970/4190/files/ESENCIA-AROMATICA-COCO.jpg","Laboncler","Jabones Naturales"
"esencia-aromatica-cereza","ESENCIA AROMATICA CEREZA","ESENCIA AROMÁTICA DE CEREZA PARA HACER JABÓN Y COSMÉTICA 
 Uso externo. No ingerir. Evitar el contacto con los ojos. 
 Recuerda que estas fragancias están diseñadas exclusivamente con ese fin, EL DE CAMBIAR EL AROMA 
 DE ECO JIN NEUTRO ya que :
ES UN PRODUCTO PARA DETERGENCIA JABONES Y LOCIONES.
NO AFECTAN AL PRODUCTO ORIGINAL.
NO ALTERAN SU PODER LIMPIADOR.
NO AFECTA A LA PIEL.
SU BASE ES NEUTRA.
ES APTA PARA SUPERFICIES DE USO
ALIMENTARIO, COCINAS, ÚTILES CULINARIOS, PLATOS, VASOS ETC...
NO ESTÁ TESTADA EN ÁNIMALES.
Y APORTA UN AROMA EXTRA DURADERO Y DE LOCOS ‼‼‼
 Dosificación recomendada: Añadir 10ml de Esencia a la mezcla ya hecha de Eco-Jin con agua 
Contenido: 50ml","in stock","new","7.25 EUR","","https://aura-prestige.sumupstore.com/product/esencia-aromatica-cereza","https://cdn.shopify.com/s/files/1/0958/5970/4190/files/ESENCIA-AROMATICA-CEREZA.jpg","Laboncler","Jabones Naturales"
"tarrina-exfoliante-vainilla","TARRINA EXFOLIANTE VAINILLA","Exfoliante Labial Vainilla
Renueva y suaviza, ayudando a regenerar la piel de los labios.
Contiene azúcar, manteca de Karité, manteca de mango, aceite de albaricoque y Vitamina E. 
 Envase Zero Waste de aluminio (100% reciclable, reutilizable, libre de plásticos).
 Fórmula vegana , sin ingredientes de origen animal.
Exfoliante labial que renueva y suaviza la piel, eliminando la primera capa de impureza y haciéndola más permeable para absorber los principios activos de los bálsamos labiales.
¡Combínalo con los bálsamos labiales para conseguir unos labios irresistibles!
 Producto con envase 100% reciclable. 
 Modo de uso: Aplicar suavemente sobre los labios, masajear y retirar.
Contenido: 10 gr.","in stock","new","4.51 EUR","","https://aura-prestige.sumupstore.com/product/tarrina-exfoliante-vainilla","https://cdn.shopify.com/s/files/1/0958/5970/4190/files/EXFOLIANTE-LABIAL-VAINILLA.jpg","Laboncler","Cuidado Personal · Facial"
"tarrina-exfoliante-manzana","TARRINA EXFOLIANTE MANZANA","Exfoliante Labial Manzana
Renueva y suaviza, ayudando a regenerar la piel de los labios.
Contiene azúcar, manteca de Karité, manteca de mango, aceite de jojoba y Vitamina E. 
 Envase Zero Waste de aluminio (100% reciclable, reutilizable, libre de plásticos).
 Fórmula vegana , sin ingredientes de origen animal.
Exfoliante labial que renueva y suaviza la piel, eliminando la primera capa de impureza y haciéndola más permeable para absorber los principios activos de los bálsamos labiales.
¡Combínalo con los bálsamos labiales Let's Go Skin para conseguir unos labios irresistibles!
 Producto con envase 100% reciclable. 
 Modo de uso: Aplicar suavemente sobre los labios, masajear y retirar.
Contenido: 10 gr.","in stock","new","4.51 EUR","","https://aura-prestige.sumupstore.com/product/tarrina-exfoliante-manzana","https://cdn.shopify.com/s/files/1/0958/5970/4190/files/EXFOLIANTE-LABIAL-MANZANA.jpg","Laboncler","Cuidado Personal · Facial"
"tarrina-exfoliante-frambuesa","TARRINA EXFOLIANTE FRAMBUESA","Exfoliante Labial Frambuesa
Renueva y suaviza, ayudando a regenerar la piel de los labios.
Contiene azúcar, manteca de Karité, manteca de mango, aceite de frambuesa y Vitamina E . 
 Envase Zero Waste de aluminio (100% reciclable, reutilizable, libre de plásticos).
 Fórmula vegana , sin ingredientes de origen animal.
Exfoliante labial que renueva y suaviza la piel, eliminando la primera capa de impureza y haciéndola más permeable para absorber los principios activos de los bálsamos labiales.
¡Combínalo con los bálsamos labiales Let's Go Skin para conseguir unos labios irresistibles!
 Producto con envase 100% reciclable. 
 Modo de uso: Aplicar suavemente sobre los labios, masajear y retirar.
Contenido: 10 gr.","in stock","new","4.51 EUR","","https://aura-prestige.sumupstore.com/product/tarrina-exfoliante-frambuesa","https://cdn.shopify.com/s/files/1/0958/5970/4190/files/EXFOLIANTE-LABIAL-FRAMBUESA.jpg","Laboncler","Cuidado Personal · Facial"
"tarrina-labial-manzana-copia","TARRINA LABIAL FRAMBUESA","Bálsamo Labial Frambuesa
Suaviza y nutre, protegiendo la piel de los labios.
Bálsamo labial que suaviza y nutre la piel, proporcionando una capa protectora en la superficie del labio para sellar la humedad y protegerlos de la exposición externa.
¡Combínalo con los exfoliantes labiales para conseguir unos labios irresistibles!
 Producto con envase 100% reciclable. 
Contiene cera de girasol, manteca de mango, manteca de karité, aceite de frambuesa, aceite de ricino y vitamina E. 
 Envase Zero Waste de aluminio (100% reciclable, reutilizable, libre de plásticos).
 Fórmula vegana , sin ingredientes de origen animal.
 Modo de uso: Aplicar suavemente sobre los labios y masajear.
Contenido: 10 gr.","in stock","new","4.51 EUR","","https://aura-prestige.sumupstore.com/product/tarrina-labial-frambuesa","https://cdn.shopify.com/s/files/1/0958/5970/4190/files/BALSAMO-LABIAL-FRAMBUESA.jpg","Laboncler","Cuidado Personal · Facial"
"tarrina-labial-manzana","TARRINA LABIAL MANZANA","Bálsamo Labial Manzana
Suaviza y nutre, protegiendo la piel de los labios.
Bálsamo labial que suaviza y nutre la piel, proporcionando una capa protectora en la superficie del labio para sellar la humedad y protegerlos de la exposición externa.
¡Combínalo con los exfoliantes labiales para conseguir unos labios irresistibles!
 Producto con envase 100% reciclable. 
Contiene cera de girasol, manteca de mango, manteca de karité, aceite de jojoba, aceite de ricino y vitamina E. 
 Envase Zero Waste de aluminio (100% reciclable, reutilizable, libre de plásticos).
 Fórmula vegana , sin ingredientes de origen animal.
 Modo de uso: Aplicar suavemente sobre los labios y masajear.
Contenido: 10 gr.","in stock","new","4.51 EUR","","https://aura-prestige.sumupstore.com/product/tarrina-labial-manzana","https://cdn.shopify.com/s/files/1/0958/5970/4190/files/BALSAMO-LABIAL-MANZANA.jpg","Laboncler","Cuidado Personal · Facial"
"tarrina-labial-vainilla","TARRINA LABIAL VAINILLA","Bálsamo Labial Vainilla
Suaviza y nutre, protegiendo la piel de los labios.
Bálsamo labial que suaviza y nutre la piel, proporcionando una capa protectora en la superficie del labio para sellar la humedad y protegerlos de la exposición externa.
¡Combínalo con los exfoliantes labiales para conseguir unos labios irresistibles!
Contiene cera de girasol, manteca de mango, manteca de karité, aceite de albaricoque, aceite de ricino y vitamina E. 
 Envase Zero Waste de aluminio (100% reciclable, reutilizable, libre de plásticos).
 Fórmula vegana , sin ingredientes de origen animal.
 Modo de uso: Aplicar suavemente sobre los labios y masajear.
Contenido: 10 gr.","in stock","new","4.51 EUR","","https://aura-prestige.sumupstore.com/product/tarrina-labial-vainilla","https://cdn.shopify.com/s/files/1/0958/5970/4190/files/BALSAMO-LABIAL-VAINILLA.jpg","Laboncler","Cuidado Personal · Facial"
"recambio-plumero-fluffy-pack-10-uds","RECAMBIO FLUFFY (PACK 10 UDS)","10 Recambios para Plumero Flyffy Duster By LaBonCler 
10 recambios de celulosa y poliester desechables.
Para una limpieza eficaz y duradera.","in stock","new","5.50 EUR","","https://aura-prestige.sumupstore.com/product/recambio-fluffy-pack-10-uds","https://cdn.shopify.com/s/files/1/0958/5970/4190/files/Fuffly-10-Recambios.jpg","Laboncler","Packs"
"plumero-fluffy-con-5-recambios","FLUFFY con 5 Recambios","FLUFFY DUSTER BY LABONCLER 
 EL PLUMERO ATRAPAPOLVO MÁS VIRAL ‼‼‼ 
 (CON 5 RECAMBIOS INCLUIDOS ) 
FLUFFY DUSTER de Laboncler está diseñado con miles de cerdas de celulosa y poliester tratadas
para Atrapar el polvo de una manera óptima y sin esfuerzo, gracias a su efecto electrostático sin igual ‼
El revolucionario plumero más viral de Estados Unidos llega a Laboncler para facilitar tu tarea diaria
Garantizando una limpieza profunda y duradera.
Ideal para liberar de polvo
💎Cuadros
💎Espejos
💎Muebles
💎Figuras
💎Lámparas
💎Cristalerias
💎Cajoneras
💎Esquinas etc...
🫧RESISTENTE
🫧ESPECIAL SUPERFICIES DELICADAS
🫧ENTRA EN TODO RECOVECO
🫧30 CMS MÁGICOS
🫧EFECTO ELECTROSTÁTICO
🫧ATRAPA PELOS DE MASCOTAS
🫧DESECHABLE
🫧ECO- FRIEDLY
Ya Disponible‼‼‼","in stock","new","4.51 EUR","","https://aura-prestige.sumupstore.com/product/fluffy-con-5-recambios","https://cdn.shopify.com/s/files/1/0958/5970/4190/files/Fuffly.jpg","Laboncler","Hogar"
"lavavajillas-chronos-artico-bidon-5-kg","LAVAVAJILLAS CHRONOS ARTICO BIDON 5 KG","Lavavajillas Manual. Envase ahorro 5 Kg
➡ ULTRA CONCENTRADO
➡ SUPER ESPUMANTE
CHRONOS ARTICO, de Laboncler ha sido formulado siguiendo una antigua Receta Griega para ofrecerte un rendimiento único
en el lavado de tus cristalerias,baterías de cocina , ollas, utensilios culinarios...
Y TODO LO QUE SE PUEDA LIMPIAR.
Respetando tus manos, tu salud y el medio ambiente.
Descubre AL DIOS DE LA PULCRITUD, AL TITÁN DE LA LIMPIEZA en un tiempo exprés y  sin esfuerzo alguno.
ADEMÁS ELIMINA LOS MALOS OLORES.
Déjate seducir por su delicado aroma a ROPA LIMPIA  🍊 🤤 😋 Único en el mercado.
Dosificación:  de 5 a 10 gramos directamente sobre el estropajo.
Mezclar agua y CHRONOS a partes iguales en un dispensador y listo para su uso.
Contenido: 5 Kg","in stock","new","32.89 EUR","29.95 EUR","https://aura-prestige.sumupstore.com/product/lavavajillas-chronos-artico-bidon-5-kg","https://cdn.shopify.com/s/files/1/0958/5970/4190/files/LAVAVAJILLAS-ARTICO-5-KG.jpg","Laboncler","Ofertas del Mes"
"cuelga-bayetas-adhesivo","CUELGA BAYETAS ADHESIVO","CUELGA BAYETAS ADHESIVO
Pack de 2 colgadores","in stock","new","2.75 EUR","","https://aura-prestige.sumupstore.com/product/cuelga-bayetas-adhesivo","https://cdn.shopify.com/s/files/1/0958/5970/4190/files/cuelga-bayetas.jpg","Laboncler","Hogar"
"cargador-ultra-rapido-20w-enrollable-para-iphone-14-y-anteriores","CARGADOR ULTRA RAPIDO 20W ENROLLABLE PARA IPHONE 14 Y ANTERIORES LIGHTNING","Cargador USB carga rápida + cable con sistema retráctil Incluido - 20w 
 NUEVA VERSIÓN: CON EXTENSIÓN DE CABLE A 90CM 
 ATENCIÓN: ESTE MODELO ES VÁLIDO PARA DISPOSITIVOS IPHONE 14 y modelos anteriores con CONECTOR Lightning . 
 Llega por fin el primer cargador para móviles con el cable integrado retráctil en su interior 
 ¿Estás cansado de perder tus cables de carga o de enredarte con ellos? ¡Tenemos la solución perfecta! Presentamos nuestro cargador Laboncler, diseñado para simplificar tu vida y mantener tus dispositivos siempre listos para usar.
 Se trata de la única solución que incluye el cable y el cargador en una sola pieza.
 Características clave:
 Cable incorporado : No más cables sueltos ni enredos. El cable Lightning (dependiendo del modelo) está integrado en el cargador, lo que significa que siempre tendrás una solución de carga a mano. 
 Carga rápida : Con una potencia de 20W , este cargador proporciona una carga rápida y eficiente para tus dispositivos. 
 Seguridad : Cumple con las normativas CE y RoHS , lo que garantiza un uso seguro y sin riesgos. 
 Puerto extra USB : Dispone de un segundo puerto extra USB para que puedas conectar cualquier cable que tengas por casa y poder cargar así 2 dispositivos a la vez. 
 No pierdas más tiempo buscando cables o desenredándolos. ¡Haz tu vida más fácil con nuestro cargador con cable incorporado!
 ⚡️ ¡Carga Rápida y Sin Enredos! Disfruta de una carga súper rápida de 20W con nuestro cargador USB de carga rápida + cable retráctil. 
 Ideal para mantener tu espacio organizado y libre de cables enredados mientras cargas tu móvil. 
 🔄 Comodidad Retráctil en tus Manos. Con el sistema retráctil del cable, simplemente tira y carga tu móvil sin complicaciones. 
 Perfecto para usar en casa, la oficina o mientras viajas. ¡No más cables sueltos! 
 🏠 Diseño Compacto y Espacio Ahorro. El cargador con cable retráctil es pequeño y compacto, ideal para cualquier lugar. 
 Su diseño patentado en España asegura que puedas llevarlo a cualquier parte sin ocupar mucho espacio. 
  Nuestro cargador USB con cable retráctil es compatible con IPHONE 14 y anteriores, brindando una carga eficiente y rápida. 
 Perfecto para mantener todos tus dispositivos IPHONE 14 y anteriores siempre listos para usar. 
 🌟 Innovación y Eficiencia en un Solo Producto. Con el cargador de móvil extensible, obtienes un cargador rápido y un cable todo en uno, facilitando tu vida diaria. 
 Ideal para quienes buscan tecnología avanzada y practicidad en un solo dispositivo. 
 ATENCIÓN: ESTE MODELO ES VÁLIDO PARA DISPOSITIVOS IPHONE 14 y modelos anteriores con CONECTOR Lightning .","in stock","new","24.95 EUR","21.95 EUR","https://aura-prestige.sumupstore.com/product/cargador-ultra-rapido-20w-enrollable-para-iphone-14-y-anteriores-lightning","https://cdn.shopify.com/s/files/1/0958/5970/4190/files/CARGADOR-IPHONE-14-Y-ANTERIORES.jpg","Laboncler","Hogar"
"cargador-ultra-rapido-20w-enrollable-para-android","CARGADOR ULTRA RAPIDO 20W ENROLLABLE PARA ANDROID Y IPHONE 15. TIPO C","Cargador USB carga rápida + cable con sistema retráctil Incluido - 20w 
 NUEVA VERSIÓN: CON EXTENSIÓN DE CABLE A 90CM 
 ATENCIÓN: ESTE MODELO ES VÁLIDO PARA DISPOSITIVOS ANDROID (CONECTOR TIPO C) Y ADEMAS PARA IPHONE 15 
 Llega por fin el primer cargador para móviles con el cable integrado retráctil en su interior 
 ¿Estás cansado de perder tus cables de carga o de enredarte con ellos? ¡Tenemos la solución perfecta! Presentamos nuestro cargador Laboncler, diseñado para simplificar tu vida y mantener tus dispositivos siempre listos para usar.
 Se trata de la única solución que incluye el cable y el cargador en una sola pieza.
 Características clave:
 Cable incorporado : No más cables sueltos ni enredos. El cable Tipo C está integrado en el cargador, lo que significa que siempre tendrás una solución de carga a mano. 
 Carga rápida : Con una potencia de 20W , este cargador proporciona una carga rápida y eficiente para tus dispositivos. 
 Seguridad : Cumple con las normativas CE y RoHS , lo que garantiza un uso seguro y sin riesgos. 
 Puerto extra USB : Dispone de un segundo puerto extra USB para que puedas conectar cualquier cable que tengas por casa y poder cargar así 2 dispositivos a la vez. 
 No pierdas más tiempo buscando cables o desenredándolos. ¡Haz tu vida más fácil con nuestro cargador con cable incorporado!
 ⚡️ ¡Carga Rápida y Sin Enredos! Disfruta de una carga súper rápida de 20W con nuestro cargador USB de carga rápida + cable retráctil. 
 Ideal para mantener tu espacio organizado y libre de cables enredados mientras cargas tu móvil. 
 🔄 Comodidad Retráctil en tus Manos. Con el sistema retráctil del cable, simplemente tira y carga tu móvil sin complicaciones. 
 Perfecto para usar en casa, la oficina o mientras viajas. ¡No más cables sueltos! 
 🏠 Diseño Compacto y Espacio Ahorro. El cargador con cable retráctil es pequeño y compacto, ideal para cualquier lugar. 
 Su diseño patentado en España asegura que puedas llevarlo a cualquier parte sin ocupar mucho espacio. 
  Nuestro cargador USB con cable retráctil es compatible con Android, brindando una carga eficiente y rápida. 
 Perfecto para mantener todos tus dispositivos Android siempre listos para usar. 
 🌟 Innovación y Eficiencia en un Solo Producto. Con el cargador de móvil extensible, obtienes un cargador rápido y un cable todo en uno, facilitando tu vida diaria. 
 Ideal para quienes buscan tecnología avanzada y practicidad en un solo dispositivo. 
 ATENCIÓN: ESTE MODELO ES VÁLIDO PARA DISPOSITIVOS ANDROID (CONECTOR TIPO C) Y ADEMAS PARA: 
 TIPO C: Este cargador está diseñado para dispositivos Android modernos que utilizan el puerto USB Tipo C - Samnsung, Xiaomi, Huawei, Oppo, Google, Lg 
 Tipo C también es para los nuevos Iphone de la serie 15 (Iphone 15, Iphone 15 PLUS, Iphone 15 PRO y Iphone 15 PRO MAX)","in stock","new","24.95 EUR","21.95 EUR","https://aura-prestige.sumupstore.com/product/cargador-ultra-rapido-20w-enrollable-para-android-y-iphone-15-tipo-c","https://cdn.shopify.com/s/files/1/0958/5970/4190/files/CARGADOR-ANDROID.jpg","Laboncler","Hogar"
"eco-jin-glow-bidon-5-litros","Eco-Jin GLOW BIDÓN 5 Litros","ECO-JIN GLOW 5 Litros PH NEUTRO. 
 Se entrega con 3 Difusores o 3 Bayetas y 3 Estropajos a tu elección. 
 El limpiador MULTIFUNCION REVOLUCIONARIO DEL QUE TODO EL MUNDO HABLA... 
 "" CON PH NEUTRAL "" 
Asea cuidadosamente todas las superficies y tejidos delicados de tu hogar...
Nuestra nueva ""Fórmula"" con efecto anti-envejecimiento nutritivo, respeta el brillo y la belleza natural
de tus superficies previniéndolas del paso del tiempo....
Especialmente creado para materiales, tejidos y suelos delicados; Como la piel, el cuero, la lana, alcántara,
terciopelo, pantallas, molduras, puertas lacadas, mármol pulido, suelos vinílicos ,terrazos tratados, maderas extrabrillantes,
muebles antiguos barnizados y naturales, aluminio y tratamientos antihuellas.
Vehículos de alta gama, joyas, piedras preciosas satén ,seda, Lino...
ABSOLUTAMENTE TODO MATERIAL LAVABLE... SIN EXCEPCIONES, SIN CONDICIONES ‼‼
Un toque fresco y ultraduradero en la higiene óptima de tu Hogar, tus vehículos,
Y tus prendas más exquisitas....
Formato de 5 litros.
Nota: El modelo de la pistola difusora puede variar, dependiendo de existencias.
 EL DIFUSOR ES NECESARIO PARA HACER LA CORRECTA DISOLUCIÓN CON AGUA PARA SU USO.

Opciones disponibles: Lo quiero con DIFUSORES · No quiero difusores, prefiero BAYETAS y ESTROPAJOS
Indícanos la opción que quieres al hacer el pedido.","in stock","new","60.39 EUR","","https://aura-prestige.sumupstore.com/product/eco-jin-glow-bidon-5-litros","https://cdn.shopify.com/s/files/1/0958/5970/4190/files/GLOW-5L.jpg","Laboncler","ECO-JIN Multiusos"
"eco-jin-glow-1-litro","Eco-Jin GLOW 1 Litro","ECO-JIN GLOW 1 Litro PH NEUTRO. 
 Se entrega con un Difusor o Bayeta y Estropajo a tu elección. 
 El limpiador MULTIFUNCION REVOLUCIONARIO DEL QUE TODO EL MUNDO HABLA... 
 "" CON PH NEUTRAL "" 
Asea cuidadosamente todas las superficies y tejidos delicados de tu hogar...
Nuestra nueva ""Fómula"" con efecto anti-envejecimiento nutritivo, respeta el brillo y la belleza natural
de tus superficies previniendolas del paso del tiempo....
CONSERVANDO SU FUERZA... SU PODER y aportándole esta nueva FRAGANCIA
Hiper perfumada y suntuosa que no va a dejarte indiferente... 😍
Tonos que crepitan a flores lilas, violetas, jazmín sambac, azafrán y Almizcle puro
Especialmente creado para materiales, tejidos y suelos delicados; Como la piel, el cuero, la lana, alcántara,
terciopelo, pantallas, molduras, puertas lacadas, mármol pulido, suelos vinilicos ,terrazos tratados, maderas extrabrillantes,
muebles antiguos barnizados y naturales, aluminio y tratamientos antihuellas.
Vehículos de alta gama, joyas, piedras preciosas satén ,seda, Lino...
ABSOLUTAMENTE TODO MATERIAL LAVABLE... SIN EXCEPCIÓNES, SIN CONDICIONES ‼‼
Un toque fresco y ultraduradero en la higiene óptima de tu Hogar, tus vehículos,
Y tus prendas más exquisitas....
Formato de 1 litro.
Una sola mezcla para conseguir hasta 10 litros de Producto listo para su uso.
( Mezcla normal)
Nota: El modelo de la pistola difusora puede variar, dependiendo de existencias.
 EL DIFUSOR ES NECESARIO PARA HACER LA CORRECTA DISOLUCION CON AGUA PARA SU USO.

Opciones disponibles: Lo quiero con DIFUSOR · No quiero difusor, prefiero BAYETA y ESTROPAJO
Indícanos la opción que quieres al hacer el pedido.","in stock","new","16.46 EUR","","https://aura-prestige.sumupstore.com/product/eco-jin-glow-1-litro","https://cdn.shopify.com/s/files/1/0958/5970/4190/files/GLOW-1L.jpg","Laboncler","ECO-JIN Multiusos"
"mecha-para-lampara-catalitica-pequena-100ml","Mecha para Lámpara Catalítica PEQUEÑA 100ml","Cabezal cerámico + cordón para lámpara catalítica
Recambio para lámparas catalíticas.
 Para lámparas PEQUEÑAS 100ml
Cordón 100% algodón.","in stock","new","6.00 EUR","","https://aura-prestige.sumupstore.com/product/mecha-para-lampara-catalitica-pequena-100ml","https://cdn.shopify.com/s/files/1/0958/5970/4190/files/MECHA-PEQUENA.jpg","Laboncler","Ambientación · Lámparas"
"vitro-twist-esponja-pack-5","VITRO TWIST - ESPONJA PACK 5","VITRO TWIST   x5 
 Antiarañazos 
 No raya 
Esta esponja es ideal para todas las superficies pero ha sido especialmente creada para tratar, limpiar y abrillantar tu vitrocerámica
Su cara rugosa elimina la suciedad sin rayar y la otra limpia y absorbe para dejarla impecable.
Vajilla, cubertería, campana extractora, ollas y planchas...
En general todo el menaje de tu Hogar.
Aclarar con agua antes de su primer uso.
• Lavable en lavadora hasta 60º para eliminar bacterias y mal olor.
• Para todo tipo de superficies, incluso las más delicadas.
• Limpieza general y en profundidad gracias a sus 2 caras.
• 2 texturas: 1 lado suave de microfibra y 1 lado rugoso de fibra antiarañazos.
• 5 colores para diferentes usos de la casa: la cocina, el baño, el lavadero, las habitaciones y el coche.
Pack de 5 Esponjas","in stock","new","7.65 EUR","","https://aura-prestige.sumupstore.com/product/vitro-twist-esponja-pack-5","https://cdn.shopify.com/s/files/1/0958/5970/4190/files/VITRO-TWIST.jpg","Laboncler","Packs"
"bayeta-atrapa-polvo-microfibra-y-cerdas-estaticas","BAYETA ATRAPA POLVO MICROFIBRA Y CERDAS ESTÁTICAS","BAYETA ATRAPA POLVO MICROFIBRA Y CERDAS ESTÁTICAS","in stock","new","0.99 EUR","","https://aura-prestige.sumupstore.com/product/bayeta-atrapa-polvo-microfibra-y-cerdas-estaticas","https://cdn.shopify.com/s/files/1/0958/5970/4190/files/BAYETA-ATRAPA-POLVO-1.jpg","Laboncler","Hogar"
"set-mixto-de-bayetas-pva-2-doble-cara-2-microfibra-6-trapo-cocina-2","SET MIXTO DE BAYETAS: PVA (2)-DOBLE CARA (2)-MICROFIBRA (6)-PAÑO ANTIBACTERIANO (2)","SET COMPLETO DE BAYETAS 
Todo lo que necesitas para la limpieza de tu hogar
 Bayetas splass de polivinilo de alcohol
Especial cristales
(2 unidades )
 Bayeta doble cara
Especial Sanitarios y piezas del cuarto De baño
(2 unidades )
 Bayetas de microfibra
300 gramos por metro cuadrado
Para el día a día
(6 unidades )
 Paño de cocina Antibacteriano con fibras de cobre
(2 unidades )","in stock","new","25.25 EUR","","https://aura-prestige.sumupstore.com/product/set-mixto-de-bayetas-pva-2-doble-cara-2-microfibra-6-pano-antibacteriano-2","https://cdn.shopify.com/s/files/1/0958/5970/4190/files/SET-BAYETAS-WEB.jpg","Laboncler","Packs"
"set-mixto-de-estropajos","SET MIXTO DE ESTROPAJOS: COBRE (2)-ESPONJA (3)-JABONOSO (5)-BIG INOX (2)-FIBRA (2)-SILICONA (2)-ANTIRAYADURA (2)-VITRO TWIST(5)","SET MIXTO DE ESTROPAJOS
Estropajos diferentes, para una limpieza ejemplar.
Estropajo de cobre
Limpieza profunda
(2 unidades )
Estropajos con esponja
El más usado
(3 unidades )
Estropajo jabonoso
Especial pulido sin rayar
(5 unidades )
Estropajo big inox
Especial hornos y parrillas
(2 unidades )
Estropajos de fibra reciclada
Para el día a día
(2 unidades )
Estropajo de silicona
El Estropajo ANTIBACTERIANO
(2 unidades )
Estropajo antirayaduras
Uno de mis preferidos para todo
(2 unidades )
Esponjas Vitro Twist
Especiales para vitro ceramicas y superficies delicadas.
(Paquete de 5 unidades )","in stock","new","21.95 EUR","","https://aura-prestige.sumupstore.com/product/set-mixto-de-estropajos-cobre-2-esponja-3-jabonoso-5-big-inox-2-fibra-2-silicona-2-antirayadura-2-vitro-twist-5","https://cdn.shopify.com/s/files/1/0958/5970/4190/files/set-mixto-de-estropajos-1.jpg","Laboncler","Packs"
"perfume-unisex-711","Perfume Unisex 711","Perfume Unisex de equivalencia.
 Notas de Salida: Naranja Siciliana, Bergamota de Calabria y Limón Siciliano (Lima Siciliana).
 Notas de Corazón: Frutas.
 Notas de Fondo: Almizcle Blanco, Vainilla de Madagascar y Ámbar.

Opciones disponibles: 30ml
Indícanos la opción que quieres al hacer el pedido.","in stock","new","6.95 EUR","","https://aura-prestige.sumupstore.com/product/perfume-unisex-711","https://cdn.shopify.com/s/files/1/0958/5970/4190/files/lady-perfume-imagen_7d7b8c4b-b787-4d92-aab7-49fe36b5273a.jpg","Laboncler","Perfumes · Hombre"
"perfume-unisex-710","Perfume Unisex 710","Perfume Unisex de equivalencia.
 Notas de Salida: Almendra Amarga y Azafrán.
 Notas de Corazón: Jazmín Egipcio y Cedro.
 Notas de Fondo: Ámbar Gris, Notas Amaderadas y Almizcle.

Opciones disponibles: 100ml · 30ml
Indícanos la opción que quieres al hacer el pedido.","in stock","new","6.95 EUR","","https://aura-prestige.sumupstore.com/product/perfume-unisex-710","https://cdn.shopify.com/s/files/1/0958/5970/4190/files/lady-perfume-imagen_4cd715e7-944c-46af-9529-47529051e94a.jpg","Laboncler","Perfumes · Hombre"
"perfume-hombre-595","Perfume hombre 595","Perfume hombre de equivalencia.
  Notas de Salida: Bergamota, Grosellas Negras, Manzana, LImón (Lima Ácida) y Pimienta Rosa.
 Notas de Corazón: Piña, Pachulí, Jazmín de Marruecos.
 Notas de Fondo: Abedul, Almizcle, Musgo de Roble , Ambroxan y Cedro.

Opciones disponibles: 100ml · 30ml
Indícanos la opción que quieres al hacer el pedido.","in stock","new","6.95 EUR","","https://aura-prestige.sumupstore.com/product/perfume-hombre-595","https://cdn.shopify.com/s/files/1/0958/5970/4190/files/perfume-hombre-24_69c9c14f-0f71-4c0c-9224-bebf6945b6bd.jpg","Laboncler","Perfumes · Hombre"
"lavavajillas-manual-chronos-pack-2-unidades","Lavavajillas manual CHRONOS PACK 2 UNIDADES","PACK DE 2 UNIDADES (Aroma a elegir)
Lavavajillas Manual.
➡ ULTRA CONCENTRADO
➡ SUPER ESPUMANTE
CHRONOS, de Laboncler ha sido formulado siguiendo una antigua Receta Griega para ofrecerte un rendimiento único
en el lavado de tus cristalerias,baterías de cocina , ollas, utensilios culinarios...
Y TODO LO QUE SE PUEDA LIMPIAR.
Respetando tus manos, tu salud y el medio ambiente.
Descubre AL DIOS DE LA PULCRITUD, AL TITÁN DE LA LIMPIEZA en un tiempo exprés y  sin esfuerzo alguno.
ADEMÁS ELIMINA LOS MALOS OLORES.
Déjate seducir por sus delicados aromas a Canela y Naranja y Artico a Ropa Limpia , único en el mercado.
Dosificación:  de 5 a 10 gramos directamente sobre el estropajo.
Mezclar agua y CHRONOS a partes iguales en un dispensador y listo para su uso.
 Contenido: 750ml+750ml = 1,5 Litros

Opciones disponibles: Artico-Limpio / Artico-Limpio · Artico-Limpio / Canela-Naranja · Artico-Limpio / Chronos Black · Canela-Naranja / Artico-Limpio · Canela-Naranja / Canela-Naranja · Canela-Naranja / Chronos Black · Chronos Black / Artico-Limpio · Chronos Black / Canela-Naranja · Chronos Black / Chronos Black
Indícanos la opción que quieres al hacer el pedido.","in stock","new","11.00 EUR","","https://aura-prestige.sumupstore.com/product/lavavajillas-manual-chronos-pack-2-unidades","https://cdn.shopify.com/s/files/1/0958/5970/4190/files/CHRONOS-CANELA-Y-ARTICO.jpg","Laboncler","Packs"
"lavavajillas-manual-chronos-artico-750gr","LAVAVAJILLAS manual CHRONOS ARTICO 750gr","Lavavajillas Manual 
 ➡ ULTRA CONCENTRADO 
 ➡ SUPER ESPUMANTE 
CHRONOS, de Laboncler ha sido formulado siguiendo una antigua Receta Griega para ofrecerte un rendimiento único
en el lavado de tus cristalerias,baterías de cocina , ollas, utensilios culinarios...
Y TODO LO QUE SE PUEDA LIMPIAR.
Respetando tus manos, tu salud y el medio ambiente.
Descubre AL DIOS DE LA PULCRITUD, AL TITÁN DE LA LIMPIEZA en un tiempo exprés y  sin esfuerzo alguno.
ADEMÁS ELIMINA LOS MALOS OLORES.
Déjate seducir por su delicado aroma a ROPA LIMPIA. Único en el mercado.
Dosificación:  de 5 a 10 gramos directamente sobre el estropajo.
Mezclar agua y CHRONOS a partes iguales en un dispensador y listo para su uso.
Contenido: 750gr","in stock","new","6.55 EUR","","https://aura-prestige.sumupstore.com/product/lavavajillas-manual-chronos-artico-750gr","https://cdn.shopify.com/s/files/1/0958/5970/4190/files/CHRONOS-ARTICO.jpg","Laboncler","Hogar"
"perfume-hombre-584-2","Perfume hombre 584","Perfume hombre de equivalencia.
  Notas de Salida: Pepino, Melón y Mandarina.
 Notas de Corazón: Albahaca, Salvia y Geranio.
 Notas de Fondo: Gamuza, Notas Amaderadas y Almizcle.

Opciones disponibles: 100ml · 30ml
Indícanos la opción que quieres al hacer el pedido.","in stock","new","6.95 EUR","","https://aura-prestige.sumupstore.com/product/perfume-hombre-584","https://cdn.shopify.com/s/files/1/0958/5970/4190/files/perfume-hombre-24_11487924-c4cc-4610-b4c5-e7e5f6f32881.jpg","Laboncler","Perfumes · Hombre"
"estropajo-esponja-silicona","ESTROPAJO-ESPONJA SILICONA","Estropajo-Esponja de Silicona.
Limpieza sin esfuerzo.","in stock","new","2.15 EUR","","https://aura-prestige.sumupstore.com/product/estropajo-esponja-silicona","https://cdn.shopify.com/s/files/1/0958/5970/4190/files/ESPONJA-SILICONA.jpg","Laboncler","Hogar"
"perfume-hombre-522","Perfume hombre 522","Perfume hombre de equivalencia.

Opciones disponibles: 100ml · 30ml
Indícanos la opción que quieres al hacer el pedido.","in stock","new","6.95 EUR","","https://aura-prestige.sumupstore.com/product/perfume-hombre-522","https://cdn.shopify.com/s/files/1/0958/5970/4190/files/perfume-hombre-24_73798436-dbbe-4a6d-b019-166e33697db7.jpg","Laboncler","Perfumes · Hombre"
"guantes-de-silicona","GUANTES DE SILICONA","GUANTES DE LIMPIEZA 100% SILICONA 
• Set de 2 guantes fabricados en silicona de primera calidad, sin BPA, que aseguran la seguridad de tu familia y el medio ambiente.
• UN ALIADO PERFECTO PARA ECO-JIN Y CHRONOS. 
• Estos guantes son resistentes, elásticos y cuentan con cerdas de silicona que ofrecen la eficacia limpiadora de un cepillo pero sin riesgo de rayar las superficies
• Pura Versatilidad en un solo producto.
Estos guantes son ideales para la limpieza de la cocina, el baño, el coche, tus mascotas y su delicada piel.
Realiza múltiples tareas de limpieza sin esfuerzo alguno.
• Aptos para lavar en lavavajillas.
• Estos guantes son fáciles de limpiar y mantener higiénicos después de cada uso.
• PARA SACAR TUS BANDEJAS DEL HORNO ES UNA PASADA (Desde -40⁰ A 160⁰)
• La solución perfecta para la limpieza en tu hogar, sin duda !!","in stock","new","10.95 EUR","","https://aura-prestige.sumupstore.com/product/guantes-de-silicona","https://cdn.shopify.com/s/files/1/0958/5970/4190/files/guante-limpieza.jpg","Laboncler","Hogar"
"perfume-hombre-582","Perfume hombre 582","Perfume hombre de equivalencia.

Opciones disponibles: 100ml · 30ml
Indícanos la opción que quieres al hacer el pedido.","in stock","new","6.95 EUR","","https://aura-prestige.sumupstore.com/product/perfume-hombre-582","https://cdn.shopify.com/s/files/1/0958/5970/4190/files/perfume-hombre-24_ccaede40-4f42-459f-b307-2b18b4ea7af6.jpg","Laboncler","Perfumes · Hombre"
"perfume-hombre-581","Perfume hombre 581","Perfume hombre de equivalencia.
  Notas de Salida: Menta, Manzana Verde, Limón (Lima Ácida).
 Notas de Corazón: Haba Tonka, Ambroxan y Geranio.
 Notas de Fondo: Vainilla de Madagascar, Cedro de Virginia, Cedro de Atlas, Vetiver y Musgo de Roble

Opciones disponibles: 100ml · 30ml
Indícanos la opción que quieres al hacer el pedido.","in stock","new","6.95 EUR","","https://aura-prestige.sumupstore.com/product/perfume-hombre-581","https://cdn.shopify.com/s/files/1/0958/5970/4190/files/perfume-hombre-24_6091ef82-58e0-4a16-b827-c3c4b0f33e3f.jpg","Laboncler","Perfumes · Hombre"
"perfume-hombre-580","Perfume hombre 580","Perfume hombre de equivalencia.

Opciones disponibles: 100ml
Indícanos la opción que quieres al hacer el pedido.","in stock","new","14.95 EUR","","https://aura-prestige.sumupstore.com/product/perfume-hombre-580","https://cdn.shopify.com/s/files/1/0958/5970/4190/files/perfume-hombre-24_02c52596-b995-4a7f-adf8-a7dcf1adb418.jpg","Laboncler","Perfumes · Hombre"
"perfume-hombre-567","Perfume hombre 567","Perfume hombre de equivalencia.
  Notas de Salida: Pimienta Negra, Tabaco y Piña.
 Notas de Corazón: Pachulí, Café y Iris.
 Notas de Fondo: Vainilla, Ámbar, Madera Seca, Benjuí y Ládano.

Opciones disponibles: 100ml · 30ml
Indícanos la opción que quieres al hacer el pedido.","in stock","new","6.95 EUR","","https://aura-prestige.sumupstore.com/product/perfume-hombre-567","https://cdn.shopify.com/s/files/1/0958/5970/4190/files/perfume-hombre-24_0bfb2462-fc8e-4060-b5bd-9798ae5dd594.jpg","Laboncler","Perfumes · Hombre"
"perfume-hombre-543","Perfume hombre 543","Perfume hombre de equivalencia.

Opciones disponibles: 30ml
Indícanos la opción que quieres al hacer el pedido.","in stock","new","6.95 EUR","","https://aura-prestige.sumupstore.com/product/perfume-hombre-543","https://cdn.shopify.com/s/files/1/0958/5970/4190/files/perfume-hombre-24_d1d82378-64d8-4cc9-9bdd-b15e65142f50.jpg","Laboncler","Perfumes · Hombre"
"perfume-mujer-285","Perfume Mujer 285","Perfume de equivalencia de mujer.

Opciones disponibles: 30ml
Indícanos la opción que quieres al hacer el pedido.","in stock","new","6.95 EUR","","https://aura-prestige.sumupstore.com/product/perfume-mujer-285","https://cdn.shopify.com/s/files/1/0958/5970/4190/files/perfume-mujer-24_776b4fec-e3e1-4218-bada-8b36ea31cad6.jpg","Laboncler","Perfumes · Mujer"
"perfume-mujer-276","Perfume Mujer 276","Perfume de equivalencia de mujer.","out of stock","new","6.95 EUR","","https://aura-prestige.sumupstore.com/product/perfume-mujer-276","https://cdn.shopify.com/s/files/1/0958/5970/4190/files/perfume-mujer-24_f3fea3af-f925-46d3-82c2-64d710b35c36.jpg","Laboncler","Perfumes · Mujer"
"perfume-mujer-245","Perfume Mujer 245","Perfume de equivalencia de mujer.","out of stock","new","6.95 EUR","","https://aura-prestige.sumupstore.com/product/perfume-mujer-245","https://cdn.shopify.com/s/files/1/0958/5970/4190/files/perfume-mujer-24_3cafecef-d98c-48af-8a61-8bcca8a80d58.jpg","Laboncler","Perfumes · Mujer"
"perfume-mujer-235","Perfume Mujer 235","Perfume de equivalencia de mujer.
 Notas de Salida: Fresia, Osmanto Chino (Olivo oloroso de China), Tamarindo e Incienso.
 Notas de Corazón: Nardos, Alcatraz (lirio cala), Peonía, Iris y Raíz de Lirio.
 Notas de Fondo: Almizcle, Madera de Cachemira y Vetiver.

Opciones disponibles: 100ml
Indícanos la opción que quieres al hacer el pedido.","in stock","new","14.95 EUR","","https://aura-prestige.sumupstore.com/product/perfume-mujer-235","https://cdn.shopify.com/s/files/1/0958/5970/4190/files/perfume-mujer-24_bbf872f1-95fc-4610-84c6-fdc366771762.jpg","Laboncler","Perfumes · Mujer"
"perfume-mujer-175","Perfume Mujer 175","Perfume de equivalencia de mujer.

Opciones disponibles: 100ml
Indícanos la opción que quieres al hacer el pedido.","in stock","new","14.95 EUR","","https://aura-prestige.sumupstore.com/product/perfume-mujer-175","https://cdn.shopify.com/s/files/1/0958/5970/4190/files/perfume-mujer-24_554b1e73-aed2-4038-9110-7026f6a231e3.jpg","Laboncler","Perfumes · Mujer"
"perfume-mujer-708","Perfume Mujer 708","Perfume de equivalencia de mujer.

Opciones disponibles: 100ml · 30ml
Indícanos la opción que quieres al hacer el pedido.","in stock","new","6.95 EUR","","https://aura-prestige.sumupstore.com/product/perfume-mujer-708","https://cdn.shopify.com/s/files/1/0958/5970/4190/files/perfume-mujer-24_4d160a4c-9f4d-4085-a121-505b1c741160.jpg","Laboncler","Perfumes · Mujer"
"perfume-mujer-150","Perfume Mujer 150","Notas de Salida: Bergamota, Limón (Lima Ácida ) y Petit Grain.
 Notad de Corazón: Flor de Azahar del Naranjo, Bayas de Enebro y Almendra.
 Notas de Fondo: Ciprés , Cedro, Almizcle, Gálbano y Alcaravea
 Perfume de equivalencia de mujer.

Opciones disponibles: 100ml
Indícanos la opción que quieres al hacer el pedido.","in stock","new","14.95 EUR","","https://aura-prestige.sumupstore.com/product/perfume-mujer-150","https://cdn.shopify.com/s/files/1/0958/5970/4190/files/perfume-mujer-24_3fe898b3-7982-4239-92cf-9b041957c515.jpg","Laboncler","Perfumes · Mujer"
"perfume-mujer-120","Perfume Mujer 120","Perfume de equivalencia de mujer.

Opciones disponibles: 100ml
Indícanos la opción que quieres al hacer el pedido.","in stock","new","14.95 EUR","","https://aura-prestige.sumupstore.com/product/perfume-mujer-120","https://cdn.shopify.com/s/files/1/0958/5970/4190/files/perfume-mujer-24_f0c1ef67-9e9f-4768-ae6d-9f9d06b3e7b2.jpg","Laboncler","Perfumes · Mujer"
"camiseta-eco-jin-by-laboncler","CAMISETA ECO-JIN BY LABONCLER","CAMISETA ECO-JIN BY LABONCLER
Talla de la S a la 3XL
Producto disponible hasta FIN DE EXISTENCIAS. 
Este artículo NO da puntos.

Opciones disponibles: 2XL · 3XL · L · M · S · XL
Indícanos la opción que quieres al hacer el pedido.","in stock","new","5.49 EUR","","https://aura-prestige.sumupstore.com/productos","https://cdn.shopify.com/s/files/1/0958/5970/4190/files/CAMISETA-LBC.jpg","Laboncler","ECO-JIN Multiusos"
"estropajo-big-inox","ESTROPAJO BIG INOX","NUEVO ESTROPAJO ""BIG INOX"" 
100% acero inoxidable
42 gramos de peso
Con millones de fibras
 ¡¡¡ ES ENORME !!! 
Parrillas, barbacoas, hornos, cal y grasa muy incrustada...
Un nuevo aliado en nuestra limpieza !!","in stock","new","0.99 EUR","","https://aura-prestige.sumupstore.com/product/estropajo-big-inox","https://cdn.shopify.com/s/files/1/0958/5970/4190/files/NANAS.jpg","Laboncler","Hogar"
"ambientador-textil-frutos-rojos","Ambientador textil Frutos Rojos","Ambientador tejidos: Frutos Rojos 
 Fragancia para tejidos como Cortinas, cojines, sofás, alfombras, telas en general, toallas, etc.
 Estas esencias han sido especialmente diseñadas para la  fijación en textiles, tejidos, celulosas y superficies porosas . Estos  pulverizadores perfuman la ropa de forma inmediata  sobre cualquier tejido y el ambiente de forma duradera para que la ropa huela bien.
 El  ambientador para tejidos aporta frescor y un aroma único con una agradable sensación de olor a ropa limpia . Fragancias para ropa perfectas para pulverizar y proporcionar un fresco olor a limpio en cortinas, colchas, cojines, alfombras y sirven como recarga de cerámicas perfumadas.
 Ambientador textil para que la ropa huela bien que NO MANCHAN , pero se recomienda antes hacer una pequeña prueba en el tejido. Alto contenido en esencia.
 No indicado para usar con seda. 
 Contenido: 150ml","in stock","new","12.05 EUR","","https://aura-prestige.sumupstore.com/product/ambientador-textil-frutos-rojos","https://cdn.shopify.com/s/files/1/0958/5970/4190/files/textil-frutos-rojos.jpg","Laboncler","Ambientación · Textiles"
"dispensador-de-jabon-con-estropajo-antirrayaduras","DISPENSADOR de Jabón y estropajo con esponja","💥NUEVO DISPENSADOR DE JABÓN CON ESTROPAJO DE FIBRAS SUAVES INCLUIDO💥
Fabricado en plástico ABS de alta calidad.
Capacidad 550ml
Solo necesitamos una mano para tener nuestro estropajo enjabonado y listo para usar...
Todo lo que necesitas para fregar tus platos en un reducido espacio 🥰
CON ESTE DISPENSADOR TU DETERGENTE DURARÁ MUCHÍSIMO MÁS 👏
Ahorra espacio, tiempo y dinero...
Si es rentable.. es de Laboncler","in stock","new","5.50 EUR","","https://aura-prestige.sumupstore.com/product/dispensador-de-jabon-y-estropajo-con-esponja","https://cdn.shopify.com/s/files/1/0958/5970/4190/files/dispensador-1.jpg","Laboncler","Hogar"
"esponja-antirayaduras-pack-2-uds-oro-y-plata","ESPONJA ANTIRRAYADURAS PACK 2 UDS. ORO Y PLATA","Esponjas Antirrayaduras 
Limpieza eficaz
Sin arañazos ni marcas
-Ultra suaves
-Muy compactas
Pack de 2 unidades (1 Color oro y 1 Color plata)","in stock","new","2.32 EUR","","https://aura-prestige.sumupstore.com/product/esponja-antirrayaduras-pack-2-uds-oro-y-plata","https://cdn.shopify.com/s/files/1/0958/5970/4190/files/esponja-antirayaduras-1.jpg","Laboncler","Packs"
"madera-clara-eco-jin-750ml-copia","PACK DOBLE ECO-JIN OLEO COMBINABLE 750ML X2","ECO-JIN ÓLEO. 
 Especial Maderas Claras y Oscuras PACK DOBLE. COMBINABLE 
-LIMPIADOR
-REPARADOR
-RESTAURADOR
-ABRILLANTADOR
Con Aceites Minerales Naturales que restauran , abrillantan y cuidan en profundidad todos tus muebles de madera.
Tus puertas , parquet y tarimas, plásticos decolorados por el sol, etc...
Repara todo tipo de arañazos, Repone los tonos originales.
Cuida la madera devolviéndole su belleza original y aporta un brillo excepcional, también repele el polvo.
¿ Cómo se usa ECO-JIN ÓLEO ?
• Para eliminar rayas y arañazos o para limpiar y abrillantar...
• Aplicar el reparador directamente sobre la superficie dañada, dejar actuar unos minutos frotar suavemente de manera uniforme con un paño seco y eliminar el exceso.
• Dejar secar correctamente.
Contenido 750 ml x 2

Opciones disponibles: Maderas CLARAS / Maderas CLARAS · Maderas CLARAS / Maderas OSCURAS · Maderas OSCURAS / Maderas CLARAS · Maderas OSCURAS / Maderas OSCURAS
Indícanos la opción que quieres al hacer el pedido.","in stock","new","29.95 EUR","","https://aura-prestige.sumupstore.com/product/pack-doble-eco-jin-oleo-combinable-750ml-x2","https://cdn.shopify.com/s/files/1/0958/5970/4190/files/EJ-Duo-Maderas.jpg","Laboncler","Packs"
"lavavajillas-chronos-bidon-5-litros","LAVAVAJILLAS CHRONOS CANELA BIDON 5 KG","Lavavajillas Manual. Envase ahorro 5 Kg
➡ ULTRA CONCENTRADO
➡ SUPER ESPUMANTE
CHRONOS, de Laboncler ha sido formulado siguiendo una antigua Receta Griega para ofrecerte un rendimiento único
en el lavado de tus cristalerias,baterías de cocina , ollas, utensilios culinarios...
Y TODO LO QUE SE PUEDA LIMPIAR.
Respetando tus manos, tu salud y el medio ambiente.
Descubre AL DIOS DE LA PULCRITUD, AL TITÁN DE LA LIMPIEZA en un tiempo exprés y  sin esfuerzo alguno.
ADEMÁS ELIMINA LOS MALOS OLORES.
Déjate seducir por su delicado aroma a Canela y Naranja 🍊 🤤 😋 Único en el mercado.
Dosificación:  de 5 a 10 gramos directamente sobre el estropajo.
Mezclar agua y CHRONOS a partes iguales en un dispensador y listo para su uso.
Contenido: 5 Kg","in stock","new","32.89 EUR","29.95 EUR","https://aura-prestige.sumupstore.com/product/lavavajillas-chronos-canela-bidon-5-kg","https://cdn.shopify.com/s/files/1/0958/5970/4190/files/CHRONOS-5KG.jpg","Laboncler","Ofertas del Mes"
"madera-oscura-eco-jin-750ml","MADERA **OSCURA** ECO-JIN ÓLEO 750ML","ECO-JIN ÓLEO. Especial Maderas Oscuras. 
 -LIMPIADOR
-REPARADOR
-RESTAURADOR
-ABRILLANTADOR
 Con Aceites Minerales Naturales que restauran , abrillantan y cuidan en profundidad todos tus muebles de madera.
Tus puertas , parquet y tarimas, plásticos decolorados por el sol, etc...
 Repara todo tipo de arañazos, Repone los tonos originales.
Cuida la madera devolviéndole su belleza original y aporta un brillo excepcional, también repele el polvo.
 ¿ Cómo se usa ECO-JIN ÓLEO ?
 • Para eliminar rayas y arañazos o para limpiar y abrillantar...
• Aplicar el reparador directamente sobre la superficie dañada, dejar actuar unos minutos frotar suavemente de manera uniforme con un paño seco y eliminar el exceso.
 • Dejar secar correctamente.
 Contenido: 750ml","in stock","new","17.55 EUR","","https://aura-prestige.sumupstore.com/product/madera-oscura-eco-jin-oleo-750ml","https://cdn.shopify.com/s/files/1/0958/5970/4190/files/eco-jin-oleo-oscuro.jpg","Laboncler","ECO-JIN Multiusos"
"madera-clara-eco-jin-750ml","MADERA CLARA ECO-JIN ÓLEO 750ML","ECO-JIN ÓLEO. Especial Maderas Claras. 
 -LIMPIADOR
-REPARADOR
-RESTAURADOR
-ABRILLANTADOR
 Con Aceites Minerales Naturales que restauran , abrillantan y cuidan en profundidad todos tus muebles de madera.
Tus puertas , parquet y tarimas, plásticos decolorados por el sol, etc...
 Repara todo tipo de arañazos, Repone los tonos originales.
Cuida la madera devolviéndole su belleza original y aporta un brillo excepcional, también repele el polvo.
 ¿ Cómo se usa ECO-JIN ÓLEO ?
 • Para eliminar rayas y arañazos o para limpiar y abrillantar...
• Aplicar el reparador directamente sobre la superficie dañada, dejar actuar unos minutos frotar suavemente de manera uniforme con un paño seco y eliminar el exceso.
 • Dejar secar correctamente.
 Contenido: 750ml","in stock","new","17.55 EUR","","https://aura-prestige.sumupstore.com/product/madera-clara-eco-jin-oleo-750ml","https://cdn.shopify.com/s/files/1/0958/5970/4190/files/eco-jin-oleo-claro.jpg","Laboncler","ECO-JIN Multiusos"
"folleto-explicativo-disoluciones-eco-jin","FOLLETO EXPLICATIVO DISOLUCIONES ECO-JIN","Folleto explicativo Disoluciones de ECO-JIN
""El producto revolucionario de limpieza Del que todo el mundo habla""
A todo color y papel couché brillo, mas duradero.","in stock","new","0.11 EUR","","https://aura-prestige.sumupstore.com/productos","https://cdn.shopify.com/s/files/1/0958/5970/4190/files/Folleto-Eco-Jin.jpg","Laboncler","ECO-JIN Multiusos"
"roll-up-extensible-eco-jin","ROLL-UP EXTENSIBLE ECO-JIN","Roll-up extensible gigante ECO-JIN
""El producto revolucionario de limpieza del que todo el mundo habla""
Medidas 207 × 85 cm","in stock","new","137.39 EUR","","https://aura-prestige.sumupstore.com/productos","https://cdn.shopify.com/s/files/1/0958/5970/4190/files/rollup.jpg","Laboncler","ECO-JIN Multiusos"
"vinilo-para-cristales-eco-jin","VINILO PARA CRISTALES ECO-JIN","Pegatina vinilo para cristal-escaparate ECO-JIN
""El producto revolucionario de limpieza del que todo el mundo habla""
Medidas 32 × 26 cm","in stock","new","7.15 EUR","","https://aura-prestige.sumupstore.com/productos","https://cdn.shopify.com/s/files/1/0958/5970/4190/files/cartel_mostrador_ab755d47-b7b4-44de-888d-387016cafc37.jpg","Laboncler","ECO-JIN Multiusos"
"perfume-mujer-706","Perfume Mujer 706","Notas de Salida: Limón Confitado.
 Notas de Corazón: Panacota, Flor de Azahar del Naranjo y Ron.
 Notas de Fondo: Vainilla.
 Perfume de equivalencia de mujer.

Opciones disponibles: 100ml · 30ml
Indícanos la opción que quieres al hacer el pedido.","in stock","new","6.95 EUR","","https://aura-prestige.sumupstore.com/product/perfume-mujer-706","https://cdn.shopify.com/s/files/1/0958/5970/4190/files/perfume-mujer-24_90a2254c-ae14-4502-819f-876fa4cc39e6.jpg","Laboncler","Perfumes · Mujer"
"perfume-mujer-705","Perfume Mujer 705","Perfume de equivalencia de mujer.
  Notas de Salida: Pimienta Rosa, Flor del Árbol de la Seda (Acacia de Constantinopla), Jazmín Sambac (Sampaguita).
 Notas de Corazón: Crema Batida, Vainilla y Castaña.
 Notas de Fondo: Sándalo y Madera de Cachemira.

Opciones disponibles: 100ml · 30ml
Indícanos la opción que quieres al hacer el pedido.","in stock","new","6.95 EUR","","https://aura-prestige.sumupstore.com/product/perfume-mujer-705","https://cdn.shopify.com/s/files/1/0958/5970/4190/files/perfume-mujer-24_19986f41-e513-4987-94e0-d91552df5dfe.jpg","Laboncler","Perfumes · Mujer"
"perfume-hombre-755","Perfume Hombre 755","Perfume de equivalencia de Hombre.

Opciones disponibles: 100ml · 30ml
Indícanos la opción que quieres al hacer el pedido.","in stock","new","6.95 EUR","","https://aura-prestige.sumupstore.com/product/perfume-hombre-755","https://cdn.shopify.com/s/files/1/0958/5970/4190/files/perfume-hombre-24_a0422ccf-283d-41fe-b952-99c809bac822.jpg","Laboncler","Perfumes · Hombre"
"lavavajillas-chronos","LAVAVAJILLAS manual CHRONOS CANELA-NARANJA 750gr","Lavavajillas Manual 
 ➡ ULTRA CONCENTRADO 
 ➡ SUPER ESPUMANTE 
CHRONOS, de Laboncler ha sido formulado siguiendo una antigua Receta Griega para ofrecerte un rendimiento único
en el lavado de tus cristalerias,baterías de cocina , ollas, utensilios culinarios...
Y TODO LO QUE SE PUEDA LIMPIAR.
Respetando tus manos, tu salud y el medio ambiente.
Descubre AL DIOS DE LA PULCRITUD, AL TITÁN DE LA LIMPIEZA en un tiempo exprés y  sin esfuerzo alguno.
ADEMÁS ELIMINA LOS MALOS OLORES.
Déjate seducir por su delicado aroma a Canela y Naranja 🍊 🤤 😋 Único en el mercado.
Dosificación:  de 5 a 10 gramos directamente sobre el estropajo.
Mezclar agua y CHRONOS a partes iguales en un dispensador y listo para su uso.
Contenido: 750gr","in stock","new","6.55 EUR","","https://aura-prestige.sumupstore.com/product/lavavajillas-manual-chronos-canela-naranja-750gr","https://cdn.shopify.com/s/files/1/0958/5970/4190/files/chronos-2.jpg","Laboncler","Hogar"
"ambientador-excellent-golden-laboncler","AMBIENTADOR EXCELLENT GOLDEN LABONCLER","EXCELLENT GOLDEN 
 ""El Ambientador más selecto"" 
Inspirado en los mejores ambientadores Árabes.
💎 .Ambientador / Perfumador
💎 .Desodorizante inigualable
💎 .Eliminador de malos olores
💎 .De extrema duración
Tras un riguroso trabajo lo hemos conseguido:
 ""Excellent golden de Laboncler"" 
Un ambientador lujoso, suntuoso, espléndido...
Descubre un aroma único para tu hogar: Textiles, cortinas, armarios, ropa de cama o directamente al aire...
Con las notas más excelentes jamás creadas.
Un Perfume seductor, fresco, elegante, picante y dulce...
La rosa Virginiana y la Canela Ceilán fusionadas con el cuero especiado y sus toques florales hacen la alquimia perfecta para una seducción total...
Una fragancia excelente que no va a dejarte indiferente.
Excelent Golden de Laboncler
No camufla los malos olores...
Los envuelve y los erradica dejando un intenso aroma Magistral.
Creado con esencias de una altísima calidad
Duración en los tejidos de hasta 9 semanas.
Duración en el ambiente de hasta 48h.
Modo de empleo:
Pulverizar sobre la zona a ambientar con distancia.
Contenido: 750ml","in stock","new","24.15 EUR","","https://aura-prestige.sumupstore.com/product/ambientador-excellent-golden-laboncler","https://cdn.shopify.com/s/files/1/0958/5970/4190/files/Ambientador-excellent-golden-laboncler.jpg","Laboncler","Ambientación · Textiles"
"boligrafo-oficial-laboncler","Bolígrafo Oficial Laboncler","Bolígrafo oficial Laboncler.
El detalle idóneo.
Tinta vegetal. Azul.
(Diseño aleatorio en dependencia de las existencias)","in stock","new","0.88 EUR","","https://aura-prestige.sumupstore.com/productos","https://cdn.shopify.com/s/files/1/0958/5970/4190/files/BOLI.jpg","Laboncler","Otros"
"pack-4-bayetas-pva-splass","PACK 4 BAYETAS PVA SPLASS","""PVA SPLASS"" 
LaBonCler utiliza las últimas tecnologías para inventar y producir las soluciones de limpieza más eficientes y reducir tu trabajo.
Nuestra bayeta, PVA Splass, consigue resultados de limpieza sin marcas en un solo paso a través de una tecnología de recubrimiento única,
 POLIVINILO DE ALCOHOL (PVA). 
Esta bayeta absorbe una gran cantidad de agua así como otros líquidos y los libera de forma homogénea. Súper cómoda.
Medidas: 42×32 cm.
Trabaja con la mejor Bayeta PVA del mercado.
La limpieza nunca fue tan fácil.
Consejos de uso:
• Remojar la Bayeta en agua tibia antes de usarla, enjuagar y escurrir a mano.
• Después de su uso, escurrir la Bayeta retorciéndola y dejándola doblada.
• Al secarse se endurecerá. ES NORMAL. 
• NO TE PREOCUPES.
• Para re-hidratarla sumérgela en agua unos minutos y estará lista, suave y flexible como la primera vez.
• NO MANIPULAR EN SECO. Puedes romperla.
• Cuando lo creas necesario, lávala con un poco De ECO-JIN y abundante agua, escúrrela y guárdala.
• La PVA Splass de Laboncler repele las bacterias y no crea mal olor.
 Probablemente la mejor bayeta jamás creada en la historia... 
 Se envía en color aleatorio (no se puede elegir). Azul y púrpura .","in stock","new","13.20 EUR","","https://aura-prestige.sumupstore.com/product/pack-4-bayetas-pva-splass","https://cdn.shopify.com/s/files/1/0958/5970/4190/files/1000074746.png","Laboncler","Packs"
"pack-2-bayetas-pva-splass","PACK 2 BAYETAS PVA SPLASS","""PVA SPLASS"" 
LaBonCler utiliza las últimas tecnologías para inventar y producir las soluciones de limpieza más eficientes y reducir tu trabajo.
Nuestra bayeta, PVA Splass, consigue resultados de limpieza sin marcas en un solo paso a través de una tecnología de recubrimiento única,
 POLIVINILO DE ALCOHOL (PVA). 
Esta bayeta absorbe una gran cantidad de agua así como otros líquidos y los libera de forma homogénea. Súper cómoda.
Medidas: 42×32 cm.
Trabaja con la mejor Bayeta PVA del mercado.
La limpieza nunca fue tan fácil.
Consejos de uso:
• Remojar la Bayeta en agua tibia antes de usarla, enjuagar y escurrir a mano.
• Después de su uso, escurrir la Bayeta retorciéndola y dejándola doblada.
• Al secarse se endurecerá. ES NORMAL. 
• NO TE PREOCUPES.
• Para re-hidratarla sumérgela en agua unos minutos y estará lista, suave y flexible como la primera vez.
• NO MANIPULAR EN SECO. Puedes romperla.
• Cuando lo creas necesario, lávala con un poco De ECO-JIN y abundante agua, escúrrela y guárdala.
• La PVA Splass de Laboncler repele las bacterias y no crea mal olor.
 Probablemente la mejor bayeta jamás creada en la historia... 
Se envía en color aleatorio (no se puede elegir). Azul y púrpura.","in stock","new","7.65 EUR","","https://aura-prestige.sumupstore.com/product/pack-2-bayetas-pva-splass","https://cdn.shopify.com/s/files/1/0958/5970/4190/files/1000074747.png","Laboncler","Packs"
"pack-doble-fregona-trapeadora-magica","PACK DOBLE FREGONA TRAPEADORA MÁGICA","""La TRAPEADORA"" de Laboncler 
Fabricada bajo los estándares de calidad más rigurosos del mercado, para conseguir un rendimiento único....
Sus cintas de microfibra con medidas y tejidos especiales Abarcan más superficie...
 (200 gramos de Fibra pura ) 
NO PESA , NO RAYA Y ESCURRE DE MANERA IDÓNEA
Dejando nuestros suelos con un brillo destellante.
SU RESISTENCIA Y VERSATILIDAD es indiscutible...
Si tienes Plaqueta, Parquet, Suelo vinílico, Porcelánico o cerámico.
ESTA ES LA FREGONA QUE NECESITAS.
 APUESTA POR UNA LIMPIEZA SIN HUELLAS 
¡¡ Si es bueno... es de Laboncler !!","in stock","new","11.00 EUR","","https://aura-prestige.sumupstore.com/product/pack-doble-fregona-trapeadora-magica","https://cdn.shopify.com/s/files/1/0958/5970/4190/files/doble-trapeadora.jpg","Laboncler","Packs"
"pack-doble-fregona-optimus-360","PACK DOBLE FREGONA OPTIMUS 960","PACK DE 2 FREGONAS  ÓPTIMUS 960 DE LABONCLER 
La más alta calidad en el mundo del fregado.
La fregona Óptimus 960 de Laboncler, está fabricada bajo los estándares de calidad más rigurosos del mercado...
Para conseguir un rendimiento único.
Millones de hilos de MICROFIBRA NATURAL agrupados en un cordón de DOBLE TORSIÓN para unos resultados impecables...
 (250 gramos de Fibra pura) 
Su capacidad de ABSORCIÓN es de hasta 1.2 litros.
Su RESISTENCIA es inigualable.
Su ESCURRIDO es óptimo.
Apta para todo tipo de suelos:
Siendo idónea para MARMOL, GRES, TERRAZO, RESINA, LINOLEOS, LAMINADOS, BALDOSAS E HIDRAÚLICOS.
 APUESTA POR UNA LIMPIEZA SIN HUELLAS. 
¡¡ Si es bueno... es de Laboncler !!","in stock","new","11.00 EUR","","https://aura-prestige.sumupstore.com/product/pack-doble-fregona-optimus-960","https://cdn.shopify.com/s/files/1/0958/5970/4190/files/LBC-Pack-Doble-Optimus-360.jpg","Laboncler","Packs"
"pack-fregonas-optimus-360trapeadora","PACK DOBLE FREGONA OPTIMUS 960+TRAPEADORA","LA ÓPTIMUS 960 DE LABONCLER 
La más alta calidad en el mundo del fregado.
La fregona Óptimus 960 de Laboncler, está fabricada bajo los estándares de calidad más rigurosos del mercado...
Para conseguir un rendimiento único.
Millones de hilos de MICROFIBRA NATURAL agrupados en un cordón de DOBLE TORSIÓN para unos resultados impecables...
 (250 gramos de Fibra pura) 
Su capacidad de ABSORCIÓN es de hasta 1.2 litros.
Su RESISTENCIA es inigualable.
Su ESCURRIDO es óptimo.
Apta para todo tipo de suelos:
Siendo idónea para MARMOL, GRES, TERRAZO, RESINA, LINOLEOS, LAMINADOS, BALDOSAS E HIDRAÚLICOS.
APUESTA POR UNA LIMPIEZA SIN HUELLAS.
 ""La TRAPEADORA"" de Laboncler 
Fabricada bajo los estándares de calidad más rigurosos del mercado, para conseguir un rendimiento único....
Sus cintas de microfibra con medidas y tejidos especiales Abarcan más superficie...
 (200 gramos de Fibra pura ) 
NO PESA , NO RAYA Y ESCURRE DE MANERA IDÓNEA
Dejando nuestros suelos con un brillo destellante.
SU RESISTENCIA Y VERSATILIDAD es indiscutible...
Si tienes Plaqueta, Parquet, Suelo vinílico, Porcelánico o cerámico.
ESTA ES LA FREGONA QUE NECESITAS.
APUESTA POR UNA LIMPIEZA SIN HUELLAS
¡¡ Si es bueno... es de Laboncler !!","in stock","new","11.00 EUR","","https://aura-prestige.sumupstore.com/product/pack-doble-fregona-optimus-960-trapeadora","https://cdn.shopify.com/s/files/1/0958/5970/4190/files/LBC-Pack-Doble-OptimusTrapeadora.jpg","Laboncler","Packs"
"fregona-trapeadora-magica","FREGONA TRAPEADORA MÁGICA","""LA TRAPEADORA"" de Laboncler 
Fabricada bajo los estándares de calidad más rigurosos del mercado, para conseguir un rendimiento único....
Sus cintas de microfibra con medidas y tejidos especiales Abarcan más superficie...
 (200 gramos de Fibra pura ) 
NO PESA , NO RAYA Y ESCURRE DE MANERA IDÓNEA.
Dejando nuestros suelos con un brillo destellante.
SU RESISTENCIA Y VERSATILIDAD es indiscutible...
Si tienes Plaqueta, Parquet, Suelo vinílico, Porcelánico o cerámico.
ESTA ES LA FREGONA QUE NECESITAS.
 APUESTA POR UNA LIMPIEZA SIN HUELLAS. 
¡¡ Si es bueno... es de Laboncler !!","in stock","new","6.55 EUR","","https://aura-prestige.sumupstore.com/product/fregona-trapeadora-magica","https://cdn.shopify.com/s/files/1/0958/5970/4190/files/trapeadora.jpg","Laboncler","Hogar"
"fregona-optimus-360","FREGONA OPTIMUS 960","LA ÓPTIMUS 960 DE LABONCLER 
La más alta calidad en el mundo del fregado.
La fregona Óptimus 960 de Laboncler, está fabricada bajo los estándares de calidad más rigurosos del mercado...
Para conseguir un rendimiento único.
Millones de hilos de MICROFIBRA NATURAL agrupados en un cordón de DOBLE TORSIÓN para unos resultados impecables...
 (250 gramos de Fibra pura ) 
Su capacidad de ABSORCIÓN es de hasta 1.2 litros.
Su RESISTENCIA es inigualable.
Su ESCURRIDO es óptimo.
Apta para todo tipo de suelos:
Siendo idónea para MARMOL, GRES, TERRAZO, RESINA, LINOLEOS, LAMINADOS, BALDOSAS E HIDRAÚLICOS.
 APUESTA POR UNA LIMPIEZA SIN HUELLAS. 
¡¡ Si es bueno... es de Laboncler !!","in stock","new","6.55 EUR","","https://aura-prestige.sumupstore.com/product/fregona-optimus-960","https://cdn.shopify.com/s/files/1/0958/5970/4190/files/LBC-Optimus-360.jpg","Laboncler","Hogar"
"bolsa-para-lavadora","BOLSA PARA LAVADORA","Protege tus prendas delicadas. NUEVO MODELO ! 
 Ecológica y capturadora de microplásticos.
 Fabricada con materiales de poliéster reutilizables y respirables, sanos y limpios.
 Permite dispensar el detergente y el agua fácilmente para una limpieza óptima.
 No sólo para lavar y secar la ropa, sino que también se puede usar como bolsa diaria o de viaje, para guardar ropa, calcetines, ropa interior...
 Resistente a la lejía y a los detergentes. Malla permeable, evita golpes y desgastes.
 Tamaño 40x50 cm","in stock","new","2.86 EUR","2.60 EUR","https://aura-prestige.sumupstore.com/product/bolsa-para-lavadora","https://cdn.shopify.com/s/files/1/0958/5970/4190/files/bolsa-lavadora-2.jpg","Laboncler","Hogar"
"perfume-hombre-703","Perfume Hombre 703","Perfume de equivalencia de hombre.
 Notas de Salida: Geranio.
 Notas de Corazón: Haba Tonka.
 Notas de Fondo: Sándalo.

Opciones disponibles: 30ml
Indícanos la opción que quieres al hacer el pedido.","in stock","new","6.95 EUR","","https://aura-prestige.sumupstore.com/product/perfume-hombre-703","https://cdn.shopify.com/s/files/1/0958/5970/4190/files/perfume-hombre-24_3b427875-932e-4704-8adc-bf3f909c012b.jpg","Laboncler","Perfumes · Hombre"
"perfume-mujer-754","Perfume Mujer 754","Perfume de equivalencia de mujer.
 Notas de Salida: Flor del Peral, Bayas Rojas y Mandarina Italiana.
 Notas de Corazón: Gardenia, Jazmín y Frangipani (Plumeria, Plumaria, Atapaima).
 Notas de Fondo: Azúcar Moreno y Pachulí.

Opciones disponibles: 100ml
Indícanos la opción que quieres al hacer el pedido.","in stock","new","14.95 EUR","","https://aura-prestige.sumupstore.com/product/perfume-mujer-754","https://cdn.shopify.com/s/files/1/0958/5970/4190/files/perfume-mujer-24_5c4a6635-92e9-494f-bb5b-6f06d0c1880d.jpg","Laboncler","Perfumes · Mujer"
"perfume-mujer-753","Perfume Mujer 753","Perfume de equivalencia de mujer.
 Notas de Salida: Toronja (Pomelo), Rosada, Lichi Rosa y Pimienta Rosa.
 Notas de Corazón: Peonía, Rosa de Damasco y Jazmín.
 Notas de Fondo: Cedro, Musgo y Madera de Cachemira.","out of stock","new","6.95 EUR","","https://aura-prestige.sumupstore.com/product/perfume-mujer-753","https://cdn.shopify.com/s/files/1/0958/5970/4190/files/perfume-mujer-24_b2828063-63da-4e5d-bd62-bcb9639039a3.jpg","Laboncler","Perfumes · Mujer"
"eco-pack-detergente-gel-activo-labonclersuavizante-blume-poison-laboncler-eco-jin-neutro-y-difusor","ECO-PACK DETERGENTE Gel Activo Laboncler+SUAVIZANTE Blume Poison Laboncler+ ECO-JIN 1L Aroma a elegir CON DIFUSOR","💥💥 NUEVO ECO PACK AHORRO 💥💥
La poderosa fuerza de nuestro detergente GEL ACTIVADO (3litros)
Y el aroma y cuidado inconfundible de nuestro suavizante BLUME POISON (3litros)
Junto a ECO-JIN En el aroma que tú elijas + Difusor.
Un trío que garantiza la limpieza y la salubridad de todos tus tejidos.
 (Para textiles recuerda que recomendamos ECO-JIN neutro ya que no contiene ningún tipo de colorantes)

Opciones disponibles: GLOW · HOME · INTENSE · NEUTRO · SPA · ICE-MINT
Indícanos la opción que quieres al hacer el pedido.","in stock","new","43.90 EUR","","https://aura-prestige.sumupstore.com/product/eco-pack-detergente-gel-activo-laboncler-suavizante-blume-poison-laboncler-eco-jin-1l-aroma-a-elegir-con-difusor","https://cdn.shopify.com/s/files/1/0958/5970/4190/files/ECO-PACK-ECO-Y-DETERGENTE-Y-SUAVIZANTE.jpg","Laboncler","Packs"
"suavizante-blume-poison-laboncler","SUAVIZANTE Blume Poison Laboncler","..... NUEVO SUAVIZANTE LABONCLER ..... 
 🍓AROMA EXCLUSIVO A FLOR DE CEREZO Y FRESA JEWEL🍓  
El suavizante Premium de Laboncler consigue una colada suave, esponjosa, con volumen y extra perfumada...
Gracias a sus tensioactivos catiónicos que se adhieren a los tejidos proporcionando una calidad insuperable...
Es el Suavizante más fresco y perfumado del mercado 🥰
Con microcapsulas de fragancia prolongada.
Hasta 9 semanas de aroma y cuidado inconfundible.
Dile adiós a los perfumadores extras.
¡¡¡ Además es 100% Biodegradable !!! y Cruelty Free ( No Testamos en animales )
🍓 Formato 3 litros 
 🍓 Protege contra el moho 
 🍓 Promueve un secado rápido 
 🍓 Hace más fácil el planchado 
 🍓 Mantiene el color y el brillo de tus prendas 
 🍓 A 0.37 céntimos el lavado ( hasta 8 kilos) 
 🍓 Ideal para personas con piel atópica 
HAZME CASO, FROTA TUS PRENDAS UNA VEZ SECAS PARA ROPER SUS MICROCAPSULAS Y SENTIR VEZ TRAS OTRA SU IMPRESIONANTE PERFUME 😍
75 ml (3/4 de tapón) bastan para una colada de hasta 8 kilos Súper perfumada y libre de malos olores.
Este es el Suavizante Premium por excelencia que marcará un antes y un después en el mundo de tu lavadora 🥰
Y por supuesto es... de Laboncler.","in stock","new","16.46 EUR","","https://aura-prestige.sumupstore.com/product/suavizante-blume-poison-laboncler","https://cdn.shopify.com/s/files/1/0958/5970/4190/files/suavizante-nuevo.jpg","Laboncler","Hogar"
"detergente-gel-activo-laboncler","DETERGENTE Gel Activo Laboncler","..... NUEVO DETERGENTE LABONCLER ..... 
El nuevo "" Gel Activo "" de Laboncler es un detergente Premium exclusivo, líquido, para lavar ropa Blanca y de Color, con un aroma SUPER FRESCO, MARINO...
Los ingredientes activados de su fórmula genuina, penetra las fibras profundamente y permite pre tratar y remover manchas desde las más comunes hasta las más difíciles....
Gracias a su tecnología te ofrece una limpieza hiper eficaz, cuidando de tu ropa desde la primera lavada, disolviendo tintas, grasas, sudor y todo tipo de suciedades...
(Imagínatelo en conjunción con ECO-JIN)
Un absoluto icono de limpieza.
Contiene agentes Blanqueantes ópticos.
Sus tensioactivos limpiadores son Los más altos y peptizantes del mercado eso le confiere un poder de arrastre único.
¡¡¡ Además es 100% Biodegradable !!! Y Cruelty Free ( No Testamos en animales )
💧 Formato 3 litros ( Mínimo 42 lavados) 
 💧 Cuida tus prendas 
 💧 Limpia en profundidad 
 💧 Previene de la cal 
 💧 No deja residuos en tu lavadora 
 💧 Crea una barrera antimanchas 
 💧 A 0.35 céntimos el lavado (Hasta 8 kilos) 
SIN DUDA UN DETERGENTE FUERA DE LO COMÚN... UN DETERGENTE QUE OFRECE RENTABILIDAD, LIMPIEZA Y CALIDAD SIN COMPETENCIA...
Por supuesto es... de Laboncler.","in stock","new","16.46 EUR","","https://aura-prestige.sumupstore.com/product/detergente-gel-activo-laboncler","https://cdn.shopify.com/s/files/1/0958/5970/4190/files/detergente-nuevo.jpg","Laboncler","Hogar"
"perfume-mujer-94","Perfume Mujer 94","Perfume de equivalencia de mujer.

Opciones disponibles: 100ml
Indícanos la opción que quieres al hacer el pedido.","in stock","new","14.95 EUR","","https://aura-prestige.sumupstore.com/product/perfume-mujer-94","https://cdn.shopify.com/s/files/1/0958/5970/4190/files/perfume-mujer-24_83d2b509-cc91-4187-bb5a-9ef539b8bc4a.jpg","Laboncler","Perfumes · Mujer"
"bayeta-de-doble-cara-laboncler","Bayeta de DOBLE CARA Laboncler","1 Bayeta / Paño microfibra Sanitario 35 x 30 cm
Bayeta de 2 caras:
Una de suave micro-fibra natural para un secado y acabado perfectos y otra de un material arrastrante tipo estropajo suave, perfecto para una limpieza más exhaustiva.
Esta bayeta es apta para todo tipo de superficies siendo ideal para las piezas del cuarto de baño, porcelanas, grifería, cristales y espejos, metales y maderas...
Poliester, Poliamida y Nailon súper resistentes.
(No admite planchado ni lavado a más de 60 grados)
1 Unidad.","in stock","new","3.08 EUR","","https://aura-prestige.sumupstore.com/product/bayeta-de-doble-cara-laboncler","https://cdn.shopify.com/s/files/1/0958/5970/4190/files/1000074759.png","Laboncler","Hogar"
"eco-jin-intense-5-litros","Eco-Jin INTENSE BIDÓN 5 Litros","NUEVO ECO-JIN INTENSE 5 Litros , aroma a CÍTRICA CIDRA Y NARANJA PÉRSICA ENTRELAZADOS CON LA MAJESTUOSA FRAGANCIA DEL JABÓN DE MARSELLA.
Incluye 3 Dosificadores o 3 Bayetas y 3 Estropajos a tu elección.
 ECO-JIN , no emite vapores tóxicos, no contiene sulfatos, ni compuestos de amonio, ni amoniacos, ni ftalatos, ni lejías...
Viene altamente concentrado.
Hay que diluirlo en agua.
Por eso lo entregamos con su botella medidora/diluidora.
De cada litro de concentrado salen 15 LITROS de producto listo para su uso.
Es una maravilla para todo...
Suelos, espejos, cristales, aseo, cocina, muebles, lavadora, ropa, tapicerías,
grasa acumulada, planchas, freidoras, campanas, manchas dificiles,
chicles, pegamento y pintura en la ropa...
Sus tensoactivos cuidan todo tipo de superficies y hacen que estén más limpias, por más tiempo.
¡¡ Su precio y rentabilidad es lo mejor !!
Nota: El modelo de la pistola difusora puede variar, dependiendo de existencias.
 EL DIFUSOR ES NECESARIO PARA HACER LA CORRECTA DISOLUCION CON AGUA PARA SU USO.

Opciones disponibles: Lo quiero con DIFUSORES · No quiero difusores, prefiero BAYETAS y ESTROPAJOS
Indícanos la opción que quieres al hacer el pedido.","in stock","new","60.39 EUR","","https://aura-prestige.sumupstore.com/product/eco-jin-intense-bidon-5-litros","https://cdn.shopify.com/s/files/1/0958/5970/4190/files/INTENSE-5L.jpg","Laboncler","ECO-JIN Multiusos"
"eco-jin-intense-1-litro","Eco-Jin INTENSE 1 Litro","ECO-JIN INTENSE 1 Litro , aroma a CÍTRICA CIDRA Y NARANJA PÉRSICA ENTRELAZADOS CON LA MAJESTUOSA FRAGANCIA DEL JABÓN DE MARSELLA.
Incluye 1 Dosificador o Bayeta y Estropajo a tu elección.
ECO-JIN no emite vapores tóxicos, no contiene sulfatos,
ni compuestos de amonio, ni amoniacos, ni ftalatos, ni lejías...
Viene altamente concentrado.
Hay que diluirlo en agua.
Por eso lo entregamos con su botella medidora/diluidora.
De cada litro de concentrado
salen 15 LITROS de producto listo para su uso.
Es una maravilla para todo...
Suelos,espejos, cristales, aseo, cocina, muebles, lavadora, ropa, tapicerías,
grasa acumulada, planchas, freidoras, campanas, manchas dificiles,
chicles, pegamento y pintura en la ropa...
Sus tensoactivos cuidan todo tipo de superficies y hacen que estén más limpias, por más tiempo.
¡¡ Su precio y rentabilidad es lo mejor !!
Nota: El modelo de la pistola difusora puede variar, dependiendo de existencias.
 EL DIFUSOR ES NECESARIO PARA HACER LA CORRECTA DISOLUCION CON AGUA PARA SU USO.

Opciones disponibles: Lo quiero con DIFUSOR · No quiero difusor, prefiero BAYETA y ESTROPAJO
Indícanos la opción que quieres al hacer el pedido.","in stock","new","16.46 EUR","","https://aura-prestige.sumupstore.com/product/eco-jin-intense-1-litro","https://cdn.shopify.com/s/files/1/0958/5970/4190/files/INTENSE-1L.jpg","Laboncler","ECO-JIN Multiusos"
"rasqueta-limpiacristales","Rasqueta Limpiacristales","Rasqueta limpiacristales:
 Ideal para limpieza de cuarto de baño, mamparas, cristales en general y espejos.
 Ligera, flexible y con soporte para su comodo acceso
 Medida (anchoxlargo): 25x20,3
 Soporte: Polipropileno -Lamina: Termoplástica
 Es un producto ligero y fácil de transportar que será un buen aliado para la limpieza de cristales y mamparas. 
 Se recomienda su uso después de cada ducha, cuando los cristales están mojados y así eliminar los restos de agua y evitar que queden marcas. 
 Se trata de una rasqueta de plástico monopieza con inyección de caucho TPR bimateria. Con esas características se consigue un mayor confort en el agarre y una mejora de rendimiento en la limpieza. 
 Lleva incorporada una ventosa, a la que se acopla la rasqueta, para poder ubicarla en zonas donde más se pueden necesitar como por ejemplo en la mampara de la ducha. Podrás realizar una limpieza rápida y cómoda en un momento, para empezar debes realizar un movimiento uniforme de desplazamiento, tanto horizontal como vertical para ayuda a obtener un mejor resultado en su limpieza. 
 Ayudará a retirar mejor la suciedad y proceder al secado de forma rápida. Deja los cristales secos y relucientes después de cada uso.","in stock","new","5.50 EUR","","https://aura-prestige.sumupstore.com/product/rasqueta-limpiacristales","https://cdn.shopify.com/s/files/1/0958/5970/4190/files/1000074761.png","Laboncler","Hogar"
"perfume-unisex-752","Perfume Unisex 752 Laboncler Island Water","Perfume Exclusivo Laboncler Island Water. Unisex.","out of stock","new","6.95 EUR","","https://aura-prestige.sumupstore.com/product/perfume-unisex-752-laboncler-island-water","https://cdn.shopify.com/s/files/1/0958/5970/4190/files/perfume-mujer-24_89f578f0-6991-440d-bf69-5d1343699052.jpg","Laboncler","Perfumes · Hombre"
"perfume-mujer-751","Perfume Mujer 256","Perfume de equivalencia de mujer.
 Notas de Salida: Mango y Bergamota.
 Notas de Corazón: Jazmín e Incienso de Olíbano (Franquincienso).
 Notas de Fondo: Vainilla y Sándalo.

Opciones disponibles: 100ml · 30ml
Indícanos la opción que quieres al hacer el pedido.","in stock","new","6.95 EUR","","https://aura-prestige.sumupstore.com/product/perfume-mujer-256","https://cdn.shopify.com/s/files/1/0958/5970/4190/files/perfume-mujer-24_c2af68ed-5628-4580-962a-36f36dabcdd1.jpg","Laboncler","Perfumes · Mujer"
"perfume-hombre-700","Perfume hombre 579","Perfume hombre de equivalencia.
  Notas de Salida: Lavanda, Entusiasmo de Limón y Limón de Amalfi (Lima de Amalfi).
 Notas de Corazón: Lavanda, Notas Terrosas, Humo, Manzana y Pachulí.
 Notas de Fondo: Vainilla, Lavanda y Vetiver.

Opciones disponibles: 100ml · 30ml
Indícanos la opción que quieres al hacer el pedido.","in stock","new","6.95 EUR","","https://aura-prestige.sumupstore.com/product/perfume-hombre-579","https://cdn.shopify.com/s/files/1/0958/5970/4190/files/perfume-hombre-24_3f46ecf0-9ca0-42f2-a96a-61f5de0ccff0.jpg","Laboncler","Perfumes · Hombre"
"pistola-doble-funcion","PISTOLA Doble función","NUEVA PISTOLA DOBLE FUNCIÓN
ECO-JIN
⭐ Pestaña abierta:
MODO NORMAL
(Pulverización líquida)
Para todo tipo de superficies y tejidos.
⭐ Pestaña cerrada:
MODO ESPUMA CONCENTRADA
(Pulverización espumosa)
Para superficies resbaladizas, tipo pomos de puertas, aceros, campanas, piezas del cuarto de baño y tejidos con manchas muy adheridas.
 ESTE ARTÍCULO SÓLO ES LA PISTOLA PULVERIZADORA 
Nota:  Este artículo no da puntos.","in stock","new","1.10 EUR","","https://aura-prestige.sumupstore.com/product/pistola-doble-funcion","https://cdn.shopify.com/s/files/1/0958/5970/4190/files/1000073531.png","Laboncler","ECO-JIN Multiusos"
"eco-jin-1-litro-aroma-elegir-sin-difusor","Eco-Jin 1 Litro Aroma a elegir SIN DIFUSOR","ESTE ARTICULO SOLO CONTIENE EL PRODUCTO CONCENTRADO, SIN DIFUSOR. 
 SELECCIONA EL AROMA QUE QUIERES COMPRAR: 
 NEUTRO: SIN COLOR NI OLOR. 
 SPA: COLOR AZUL, AROMA FRESCO SPA. 
 HOME: COLOR ROSA, AROMA A TALCO Y FLORES BLANCAS. 
 INTENSE: COLOR AMARILLO, AROMA CÍTRICA CIDRA Y NARANJA PÉRSICA ENTRELAZADOS CON LA MAJESTUOSA FRAGANCIA DEL JABÓN DE MARSELLA. 
 GLOW: COLOR LILA, AROMA FLORES LILAS, VIOLETAS, JAZMIN SAMBAC Y ALMIZCLE PURO. 
 EL DIFUSOR ES NECESARIO PARA HACER LA CORRECTA DISOLUCION CON AGUA PARA SU USO. 
ECO-JIN no emite vapores tóxicos, no contiene sulfatos, ni compuestos de amonio, ni amoniacos, ni ftalatos, ni lejías...
Viene altamente concentrado.
Hay que diluirlo en agua.
De cada litro de concentrado salen 15 LITROS de producto listo para su uso.
Es una maravilla para todo...
Suelos, espejos, cristales, aseo, cocina, muebles, lavadora, ropa, tapicerías,
grasa acumulada, planchas, freidoras, campanas, manchas dificiles,
chicles, pegamento y pintura en la ropa...
Sus tensoactivos cuidan todo tipo de superficies y hacen que estén más limpias, por más tiempo.
¡¡ Su precio y rentabilidad es lo mejor !!
more

Opciones disponibles: GLOW · HOME · INTENSE · NEUTRO · SPA · ICE-MINT
Indícanos la opción que quieres al hacer el pedido.","in stock","new","14.85 EUR","","https://aura-prestige.sumupstore.com/product/eco-jin-1-litro-aroma-a-elegir-sin-difusor","https://cdn.shopify.com/s/files/1/0958/5970/4190/files/sin_difusor_ice_mint.jpg","Laboncler","ECO-JIN Multiusos"
"aceite-esencia-aires-de-provenza-concentrado","Aceite Esencia Aires de Provenza Concentrado","Aceite hidrosoluble puro de Aires de provenza. 
Bruma de ambiente apta para Humidificadores y Quemadores de Esencias . No válido para Lámpara Catálitica. 
Esencia de perfume ultraconcentrada.
 Máxima concentración sin diluir. 
Este producto viene en cristal topacio para prevenir la oxidación por luz que sufren los aceites y fragancias puras.
 Dosificación: 1 gota x 20ml de agua. La dosis para nuestro Humidificador Cecotec es de 50 gotas x Litro de agua. 
Contenido: 10ml","in stock","new","3.85 EUR","","https://aura-prestige.sumupstore.com/product/aceite-esencia-aires-de-provenza-concentrado","https://cdn.shopify.com/s/files/1/0958/5970/4190/files/1000073534.png","Laboncler","Ambientación · Humidificador"
"recambio-mopa-autolimp-plus","RECAMBIO Mopa Autolimp Plus","Recambio para uso exclusivo de la Mopa Autolimp PLUS. 
 NO ES VÁLIDO PARA LA MOPA MÁGICA (modelo anterior).
No meter en lavadora.
No utilizar lejía, amoníaco ni suavizante para su limpieza. Utilizar agua con jabón o Eco-Jin.
1 unidad.","in stock","new","6.06 EUR","","https://aura-prestige.sumupstore.com/product/recambio-mopa-autolimp-plus","https://cdn.shopify.com/s/files/1/0958/5970/4190/files/1000074766.png","Laboncler","Hogar"
"esencia-neutra-limpiadora-mechas","ESENCIA NEUTRA LIMPIADORA MECHAS 200ML","Líquido para limpiar mechas de lámparas catalíticas.
 Ideal para cambios de fragancia sin sustituir la mecha. 
Mantiene sus propiedades purificadoras en el aire sin fragancia.
Envase de P.E.T. con tapón de aluminio.
Contenido 200ml.","in stock","new","9.80 EUR","","https://aura-prestige.sumupstore.com/product/esencia-neutra-limpiadora-mechas-200ml","https://cdn.shopify.com/s/files/1/0958/5970/4190/files/NEUTRO-200.jpg","Laboncler","Ambientación · Esencias"
"aceite-esencia-sweet-lemon-concentrada","Aceite Esencia Sweet Lemon Concentrada","Aceite hidrosoluble puro de Limón Dulce.
Bruma de ambiente apta para Humidificadores y Quemadores de Esencias. No válido para Lámpara Catálitica . 
Esencia de perfume ultraconcentrada.
 Máxima concentración sin diluir. 
Este producto viene en cristal topacio para prevenir la oxidación por luz que sufren los aceites y fragancias puras.
 Dosificación: 1 gota x 20ml de agua. La dosis para nuestro Humidificador Cecotec es de 50 gotas x Litro de agua. 
Contenido: 10ml","in stock","new","3.85 EUR","","https://aura-prestige.sumupstore.com/product/aceite-esencia-sweet-lemon-concentrada","https://cdn.shopify.com/s/files/1/0958/5970/4190/files/1000072752.png","Laboncler","Ambientación · Humidificador"
"aceite-esencia-mango-concentrada","Aceite Esencia Mango Concentrada","Aceite hidrosoluble puro de Mango.
Bruma de ambiente apta para Humidificadores y Quemadores de Esencias. No válido para Lámpara Catálitica. 
Esencia de perfume ultraconcentrada.
 Máxima concentración sin diluir. 
Este producto viene en cristal topacio para prevenir la oxidación por luz que sufren los aceites y fragancias puras.
 Dosificación: 1 gota x 20ml de agua. La dosis para nuestro Humidificador Cecotec es de 50 gotas x Litro de agua. 
Contenido: 10ml","in stock","new","3.85 EUR","","https://aura-prestige.sumupstore.com/product/aceite-esencia-mango-concentrada","https://cdn.shopify.com/s/files/1/0958/5970/4190/files/1000072748.png","Laboncler","Ambientación · Humidificador"
"aceite-esencia-lavanda-concentrada","Aceite Esencia Lavanda Concentrada","Aceite hidrosoluble puro de Lavanda.
Bruma de ambiente apta para Humidificadores y Quemadores de Esencias. No válido para Lámpara Catálitica. 
Esencia de perfume ultraconcentrada.
 Máxima concentración sin diluir. 
Este producto viene en cristal topacio para prevenir la oxidación por luz que sufren los aceites y fragancias puras.
 Dosificación: 1 gota x 20ml de agua. La dosis para nuestro Humidificador Cecotec es de 50 gotas x Litro de agua. 
Contenido: 10ml","in stock","new","3.85 EUR","","https://aura-prestige.sumupstore.com/product/aceite-esencia-lavanda-concentrada","https://cdn.shopify.com/s/files/1/0958/5970/4190/files/1000072746.png","Laboncler","Ambientación · Humidificador"
"aceite-esencia-infantil-concentrada","Aceite Esencia Infantil Concentrada","Aceite hidrosoluble puro Infantil. Colonia bebé.
Bruma de ambiente apta para Humidificadores y Quemadores de Esencias. No válido para Lámpara Catálitica. 
Esencia de perfume ultraconcentrada.
 Máxima concentración sin diluir. 
Este producto viene en cristal topacio para prevenir la oxidación por luz que sufren los aceites y fragancias puras.
 Dosificación: 1 gota x 20ml de agua. La dosis para nuestro Humidificador Cecotec es de 50 gotas x Litro de agua. 
Contenido: 10ml","in stock","new","3.85 EUR","","https://aura-prestige.sumupstore.com/product/aceite-esencia-infantil-concentrada","https://cdn.shopify.com/s/files/1/0958/5970/4190/files/1000072745.png","Laboncler","Ambientación · Humidificador"
"aceite-esencia-frutos-rojos-concentrada","Aceite Esencia Frutos Rojos Concentrada","Aceite hidrosoluble puro de Frutos Rojos.
Bruma de ambiente apta para Humidificadores y Quemadores de Esencias. No válido para Lámpara Catálitica. 
Esencia de perfume ultraconcentrada.
 Máxima concentración sin diluir. 
Este producto viene en cristal topacio para prevenir la oxidación por luz que sufren los aceites y fragancias puras.
 Dosificación: 1 gota x 20ml de agua. La dosis para nuestro Humidificador Cecotec es de 50 gotas x Litro de agua. 
Contenido: 10ml","in stock","new","3.85 EUR","","https://aura-prestige.sumupstore.com/product/aceite-esencia-frutos-rojos-concentrada","https://cdn.shopify.com/s/files/1/0958/5970/4190/files/1000072747.png","Laboncler","Ambientación · Humidificador"
"aceite-esencia-dama-de-noche-concentrada","Aceite Esencia Dama de Noche Concentrada","Aceite hidrosoluble puro de Dama de Noche (Floral).
Bruma de ambiente apta para Humidificadores y Quemadores de Esencias. No válido para Lámpara Catálitica. 
Esencia de perfume ultraconcentrada.
 Máxima concentración sin diluir. 
Este producto viene en cristal topacio para prevenir la oxidación por luz que sufren los aceites y fragancias puras.
 Dosificación: 1 gota x 20ml de agua. La dosis para nuestro Humidificador Cecotec es de 50 gotas x Litro de agua. 
Contenido: 10ml","in stock","new","3.85 EUR","","https://aura-prestige.sumupstore.com/product/aceite-esencia-dama-de-noche-concentrada","https://cdn.shopify.com/s/files/1/0958/5970/4190/files/1000072740.png","Laboncler","Ambientación · Humidificador"
"aceite-esencia-velvet-concentrada","Aceite Esencia Velvet Concentrada","Aceite hidrosoluble puro de Velvet (Talco).
Bruma de ambiente apta para Humidificadores y Quemadores de Esencias. No válido para Lámpara Catálitica. 
Esencia de perfume ultraconcentrada.
 Máxima concentración sin diluir. 
Este producto viene en cristal topacio para prevenir la oxidación por luz que sufren los aceites y fragancias puras.
 Dosificación: 1 gota x 20ml de agua. La dosis para nuestro Humidificador Cecotec es de 50 gotas x Litro de agua. 
Contenido: 10ml","in stock","new","3.85 EUR","","https://aura-prestige.sumupstore.com/product/aceite-esencia-velvet-concentrada","https://cdn.shopify.com/s/files/1/0958/5970/4190/files/1000072742.png","Laboncler","Ambientación · Humidificador"
"aceite-esencia-spa-concentrada","Aceite Esencia Spa Concentrada","Aceite hidrosoluble puro de Spa.
Bruma de ambiente apta para Humidificadores y Quemadores de Esencias. No válido para Lámpara Catálitica. 
Esencia de perfume ultraconcentrada.
 Máxima concentración sin diluir. 
Este producto viene en cristal topacio para prevenir la oxidación por luz que sufren los aceites y fragancias puras.
 Dosificación: 1 gota x 20ml de agua. La dosis para nuestro Humidificador Cecotec es de 50 gotas x Litro de agua. 
Contenido: 10ml","in stock","new","3.85 EUR","","https://aura-prestige.sumupstore.com/product/aceite-esencia-spa-concentrada","https://cdn.shopify.com/s/files/1/0958/5970/4190/files/1000072744.png","Laboncler","Ambientación · Humidificador"
"aceite-esencia-ropa-limpia-concentrada","Aceite Esencia Ropa Limpia Concentrada","Aceite hidrosoluble puro de Ropa Limpia.
Bruma de ambiente apta para Humidificadores y Quemadores de Esencias. No válido para Lámpara Catálitica. 
Esencia de perfume ultraconcentrada.
 Máxima concentración sin diluir. 
Este producto viene en cristal topacio para prevenir la oxidación por luz que sufren los aceites y fragancias puras.
 Dosificación: 1 gota x 20ml de agua. La dosis para nuestro Humidificador Cecotec es de 50 gotas x Litro de agua. 
Contenido: 10ml","in stock","new","3.85 EUR","","https://aura-prestige.sumupstore.com/product/aceite-esencia-ropa-limpia-concentrada","https://cdn.shopify.com/s/files/1/0958/5970/4190/files/1000072751.png","Laboncler","Ambientación · Humidificador"
"aceite-esencia-bouquet-concentrada","Aceite Esencia Bouquet Concentrada","Aceite hidrosoluble puro de Bouquet (Floral).
Bruma de ambiente apta para Humidificadores y Quemadores de Esencias. No válido para Lámpara Catálitica. 
Esencia de perfume ultraconcentrada.
 Máxima concentración sin diluir. 
Este producto viene en cristal topacio para prevenir la oxidación por luz que sufren los aceites y fragancias puras.
 Dosificación: 1 gota x 20ml de agua. La dosis para nuestro Humidificador Cecotec es de 50 gotas x Litro de agua. 
Contenido: 10ml","in stock","new","3.85 EUR","","https://aura-prestige.sumupstore.com/product/aceite-esencia-bouquet-concentrada","https://cdn.shopify.com/s/files/1/0958/5970/4190/files/1000072750.png","Laboncler","Ambientación · Humidificador"
"aceite-esencia-cereza-concentrada","Aceite Esencia Cereza Concentrada","Aceite hidrosoluble puro de Cereza.
Bruma de ambiente apta para Humidificadores y Quemadores de Esencias. No válido para Lámpara Catálitica. 
Esencia de perfume ultraconcentrada.
 Máxima concentración sin diluir. 
Este producto viene en cristal topacio para prevenir la oxidación por luz que sufren los aceites y fragancias puras.
 Dosificación: 1 gota x 20ml de agua. La dosis para nuestro Humidificador Cecotec es de 50 gotas x Litro de agua. 
Contenido: 10ml","in stock","new","3.85 EUR","","https://aura-prestige.sumupstore.com/product/aceite-esencia-cereza-concentrada","https://cdn.shopify.com/s/files/1/0958/5970/4190/files/1000072741.png","Laboncler","Ambientación · Humidificador"
"aceite-esencia-canela-y-vainilla-concentrada","Aceite Esencia Canela y Vainilla Concentrada","Aceite hidrosoluble puro de Canela y Vainilla. 
Bruma de ambiente apta para Humidificadores y Quemadores de Esencias. No válido para Lámpara Catálitica. 
Esencia de perfume ultraconcentrada.
 Máxima concentración sin diluir. 
Este producto viene en cristal topacio para prevenir la oxidación por luz que sufren los aceites y fragancias puras.
 Dosificación: 1 gota x 20ml de agua. La dosis para nuestro Humidificador Cecotec es de 50 gotas x Litro de agua. 
Contenido: 10ml","in stock","new","3.85 EUR","","https://aura-prestige.sumupstore.com/product/aceite-esencia-canela-y-vainilla-concentrada","https://cdn.shopify.com/s/files/1/0958/5970/4190/files/1000072754.png","Laboncler","Ambientación · Humidificador"
"aceite-esencia-canela-y-naranja-concentrada","Aceite Esencia Canela y Naranja Concentrada","Aceite hidrosoluble puro de Canela y Naranja. 
Bruma de ambiente apta para Humidificadores y Quemadores de Esencias. No válido para Lámpara Catálitica. 
Esencia de perfume ultraconcentrada.
 Máxima concentración sin diluir. 
Este producto viene en cristal topacio para prevenir la oxidación por luz que sufren los aceites y fragancias puras.
 Dosificación: 1 gota x 20ml de agua. La dosis para nuestro Humidificador Cecotec es de 50 gotas x Litro de agua. 
Contenido: 10ml","in stock","new","3.85 EUR","","https://aura-prestige.sumupstore.com/product/aceite-esencia-canela-y-naranja-concentrada","https://cdn.shopify.com/s/files/1/0958/5970/4190/files/1000072753.png","Laboncler","Ambientación · Humidificador"
"aceite-esencia-azahar-concentrada","Aceite Esencia Azahar Concentrada","Aceite hidrosoluble puro de Azahar. 
Bruma de ambiente apta para Humidificadores y Quemadores de Esencias. No válido para Lámpara Catálitica. 
Esencia de perfume ultraconcentrada.
 Máxima concentración sin diluir. 
Este producto viene en cristal topacio para prevenir la oxidación por luz que sufren los aceites y fragancias puras.
 Dosificación: 1 gota x 20ml de agua. La dosis para nuestro Humidificador Cecotec es de 50 gotas x Litro de agua. 
Contenido: 10ml","in stock","new","3.85 EUR","","https://aura-prestige.sumupstore.com/product/aceite-esencia-azahar-concentrada","https://cdn.shopify.com/s/files/1/0958/5970/4190/files/1000072755.png","Laboncler","Ambientación · Humidificador"
"aceite-esencia-algodon-concentrada","Aceite Esencia Algodón Concentrada","Aceite hidrosoluble puro de Algodón. 
Bruma de ambiente apta para Humidificadores y Quemadores de Esencias. No válido para Lámpara Catálitica. 
Esencia de perfume ultraconcentrada.
 Máxima concentración sin diluir. 
Este producto viene en cristal topacio para prevenir la oxidación por luz que sufren los aceites y fragancias puras.
 Dosificación: 1 gota x 20ml de agua. La dosis para nuestro Humidificador Cecotec es de 50 gotas x Litro de agua. 
Contenido: 10ml","in stock","new","3.85 EUR","","https://aura-prestige.sumupstore.com/product/aceite-esencia-algodon-concentrada","https://cdn.shopify.com/s/files/1/0958/5970/4190/files/1000072749.png","Laboncler","Ambientación · Humidificador"
"estropajo-con-esponja-3-und","Estropajo con Esponja (3 Und.)","Estropajo esponjoso de poliuretano, para una cómoda limpieza.
Colores aleatorios según stock.
 Set de 3 Unidades.","in stock","new","1.98 EUR","","https://aura-prestige.sumupstore.com/product/estropajo-con-esponja-3-und","https://cdn.shopify.com/s/files/1/0958/5970/4190/files/1000074768.png","Laboncler","Hogar"
"estropajo-jabonoso-3-und","Estropajo jabonoso (3 und.)","Estropajo de lana de aluminio con jabón seco natural.
Limpieza eficaz sin rallar.
 Set de 3 Unidades.","in stock","new","1.50 EUR","","https://aura-prestige.sumupstore.com/product/estropajo-jabonoso-3-und","https://cdn.shopify.com/s/files/1/0958/5970/4190/files/1000074769.png","Laboncler","Hogar"
"bayeta-microfibra","Bayeta Microfibra","Bayeta de Microfibra de 30x40 cm. Apta para la limpieza de todo tipo de superficies.
No deja pelusa.
Color aleatorio dependiendo del stock. (Verde, rosa, azul, naranja y amarillo)
 Precio Unidad.","in stock","new","0.99 EUR","","https://aura-prestige.sumupstore.com/product/bayeta-microfibra","https://cdn.shopify.com/s/files/1/0958/5970/4190/files/bayeta.jpg","Laboncler","Hogar"
"cepillo-para-juntas","Cepillo para juntas","Cómodo cepillo de silicona de alta calidad. 
 Con fibras de Nylon ultraresistentes a cualquier químico. 
 Para una l impieza eficaz de juntas de azulejos, pavimentos, esquinas y rincones. 
 ¡¡ La conjunción perfecta para Eco-Jin !! 
El color puede variar dependiendo del stock.","in stock","new","4.95 EUR","","https://aura-prestige.sumupstore.com/product/cepillo-para-juntas","https://cdn.shopify.com/s/files/1/0958/5970/4190/files/1000074775.png","Laboncler","Hogar"
"set-bayeta-y-estropajo-jabonoso","Set Bayeta y Estropajo Jabonoso","Set compuesto por, 1 Bayeta de microfibra de 30x40 cm y 1 estropajo de aluminio jabonoso.","in stock","new","1.76 EUR","","https://aura-prestige.sumupstore.com/product/set-bayeta-y-estropajo-jabonoso","https://cdn.shopify.com/s/files/1/0958/5970/4190/files/set-bayeta-y-estropajo.jpg","Laboncler","Packs"
"mecha-para-lampara-catalitica","Mecha para Lámpara Catalítica GRANDE 200ml","Cabezal cerámico + cordón para lámpara catalítica
Recambio para lámparas catalíticas.
 Para lámparas grandes (200ml) 
Cordón 100% algodón.","in stock","new","6.06 EUR","","https://aura-prestige.sumupstore.com/product/mecha-para-lampara-catalitica-grande-200ml","https://cdn.shopify.com/s/files/1/0958/5970/4190/files/MECHA-GRANDE.jpg","Laboncler","Ambientación · Lámparas"
"esencia-lollipop-500ml","ESENCIA LOLLIPOP 500ML","Recarga para Lámpara Catalítica aroma Caramelo de Cereza.
Envase de P.E.T. con tapón de aluminio.
Contenido 500ml.","in stock","new","16.39 EUR","","https://aura-prestige.sumupstore.com/product/esencia-lollipop-500ml","https://cdn.shopify.com/s/files/1/0958/5970/4190/files/LOLIPOP-500.jpg","Laboncler","Ambientación · Esencias"
"esencia-lavender-expression-500ml","ESENCIA LAVENDER EXPRESSION 500ML","Recarga para Lámpara Catalítica aroma Lavanda.
Envase de P.E.T. con tapón de aluminio.
Contenido 500ml.","in stock","new","16.39 EUR","","https://aura-prestige.sumupstore.com/product/esencia-lavender-expression-500ml","https://cdn.shopify.com/s/files/1/0958/5970/4190/files/LAVENDER-500.jpg","Laboncler","Ambientación · Esencias"
"esencia-bed-of-roses-500ml","ESENCIA BED OF ROSES 500ML","Recarga para Lámpara Catalítica aroma Rosas.
Envase de P.E.T. con tapón de aluminio.
Contenido 500ml.","in stock","new","16.39 EUR","","https://aura-prestige.sumupstore.com/product/esencia-bed-of-roses-500ml","https://cdn.shopify.com/s/files/1/0958/5970/4190/files/BED-ROSES-500.jpg","Laboncler","Ambientación · Esencias"
"esencia-mediterranean-light-500ml","ESENCIA MEDITERRANEAN LIGHT 500ML","Recarga para Lámpara Catalítica aroma Cítricos Mediterraneos.
Envase de P.E.T. con tapón de aluminio.
Contenido 500ml.","in stock","new","16.39 EUR","","https://aura-prestige.sumupstore.com/product/esencia-mediterranean-light-500ml","https://cdn.shopify.com/s/files/1/0958/5970/4190/files/MEDIT-500.jpg","Laboncler","Ambientación · Esencias"
"esencia-provence-breeze-500ml","ESENCIA PROVENCE BREEZE 500ML","Recarga para Lámpara Catalítica aroma Hierbas Provenzales.
Envase de P.E.T. con tapón de aluminio.
Contenido 500ml.","in stock","new","16.39 EUR","","https://aura-prestige.sumupstore.com/product/esencia-provence-breeze-500ml","https://cdn.shopify.com/s/files/1/0958/5970/4190/files/PROVENZAL-500.jpg","Laboncler","Ambientación · Esencias"
"esencia-summer-fruits-500ml","ESENCIA SUMMER FRUITS 500ML","Recarga para Lámpara Catalítica aroma Frutos Rojos.
Envase de P.E.T. con tapón de aluminio.
Contenido 500ml.","in stock","new","16.39 EUR","","https://aura-prestige.sumupstore.com/product/esencia-summer-fruits-500ml","https://cdn.shopify.com/s/files/1/0958/5970/4190/files/SUMMER-500.jpg","Laboncler","Ambientación · Esencias"
"esencia-waikiki-melon-500ml","ESENCIA WAIKIKI MELON 500ML","Recarga para Lámpara Catalítica aroma Melón.
Envase de P.E.T. con tapón de aluminio.
Contenido 500ml.","in stock","new","16.39 EUR","","https://aura-prestige.sumupstore.com/product/esencia-waikiki-melon-500ml","https://cdn.shopify.com/s/files/1/0958/5970/4190/files/MELON-500.jpg","Laboncler","Ambientación · Esencias"
"esencia-wild-strawberry-500ml","ESENCIA WILD STRAWBERRY 500ML","Recarga para Lámpara Catalítica aroma Fresas.
Envase de P.E.T. con tapón de aluminio.
Contenido 500ml.","in stock","new","16.39 EUR","","https://aura-prestige.sumupstore.com/product/esencia-wild-strawberry-500ml","https://cdn.shopify.com/s/files/1/0958/5970/4190/files/FRESA-500.jpg","Laboncler","Ambientación · Esencias"
"perfume-unisex-510","Perfume Unisex 510","Perfume UNISEX de equivalencia.
  Notas de Salida: Limón (lima ácida), Notas Verdes, Bergamota, Mandarina, Piña, Cardamomo y Papaya.
 Notas de Corazón: Lirio de los Valles (Muguete), Jazmín, Violeta, Rosa, Nuez Moscada, Raíz de Lirio y Fresia.
 Notas de Fondo: Acordes Verdes, Almizcle, Cedro, Sándalo, Musgo de Roble, Té Verde y Ámbar.

Opciones disponibles: 100ml · 30ml
Indícanos la opción que quieres al hacer el pedido.","in stock","new","6.95 EUR","","https://aura-prestige.sumupstore.com/product/perfume-unisex-510","https://cdn.shopify.com/s/files/1/0958/5970/4190/files/perfume-mujer-24_efcce378-2620-4cf9-833c-6347a93fe037.jpg","Laboncler","Perfumes · Hombre"
"perfume-mujer-290","Perfume Mujer 290","Perfume de equivalencia de mujer.
 Notas de Salida: Neroli y Mandarina
 Notas de Cabeza: Lavanda y Azahar
 Notas de Fondo: Vainilla y Ambar Gris.","out of stock","new","6.95 EUR","","https://aura-prestige.sumupstore.com/product/perfume-mujer-290","https://cdn.shopify.com/s/files/1/0958/5970/4190/files/perfume-mujer-24_29a1cdd1-7b2f-4732-a88a-c85c8959b264.jpg","Laboncler","Perfumes · Mujer"
"perfume-mujer-288","Perfume Mujer 288","Perfume de equivalencia de mujer.
 Notas de Salida: Pimienta Rosa, Flor de Azahar del Naranjo y Pera.
 Notas de Corazón: Café y Jazmín.
 Notas de Fondo: Vainilla, Pachulí y Cedro.

Opciones disponibles: 30ml
Indícanos la opción que quieres al hacer el pedido.","in stock","new","6.95 EUR","","https://aura-prestige.sumupstore.com/product/perfume-mujer-288","https://cdn.shopify.com/s/files/1/0958/5970/4190/files/perfume-mujer-24_c9517c67-7be4-4fa2-b48b-462acccec224.jpg","Laboncler","Perfumes · Mujer"
"perfume-mujer-282","Perfume Mujer 282","Perfume de equivalencia de mujer.
 Notas de Salida:  Granada, Yuzu y Notas Actuáticas.
 Notas de Corazón: Magnolia, Flor de Loto y Peonía.
 Notas de Fondo: Caoba, Almizcle y Ámbar.

Opciones disponibles: 100ml · 30ml
Indícanos la opción que quieres al hacer el pedido.","in stock","new","6.95 EUR","","https://aura-prestige.sumupstore.com/product/perfume-mujer-282","https://cdn.shopify.com/s/files/1/0958/5970/4190/files/perfume-mujer-24_104f93d0-4475-48e5-80b1-24d097f73ebc.jpg","Laboncler","Perfumes · Mujer"
"perfume-mujer-280","Perfume Mujer 280","Perfume de equivalencia de mujer.

Opciones disponibles: 100ml · 30ml
Indícanos la opción que quieres al hacer el pedido.","in stock","new","6.95 EUR","","https://aura-prestige.sumupstore.com/product/perfume-mujer-280","https://cdn.shopify.com/s/files/1/0958/5970/4190/files/perfume-mujer-24_45dc8d91-ce8b-4657-9097-1cefd44bb694.jpg","Laboncler","Perfumes · Mujer"
"perfume-mujer-247","Perfume Mujer 247","Perfume de equivalencia de mujer.

Opciones disponibles: 30ml
Indícanos la opción que quieres al hacer el pedido.","in stock","new","6.95 EUR","","https://aura-prestige.sumupstore.com/product/perfume-mujer-247","https://cdn.shopify.com/s/files/1/0958/5970/4190/files/perfume-mujer-24_3d5ce8c9-33f4-4fb9-9175-b1f6ca47e75c.jpg","Laboncler","Perfumes · Mujer"
"perfume-mujer-244","Perfume Mujer 244","Perfume de equivalencia de mujer.
 Notas de Salida:  Flor de Miel, Flor de Naranjo, Amberlyn y Vainilla.
 Notas de Corazón: lmizcle Solar y Almizcle Tactil.
 Notas de Fondo: Maderas.

Opciones disponibles: 100ml
Indícanos la opción que quieres al hacer el pedido.","in stock","new","14.95 EUR","","https://aura-prestige.sumupstore.com/product/perfume-mujer-244","https://cdn.shopify.com/s/files/1/0958/5970/4190/files/perfume-mujer-24_095978c8-b3c5-4d1b-8f39-f12b2a0a3ce6.jpg","Laboncler","Perfumes · Mujer"
"perfume-mujer-232","Perfume Mujer 232","Perfume de equivalencia de mujer.
 Notas de Salida:  Manzana, Pera, Durazno (Melocotón) y Naranja Amarga.
 Notas de Corazón: Jazmín Sambac (Sampaguita), Flor de Azahar del Naranjo, Té Verde, Heliotropo, Violeta y Rosa de Damasco.
 Notas de Fondo: Maderas Blancas, Ámbar y Cedro de Virginia.

Opciones disponibles: 100ml · 30ml
Indícanos la opción que quieres al hacer el pedido.","in stock","new","6.95 EUR","","https://aura-prestige.sumupstore.com/product/perfume-mujer-232","https://cdn.shopify.com/s/files/1/0958/5970/4190/files/perfume-mujer-24_97028b12-bd8a-453e-8637-a54ea66963d4.jpg","Laboncler","Perfumes · Mujer"
"perfume-mujer-231","Perfume Mujer 231","Perfume de equivalencia de mujer.

Opciones disponibles: 100ml
Indícanos la opción que quieres al hacer el pedido.","in stock","new","14.95 EUR","","https://aura-prestige.sumupstore.com/product/perfume-mujer-231","https://cdn.shopify.com/s/files/1/0958/5970/4190/files/perfume-mujer-24_1508a473-6c01-4fb1-abf8-cf96de628791.jpg","Laboncler","Perfumes · Mujer"
"perfume-mujer-229","Perfume Mujer 229","Perfume de equivalencia de mujer.
 Notas de Salida:  Pera, Bergamota y Pimienta Rosa.
 Notas de Corazón: Rosa y Jazmín.
 Notas de Fondo: Almizcle Blanco, Vainilla, Pachulí y Cedro.

Opciones disponibles: 100ml
Indícanos la opción que quieres al hacer el pedido.","in stock","new","14.95 EUR","","https://aura-prestige.sumupstore.com/product/perfume-mujer-229","https://cdn.shopify.com/s/files/1/0958/5970/4190/files/perfume-mujer-24_cf9e05d2-13a6-4674-814f-fbb255dfc0fa.jpg","Laboncler","Perfumes · Mujer"
"perfume-mujer-225","Perfume Mujer 225","Perfume de equivalencia de mujer.
 Notas de Salida:  Grosellas Negras y Pera.
 Notas de Corazón: Iris, Jazmín y Flor de Azahar del Naranjo.
 Notas de Fondo: Praliné, Vainilla, Pachulí y Haba Tonka.

Opciones disponibles: 100ml
Indícanos la opción que quieres al hacer el pedido.","in stock","new","14.95 EUR","","https://aura-prestige.sumupstore.com/product/perfume-mujer-225","https://cdn.shopify.com/s/files/1/0958/5970/4190/files/perfume-mujer-24_52773f3c-4020-46c5-a743-2480818058a4.jpg","Laboncler","Perfumes · Mujer"
"perfume-mujer-212","Perfume Mujer 212","Perfume de equivalencia de mujer.
 Notas de Salida:  Naranja Sanguina y Mandarina.
 Notas de Corazón: Miel, Gardenia, Flor de Azahar del Naranjo, Jazmín y Durazno (Melocotón).
 Notas de Fondo: Cera de Abeja, Caramelo, Pachulí y Regaliz.

Opciones disponibles: 100ml
Indícanos la opción que quieres al hacer el pedido.","in stock","new","14.95 EUR","","https://aura-prestige.sumupstore.com/product/perfume-mujer-212","https://cdn.shopify.com/s/files/1/0958/5970/4190/files/perfume-mujer-24_854ae190-9c39-4ee9-a6fc-584c4c977bd2.jpg","Laboncler","Perfumes · Mujer"
"perfume-mujer-188","Perfume Mujer 188","Perfume de equivalencia de mujer.
 Notas de Salida:  Flor De Azahar del Naranjo y Bergamota.
 Notas de Corazón: Nardos y Jazmín de la India.
 Notas de Fondo: Vainilla De Madagascar, Almizcle Blanco y Cedro de Virginia.

Opciones disponibles: 100ml · 30ml
Indícanos la opción que quieres al hacer el pedido.","in stock","new","6.95 EUR","","https://aura-prestige.sumupstore.com/product/perfume-mujer-188","https://cdn.shopify.com/s/files/1/0958/5970/4190/files/perfume-mujer-24_b513c0f7-c072-4790-a199-c3f99848be68.jpg","Laboncler","Perfumes · Mujer"
"perfume-mujer-186","Perfume Mujer 186","Perfume de equivalencia de mujer.
  Notas de Salida: Bergamota y Limón (Lima Ácida).
 Notas de Corazón: Anís Estrellado, Flor Del Olivo y Madera De Gaiac.
 Notas de Fondo: Cuero, Tabaco y Haba Tonka.

Opciones disponibles: 100ml · 30ml
Indícanos la opción que quieres al hacer el pedido.","in stock","new","6.95 EUR","","https://aura-prestige.sumupstore.com/product/perfume-mujer-186","https://cdn.shopify.com/s/files/1/0958/5970/4190/files/perfume-mujer-24_f0cb130d-2d5f-41f0-b0d7-81478a5de5d1.jpg","Laboncler","Perfumes · Mujer"
"perfume-mujer-182","Perfume Mujer 182","Perfume de equivalencia de mujer.

Opciones disponibles: 100ml · 30ml
Indícanos la opción que quieres al hacer el pedido.","in stock","new","6.95 EUR","","https://aura-prestige.sumupstore.com/product/perfume-mujer-182","https://cdn.shopify.com/s/files/1/0958/5970/4190/files/perfume-mujer-24_aa675508-bc94-47fa-972c-65a8b6d26fec.jpg","Laboncler","Perfumes · Mujer"
"perfume-mujer-163","Perfume Mujer 163","Notas de Salida: Durazno (Melocotón), Lichi, Mandarina y Bergamota.
 Notas de Corazón: Azucena, Ciruela, Jazmín y Lirio de los Valles (Muguete).
 Notas de Fondo: Vainilla, Ámbar, Almizcle y Vetiver.
 Perfume de equivalencia de mujer.

Opciones disponibles: 100ml · 30ml
Indícanos la opción que quieres al hacer el pedido.","in stock","new","6.95 EUR","","https://aura-prestige.sumupstore.com/product/perfume-mujer-163","https://cdn.shopify.com/s/files/1/0958/5970/4190/files/perfume-mujer-24_5eefcc64-45bd-4897-ac47-6038054e33f0.jpg","Laboncler","Perfumes · Mujer"
"perfume-mujer-152","Perfume Mujer 152","Perfume de equivalencia de mujer.

Opciones disponibles: 100ml · 30ml
Indícanos la opción que quieres al hacer el pedido.","in stock","new","6.95 EUR","","https://aura-prestige.sumupstore.com/product/perfume-mujer-152","https://cdn.shopify.com/s/files/1/0958/5970/4190/files/perfume-mujer-24_24ae4a8a-1410-48ac-8732-02ec3c5a49f6.jpg","Laboncler","Perfumes · Mujer"
"perfume-mujer-147","Perfume Mujer 147","Notas de Salida: Coco, Ciruela y Chabacano.
 Notas de Corazón: Palo de Rosa de Brasil, Jazmín, Alcaravea, Nardos, Rosa y Lirio de los Valles (Muguete).
 Notas de Fondo: Vainilla, Almendra, Sándalo y Almizcle.
 Perfume de equivalencia de mujer.

Opciones disponibles: 100ml · 30ml
Indícanos la opción que quieres al hacer el pedido.","in stock","new","6.95 EUR","","https://aura-prestige.sumupstore.com/product/perfume-mujer-147","https://cdn.shopify.com/s/files/1/0958/5970/4190/files/perfume-mujer-24_c37b6e0c-741f-49f7-b342-a5d711bda989.jpg","Laboncler","Perfumes · Mujer"
"perfume-mujer-135","Perfume Mujer 135","Notas de Salida: Naranja Siciliana, Bergamota de Calabria, Limón (Lima Ácida).
 Notas de Corazón: Rosa, Notas Afrutadas, Jazmín.
 Notas de Fondo: Pachulí, Vainilla de Madagascar, Haba Tonka, Almizcle Blanco y Ládano.
 Perfume de equivalencia de mujer.
Composición: Alcohol denat, Parfum, Aqua, Glycerin, Linalool, Limonene, Benzyl Salicylate, Citronellol, Geraniol, Hexyl Cinnamal, Coumarin, Citral, Benzyl Alcohol, CI1472.

Opciones disponibles: 100ml · 30ml
Indícanos la opción que quieres al hacer el pedido.","in stock","new","6.95 EUR","","https://aura-prestige.sumupstore.com/product/perfume-mujer-135","https://cdn.shopify.com/s/files/1/0958/5970/4190/files/perfume-mujer-24_4c077e18-c2e2-4b6f-9da0-2ab15fcff8c6.jpg","Laboncler","Perfumes · Mujer"
"perfume-mujer-121","Perfume Mujer 121","Perfume de equivalencia de mujer.
Composición: Alcohol denat, Parfum, Glycerin, Aqua, Benzyl Salicylate, Citronellol, Eugenol, Limonene, Hydroxycitronellal, Linalool, Benzyl Benzoate, Geraniol, Benzyl Alcohol, Citral.

Opciones disponibles: 100ml · 30ml
Indícanos la opción que quieres al hacer el pedido.","in stock","new","6.95 EUR","","https://aura-prestige.sumupstore.com/product/perfume-mujer-121","https://cdn.shopify.com/s/files/1/0958/5970/4190/files/perfume-mujer-24_66375f17-c7cc-430a-8ce3-3c7db9ecf7b5.jpg","Laboncler","Perfumes · Mujer"
"perfume-mujer-116","Perfume Mujer 116","Perfume de equivalencia de mujer.
 Notas de Salida: Pomelo Rosa, Mandarina, Grosella Negra y Naranja Sanguina.
 Notas de Corazón: Flor de Melati, Rosa y Lirio del Valle.
 Notas de Fondo: Vainilla, Almizcles Blancos, Cedro y Sándalo.
Composición: Alcohol denat, Parfum, Aqua, Limonene, Hydroxycitronellal, Citronellol, Coumarin, Geraniol, Linalool, Anise Alcohol, Citral, CI14720, CI42090.

Opciones disponibles: 100ml · 30ml
Indícanos la opción que quieres al hacer el pedido.","in stock","new","6.95 EUR","","https://aura-prestige.sumupstore.com/product/perfume-mujer-116","https://cdn.shopify.com/s/files/1/0958/5970/4190/files/perfume-mujer-24_ccd7d673-98bc-4360-81d7-d872e337a91c.jpg","Laboncler","Perfumes · Mujer"
"perfume-mujer-104","Perfume Mujer 104","Perfume de equivalencia de mujer.
Composición: Alcohol denat, Parfum, Aqua, Limonene, Linalool, Citronellol, Geraniol, Alpha-Isomethyl Ionone, Citral, Coumarin.

Opciones disponibles: 100ml
Indícanos la opción que quieres al hacer el pedido.","in stock","new","14.95 EUR","","https://aura-prestige.sumupstore.com/product/perfume-mujer-104","https://cdn.shopify.com/s/files/1/0958/5970/4190/files/perfume-mujer-24_282ef4c7-84c3-4de6-9418-432fab995596.jpg","Laboncler","Perfumes · Mujer"
"perfume-mujer-101","Perfume Mujer 101","Femenina fragancia que representa el frescor natural de la rosa de Bulgaria. De esencia fresca, joven y natural, posee el
frescor acuoso del rocío y matices frutales especiados que se conjugan con la seducción del almizcle. Para todas las
estaciones del año.
Notas de Salida: Pomelo, Bergamota y Mandarina.
Notas de Corazón: Rosa, Lirio de los valles, Lila y jazmín.
Notas de Fondo: Sándalo, Musgo de encina, Ámbar y Almizcle
Composicion: Alcohol denat, Parfum, Aqua, Linalool, Benzyl Salicylate, Limonene, Citronellol, Geraniol, Alpha-Isomethyl Ionone, Citral, Hexyl Cinnamal, Eugenol, Benzyl Benzoate, Benzyl Alcohol, CI19140.

Opciones disponibles: 100ml · 30ml
Indícanos la opción que quieres al hacer el pedido.","in stock","new","6.95 EUR","","https://aura-prestige.sumupstore.com/product/perfume-mujer-101","https://cdn.shopify.com/s/files/1/0958/5970/4190/files/perfume-mujer-24_178e5889-1adf-4e86-b23e-f531da121baa.jpg","Laboncler","Perfumes · Mujer"
"perfume-mascotas-limpio","Perfume Mascotas Laboncler LE POISON 300ml","Por que nuestras mascotas son parte esencial de nuestra vida...
TE PRESENTO:
 LOS PERFUMES EXCLUSIVOS LABONCLER ESPECIAL PARA MASCOTAS 😍
... FRASCO GRANDE DE 300 ML ...
5 FRAGANCIAS SÚPER BONITAS
DE UNA CALIDAD INCREÍBLE
UN AROMA SUPER DURADERO
Y LEJOS DE LO CONVENCIONAL
 🌸 LE POISON : 
 Recuerda a HIPNOSIS POCION DE CRISTIAN D. 
 Notas: 
 Vainilla, palo de rosa y nardos. 
- SIN PARABENOS
- SIN QUÍMICOS AGRESIVOS
- DE MUY LARGA DURACIÓN
- Un perfume que cuida su piel y su PH
- APTO PARA GATITOS Y PERRITOS
EL PERFUME QUE TU MASCOTA SE MERECE...
ESTÁ EN LABONCLER...","in stock","new","12.05 EUR","","https://aura-prestige.sumupstore.com/product/perfume-mascotas-laboncler-le-poison-300ml","https://cdn.shopify.com/s/files/1/0958/5970/4190/files/MASCOTAS-LE-POISON.jpg","Laboncler","Perfumes para Mascotas"
"perfume-mascotas-floral","Perfume Mascotas Laboncler YES I'CAN 300ml","Por que nuestras mascotas son parte esencial de nuestra vida...
TE PRESENTO:
 LOS PERFUMES EXCLUSIVOS LABONCLER ESPECIAL PARA MASCOTAS 😍
... FRASCO GRANDE DE 300 ML ...
5 FRAGANCIAS SÚPER BONITAS
DE UNA CALIDAD INCREÍBLE
UN AROMA SUPER DURADERO
Y LEJOS DE LO CONVENCIONAL
 🫐 YES I' CAN : 
 Recuerda a SI DE JORGE ARMENI 
 Notas: 
 Rosa de mayo, Pachuli y Grosellas 
- SIN PARABENOS
- SIN QUÍMICOS AGRESIVOS
- DE MUY LARGA DURACIÓN
- Un perfume que cuida su piel y su PH
- APTO PARA GATITOS Y PERRITOS
EL PERFUME QUE TU MASCOTA SE MERECE...
ESTÁ EN LABONCLER...","in stock","new","12.05 EUR","","https://aura-prestige.sumupstore.com/product/perfume-mascotas-laboncler-yes-i-can-300ml","https://cdn.shopify.com/s/files/1/0958/5970/4190/files/MASCOTAS-YES-I-CAN.jpg","Laboncler","Perfumes para Mascotas"
"perfume-mascotas-citricos","Perfume Mascotas Laboncler LADY CHERRY 300ml","Por que nuestras mascotas son parte esencial de nuestra vida...
TE PRESENTO:
 LOS PERFUMES EXCLUSIVOS LABONCLER ESPECIAL PARA MASCOTAS 😍
... FRASCO GRANDE DE 300 ML ...
5 FRAGANCIAS SÚPER BONITAS
DE UNA CALIDAD INCREÍBLE
UN AROMA SUPER DURADERO
Y LEJOS DE LO CONVENCIONAL
🍒 LADY CHERRY : 
 Recuerda a CHERRI IN DE AIRE DE ESCALADA 
 Notas: 
 Cereza ácida, Naranja y Malvavisco. 
- SIN PARABENOS
- SIN QUÍMICOS AGRESIVOS
- DE MUY LARGA DURACIÓN
- Un perfume que cuida su piel y su PH
- APTO PARA GATITOS Y PERRITOS
EL PERFUME QUE TU MASCOTA SE MERECE...
ESTÁ EN LABONCLER...","in stock","new","12.05 EUR","","https://aura-prestige.sumupstore.com/product/perfume-mascotas-laboncler-lady-cherry-300ml","https://cdn.shopify.com/s/files/1/0958/5970/4190/files/MASCOTAS-LADY-CHERRY.jpg","Laboncler","Perfumes para Mascotas"
"perfume-mascotas-amaderado","Perfume Mascotas Laboncler MISTER CK 300ml","Por que nuestras mascotas son parte esencial de nuestra vida...
TE PRESENTO:
 LOS PERFUMES EXCLUSIVOS LABONCLER ESPECIAL PARA MASCOTAS 😍
... FRASCO GRANDE DE 300 ML ...
5 FRAGANCIAS SÚPER BONITAS
DE UNA CALIDAD INCREÍBLE
UN AROMA SUPER DURADERO
Y LEJOS DE LO CONVENCIONAL
 🍋 MISTER CK : 
 Recuerda a CK ONE DE KALVEN CLEN 
 Notas: 
 Limón, Piña y cardamomo 
- SIN PARABENOS
- SIN QUÍMICOS AGRESIVOS
- DE MUY LARGA DURACIÓN
- Un perfume que cuida su piel y su PH
- APTO PARA GATITOS Y PERRITOS
EL PERFUME QUE TU MASCOTA SE MERECE...
ESTÁ EN LABONCLER...","in stock","new","12.05 EUR","","https://aura-prestige.sumupstore.com/product/perfume-mascotas-laboncler-mister-ck-300ml","https://cdn.shopify.com/s/files/1/0958/5970/4190/files/MASCOTAS-MISTER-CK.jpg","Laboncler","Perfumes para Mascotas"
"perfume-mascotas-afrutado","Perfume Mascotas Laboncler MISS FAME 300ml","Por que nuestras mascotas son parte esencial de nuestra vida...
TE PRESENTO:
 LOS PERFUMES EXCLUSIVOS LABONCLER ESPECIAL PARA MASCOTAS 😍
... FRASCO GRANDE DE 300 ML ...
5 FRAGANCIAS SÚPER BONITAS
DE UNA CALIDAD INCREÍBLE
UN AROMA SUPER DURADERO
Y LEJOS DE LO CONVENCIONAL
 🥭 MISS FAME : 
 Recuerda a FAMA DE FCO. RABANNO 
 Notas: 
 Mango, Bergamota y Jazmín 
- SIN PARABENOS
- SIN QUÍMICOS AGRESIVOS
- DE MUY LARGA DURACIÓN
- Un perfume que cuida su piel y su PH
- APTO PARA GATITOS Y PERRITOS
EL PERFUME QUE TU MASCOTA SE MERECE...
ESTÁ EN LABONCLER...","in stock","new","12.05 EUR","","https://aura-prestige.sumupstore.com/product/perfume-mascotas-laboncler-miss-fame-300ml","https://cdn.shopify.com/s/files/1/0958/5970/4190/files/MASCOTAS-MISS-FAME.jpg","Laboncler","Perfumes para Mascotas"
"perfume-infantil-303","Perfume Infantil 303","Perfume infantil niña/o de equivalencia.
  Notas de Salida: Palo de Rosa de Brasil, Naranja Siciliana y Bergamota.
 Notas de Corazón: Manzanilla, Girasol y Rosa.
 Notas de Fondo: Notas Atalcadas, Vainilla, Iris y Durazno Blanco (Melocotón Blanco).

Opciones disponibles: 100ml · 30ml
Indícanos la opción que quieres al hacer el pedido.","in stock","new","6.95 EUR","","https://aura-prestige.sumupstore.com/product/perfume-infantil-303","https://cdn.shopify.com/s/files/1/0958/5970/4190/files/perfume-mujer-24_6e3e275f-1840-4d8e-b762-5d2772f293ef.jpg","Laboncler","Perfumes · Infantiles"
"perfume-hombre-578","Perfume hombre 578","Perfume hombre de equivalencia.
  Notas de Salida: Jengibre, Tomillo, Toronja (Pomelo), Bergamota y Acordes Verdes.
 Notas de Corazón: Vainilla, Licor, Canela, Cuero y Manzana.
 Notas de Fondo: Mirra, Azúcar, Cedro, Notas Amaderadas, Cahemira y Pachulí.

Opciones disponibles: 100ml · 30ml
Indícanos la opción que quieres al hacer el pedido.","in stock","new","6.95 EUR","","https://aura-prestige.sumupstore.com/product/perfume-hombre-578","https://cdn.shopify.com/s/files/1/0958/5970/4190/files/perfume-hombre-24_c4786d79-fe10-4875-8b7d-09cbfdea329a.jpg","Laboncler","Perfumes · Hombre"
"perfume-hombre-571","Perfume hombre 571","Perfume hombre de equivalencia.
  Notas de Salida: Lavanda, Naranja Tangerina, Menta y Lima (Limón Verde).
 Notas de Corazón: Cardamomo, Romero, Nuez Moscada, Tomillo y Yerba Mate.
 Notas de Fondo: Haba Tonka, Incienso, Madera de Gaiac y Pachulí.

Opciones disponibles: 100ml · 30ml
Indícanos la opción que quieres al hacer el pedido.","in stock","new","6.95 EUR","","https://aura-prestige.sumupstore.com/product/perfume-hombre-571","https://cdn.shopify.com/s/files/1/0958/5970/4190/files/perfume-hombre-24_4201d76a-bb21-438d-8437-ed4e588bc65b.jpg","Laboncler","Perfumes · Hombre"
"perfume-hombre-570","Perfume hombre 570","Perfume hombre de equivalencia.
  Notas de Salida: Abrótano, Bayas de Enebro, Lavanda, Notas verdes, Estragón, Gálbano, Bergamota, Limón (Lima
Ácida) y Petit Grain.
 Notas de Corazón: Esclarea, Nuez Moscada, Albahaca, Jazmín, Neroli, Lirio de los Valles (Muget), Rosa, Agujas de
Pino, Geranio y Grosellas Negras.
 Notas de Fondo: Haba Tonka, Cuero, Sándalo, Abeto, Ámbar, Pachulí, Almizcle, Musgo de Roble, Vetiver, Cedro y
Styrax.

Opciones disponibles: 100ml · 30ml
Indícanos la opción que quieres al hacer el pedido.","in stock","new","6.95 EUR","","https://aura-prestige.sumupstore.com/product/perfume-hombre-570","https://cdn.shopify.com/s/files/1/0958/5970/4190/files/perfume-hombre-24_6d8d85d6-aff9-4576-868c-6a8da5995d46.jpg","Laboncler","Perfumes · Hombre"
"perfume-hombre-568","Perfume hombre 568","Perfume hombre de equivalencia.","out of stock","new","6.95 EUR","","https://aura-prestige.sumupstore.com/product/perfume-hombre-568","https://cdn.shopify.com/s/files/1/0958/5970/4190/files/perfume-hombre-24_6a698431-74b0-44bb-8990-4614789c4810.jpg","Laboncler","Perfumes · Hombre"
"perfume-hombre-566","Perfume hombre 566","Perfume hombre de equivalencia.
 Notas de Salida: Pera, Lavanda, Menta, Bergamota y Limón (Lima Ácida).
 Notas de Corazón: Canela, Esclarea y Alcaravea.
 Notas de Fondo: Vaina de Vainilla negra, Ámbar, Pachulí y Cedro

Opciones disponibles: 100ml
Indícanos la opción que quieres al hacer el pedido.","in stock","new","14.95 EUR","","https://aura-prestige.sumupstore.com/product/perfume-hombre-566","https://cdn.shopify.com/s/files/1/0958/5970/4190/files/perfume-hombre-24_949b38b2-d1cb-4029-a9d7-8414e9cd53a6.jpg","Laboncler","Perfumes · Hombre"
"perfume-hombre-565","Perfume hombre 565","Perfume hombre de equivalencia.
  Notas de Salida: Lavanda, Menta, Cardamomo, Bergamota y Abrótano.
 Notas de Corazón: Canela, Flor de Azahar del Naranjo y Alcaravea.
 Notas de Fondo: Vainilla, Haba Tonka, Ámbar, Sándalo y Cedro.

Opciones disponibles: 100ml · 30ml
Indícanos la opción que quieres al hacer el pedido.","in stock","new","6.95 EUR","","https://aura-prestige.sumupstore.com/product/perfume-hombre-565","https://cdn.shopify.com/s/files/1/0958/5970/4190/files/perfume-hombre-24_8a5f8e08-581f-4cab-bfbe-4ed359e52ca1.jpg","Laboncler","Perfumes · Hombre"
"perfume-hombre-564","Perfume hombre 564","Perfume hombre de equivalencia.
  Notas de Salida: Bergamota.
 Notas de Corazón: Coco.
 Notas de Fondo: Haba Tonka.

Opciones disponibles: 30ml
Indícanos la opción que quieres al hacer el pedido.","in stock","new","6.95 EUR","","https://aura-prestige.sumupstore.com/product/perfume-hombre-564","https://cdn.shopify.com/s/files/1/0958/5970/4190/files/perfume-hombre-24_70ae8b5d-8f43-4534-a790-2b5b8ea05dda.jpg","Laboncler","Perfumes · Hombre"
"perfume-hombre-558","Perfume hombre 558","Perfume hombre de equivalencia.
  Notas de Salida: Manzana Verde.
 Notas de Corazón: Lavanda
 Notas de Fondo: Pino, Notas Amaderadas y Abeto Balsámico.","out of stock","new","6.95 EUR","","https://aura-prestige.sumupstore.com/product/perfume-hombre-558","https://cdn.shopify.com/s/files/1/0958/5970/4190/files/perfume-hombre-24_af5b2535-ad3a-49bb-b839-f0b4fb924a07.jpg","Laboncler","Perfumes · Hombre"
"perfume-hombre-557","Perfume hombre 557","Perfume hombre de equivalencia.
  Notas de Salida: Manzana, Ciruela, Limón (lima ácida), Bergamota, Musgo de Roble y Geranio.
 Notas de Corazón: Canela, Caoba y Clavel.
 Notas de Fondo: Vainilla, Sándalo, Cedro, Vetiber y Olivo.

Opciones disponibles: 100ml · 30ml
Indícanos la opción que quieres al hacer el pedido.","in stock","new","6.95 EUR","","https://aura-prestige.sumupstore.com/product/perfume-hombre-557","https://cdn.shopify.com/s/files/1/0958/5970/4190/files/perfume-hombre-24_03ff9488-63e2-48ba-a4ca-4285f410c5fa.jpg","Laboncler","Perfumes · Hombre"
"perfume-hombre-551","Perfume hombre 551","Perfume hombre de equivalencia.
  Notas de Salida: Naranja y Toronja (Pomelo).
 Notas de Corazón: Pimienta, Pelargonio y Sílex.
 Notas de Fondo: Vetiver, Cedro, Pachulí y Benjuí.

Opciones disponibles: 100ml · 30ml
Indícanos la opción que quieres al hacer el pedido.","in stock","new","6.95 EUR","","https://aura-prestige.sumupstore.com/product/perfume-hombre-551","https://cdn.shopify.com/s/files/1/0958/5970/4190/files/perfume-hombre-24_fb01ca2f-6b19-4104-8a89-4caef592521d.jpg","Laboncler","Perfumes · Hombre"
"perfume-hombre-545","Perfume hombre 545","Perfume hombre de equivalencia.
  Notas de Salida: Bergamota y hojas del Bergamoto.
 Notas de Corazón: Iris, Raíz de Lirio, Aldehídos y Esclarea.
 Notas de Fondo: Haba Tonka y Cedro.

Opciones disponibles: 100ml · 30ml
Indícanos la opción que quieres al hacer el pedido.","in stock","new","6.95 EUR","","https://aura-prestige.sumupstore.com/product/perfume-hombre-545","https://cdn.shopify.com/s/files/1/0958/5970/4190/files/perfume-hombre-24_20610b2c-a21f-4986-a7a2-71efb037e092.jpg","Laboncler","Perfumes · Hombre"
"perfume-hombre-542","Perfume hombre 542","Perfume hombre de equivalencia.
  Notas de Salida: Pimienta Rosa, Enebro de Virginia y Violeta.
 Notas de Corazón: Tófe, Canela, Lavanda y Salvia.
 Notas de Fondo: Vainilla, Haba Tonka, Ámbar y Gamuza.

Opciones disponibles: 100ml · 30ml
Indícanos la opción que quieres al hacer el pedido.","in stock","new","6.95 EUR","","https://aura-prestige.sumupstore.com/product/perfume-hombre-542","https://cdn.shopify.com/s/files/1/0958/5970/4190/files/perfume-hombre-24_e46236d6-bdbd-4896-9c47-11207c0c8d14.jpg","Laboncler","Perfumes · Hombre"
"perfume-hombre-539","Perfume hombre 539","Perfume hombre de equivalencia.
 Notas de Salida: Naranja Sanguina, Bayas de Enebro, Pimiento Morrón, Limón (lima ácida), Limón Siciliano y
Cardamomo.
 Notas de Corazón: Néctar de Higo, Lavanda, Geranio y Esclarea.
 Notas de Fondo: Cedro, Pachulí, Vetiver y Cipriol (Nagarmota).

Opciones disponibles: 30ml
Indícanos la opción que quieres al hacer el pedido.","in stock","new","6.95 EUR","","https://aura-prestige.sumupstore.com/product/perfume-hombre-539","https://cdn.shopify.com/s/files/1/0958/5970/4190/files/perfume-hombre-24_81bac96e-3b96-4148-a53a-a4ab5a12b5de.jpg","Laboncler","Perfumes · Hombre"
"perfume-hombre-528","Perfume hombre 528","Perfume hombre de equivalencia.
  Notas de Salida: Bergamota de Calabria y Pimienta.
 Notas de Corazón: Pimienta de Sichuan, Lavanda, Pimienta Rosa, Vetiver, Pachulí, Ggeranio y Elemí.
 Notas de Fondo: Ambroxan, Cedro y Ládano.

Opciones disponibles: 100ml · 30ml
Indícanos la opción que quieres al hacer el pedido.","in stock","new","6.95 EUR","","https://aura-prestige.sumupstore.com/product/perfume-hombre-528","https://cdn.shopify.com/s/files/1/0958/5970/4190/files/perfume-hombre-24_6b3669a5-00d3-4069-ae25-da3e13cadc44.jpg","Laboncler","Perfumes · Hombre"
"perfume-hombre-518","Perfume hombre 518","Perfume hombre de equivalencia.
 Notas de Salida: Pimienta negra, Pimienta Blanca y Bergamota Verde Italiana.
 Notas de Corazón: Madera de Cedro y Salvia.
 Notas de Fondo: Haba Tonka y Cacao.

Opciones disponibles: 100ml · 30ml
Indícanos la opción que quieres al hacer el pedido.","in stock","new","6.95 EUR","","https://aura-prestige.sumupstore.com/product/perfume-hombre-518","https://cdn.shopify.com/s/files/1/0958/5970/4190/files/perfume-hombre-24_2a88d67c-12ee-435b-800a-1d96c6de8c45.jpg","Laboncler","Perfumes · Hombre"
"perfume-hombre-517","Perfume hombre 517","Perfume hombre de equivalencia.
 Notas de Salida: Pera, Marihuana (Cannabis) y Jengibre.
 Notas de Corazón: Geranio y salvia.
 Notas de Fondo: Almizcle y Cuero.
Composición: Alcohol denat, Parfum, Aqua, Hydroxycitronellal, Benzyl benzoate,
Limonene, Coumarin, Linalool, Alpha-isomethyl ionone, Methyl
2-octynoate, Citral.

Opciones disponibles: 100ml · 30ml
Indícanos la opción que quieres al hacer el pedido.","in stock","new","6.95 EUR","","https://aura-prestige.sumupstore.com/product/perfume-hombre-517","https://cdn.shopify.com/s/files/1/0958/5970/4190/files/perfume-hombre-24_9cf1928d-5428-42d9-9f0c-5a5ba80d4ddd.jpg","Laboncler","Perfumes · Hombre"
"nuevo-eco-jin-5-litros-3-dosificadores","Eco-Jin HOME BIDÓN 5 Litros","ECO-JIN HOME 5 Litros , aroma a flores blancas y talco. Incluye 3 Dosificadores  o 3 Bayetas y 3 Estropajos a tu elección.
ECO-JIN no emite vapores tóxicos, no contiene sulfatos, ni compuestos de amonio, ni amoniacos, ni ftalatos, ni lejías...
Viene altamente concentrado.
Hay que diluirlo en agua.
Por eso lo entregamos con su botella medidora/diluidora.
De cada litro de concentrado salen 15 LITROS de producto listo para su uso.
Es una maravilla para todo...
Suelos, espejos, cristales, aseo, cocina, muebles, lavadora, ropa, tapicerías,
grasa acumulada, planchas, freidoras, campanas, manchas dificiles,
chicles, pegamento y pintura en la ropa...
Sus tensoactivos cuidan todo tipo de superficies y hacen que estén más limpias, por más tiempo.
¡¡ Su precio y rentabilidad es lo mejor !!
Nota: El modelo de la pistola difusora puede variar, dependiendo de existencias.
 EL DIFUSOR ES NECESARIO PARA HACER LA CORRECTA DISOLUCION CON AGUA PARA SU USO.

Opciones disponibles: Lo quiero con DIFUSORES · No quiero difusores, prefiero BAYETAS y ESTROPAJOS
Indícanos la opción que quieres al hacer el pedido.","in stock","new","60.39 EUR","","https://aura-prestige.sumupstore.com/product/eco-jin-home-bidon-5-litros","https://cdn.shopify.com/s/files/1/0958/5970/4190/files/HOME-5L.jpg","Laboncler","ECO-JIN Multiusos"
"eco-jin-1-litro-1-dosificador","Eco-Jin HOME 1 Litro","ECO-JIN 1 Litro , aroma a Flores Blancas y Talco. Incluye 1 Dosificador o Bayeta y Estropajo, a tu elección.
ECO-JIN no emite vapores tóxicos, no contiene sulfatos, ni compuestos de amonio, ni amoniacos, ni ftalatos, ni lejías...
Viene altamente concentrado.
Hay que diluirlo en agua.
Por eso lo entregamos con su botella medidora/diluidora.
De cada litro de concentrado
salen 15 LITROS de producto listo para su uso.
Es una maravilla para todo...
Suelos, espejos, cristales, aseo, cocina, muebles, lavadora, ropa, tapicerías,
grasa acumulada, planchas, freidoras, campanas, manchas dificiles,
chicles, pegamento y pintura en la ropa...
Sus tensoactivos cuidan todo tipo de superficies y hacen que estén más limpias, por más tiempo.
¡¡ Su precio y rentabilidad es lo mejor !!
Nota: El modelo de la pistola difusora puede variar, dependiendo de existencias.
 EL DIFUSOR ES NECESARIO PARA HACER LA CORRECTA DISOLUCION CON AGUA PARA SU USO.

Opciones disponibles: Lo quiero con DIFUSOR · No quiero difusor, prefiero BAYETA y ESTROPAJO
Indícanos la opción que quieres al hacer el pedido.","in stock","new","16.46 EUR","","https://aura-prestige.sumupstore.com/product/eco-jin-home-1-litro","https://cdn.shopify.com/s/files/1/0958/5970/4190/files/HOME-1L.jpg","Laboncler","ECO-JIN Multiusos"
"nuevo-difusor-doble-funcion","Difusor Espumante","NUEVO DIFUSOR CON PISTOLA DOBLE FUNCIÓN ECO-JIN
⭐ Pestaña abierta:
MODO NORMAL
(Pulverización líquida)
Para todo tipo de superficies y tejidos.
⭐ Pestaña cerrada:
MODO ESPUMA CONCENTRADA
(Pulverización espumosa)
Para superficies resbaladizas, tipo pomos de puertas, aceros, campanas, piezas del cuarto de baño y tejidos con manchas muy adheridas.
Añade a tu compra otro Difusor vacio para hacer la mezcla diluidora con Eco-Jin y agua.
Para compartir tu Eco-Jin o tener otra disulución preparada y lista para usar.
 ESTE ARTÍCULO SE COMPONE DE LA PISTOLA Y LA BOTELLA DILUIDORA. 
Nota:  Este artículo no da puntos.","in stock","new","2.09 EUR","","https://aura-prestige.sumupstore.com/product/difusor-espumante","https://cdn.shopify.com/s/files/1/0958/5970/4190/files/DIFUSOR-ESPUMANTE.jpg","Laboncler","ECO-JIN Multiusos"
"esencia-wild-strawberry","ESENCIA WILD STRAWBERRY 200ML","Recarga para Lámpara Catalítica aroma Fresas.
Envase de P.E.T. con tapón de aluminio.
Contenido 200ml.","in stock","new","9.80 EUR","","https://aura-prestige.sumupstore.com/product/esencia-wild-strawberry-200ml","https://cdn.shopify.com/s/files/1/0958/5970/4190/files/FRESA-200.jpg","Laboncler","Ambientación · Esencias"
"esencia-waikiki-melon","ESENCIA WAIKIKI MELON 200ML","Recarga para Lámpara Catalítica aroma Melón.
Envase de P.E.T. con tapón de aluminio.
Contenido 200ml.","in stock","new","9.80 EUR","","https://aura-prestige.sumupstore.com/product/esencia-waikiki-melon-200ml","https://cdn.shopify.com/s/files/1/0958/5970/4190/files/MELON-200.jpg","Laboncler","Ambientación · Esencias"
"esencia-summer-fruits","ESENCIA SUMMER FRUITS 200ML","Recarga para Lámpara Catalítica aroma Frutos Rojos.
Envase de P.E.T. con tapón de aluminio.
Contenido 200ml.","in stock","new","9.80 EUR","","https://aura-prestige.sumupstore.com/product/esencia-summer-fruits-200ml","https://cdn.shopify.com/s/files/1/0958/5970/4190/files/SUMMER-200.jpg","Laboncler","Ambientación · Esencias"
"esencia-provence-breeze","ESENCIA PROVENCE BREEZE 200ML","Recarga para Lámpara Catalítica aroma Hierbas Provenzales.
Envase de P.E.T. con tapón de aluminio.
Contenido 200ml.","in stock","new","9.80 EUR","","https://aura-prestige.sumupstore.com/product/esencia-provence-breeze-200ml","https://cdn.shopify.com/s/files/1/0958/5970/4190/files/PROVENZAL-200-1.jpg","Laboncler","Ambientación · Esencias"
"esencia-mediterranean-light","ESENCIA MEDITERRANEAN LIGHT 200ML","Recarga para Lámpara Catalítica aroma Cítricos Mediterraneos.
Envase de P.E.T. con tapón de aluminio.
Contenido 200ml.","in stock","new","9.80 EUR","","https://aura-prestige.sumupstore.com/product/esencia-mediterranean-light-200ml","https://cdn.shopify.com/s/files/1/0958/5970/4190/files/MEDITE-200-1.jpg","Laboncler","Ambientación · Esencias"
"esencia-lollipop","ESENCIA LOLLIPOP 200ML","Recarga para Lámpara Catalítica aroma Caramelo de Cereza.
Envase de P.E.T. con tapón de aluminio.
Contenido 200ml.","in stock","new","9.80 EUR","","https://aura-prestige.sumupstore.com/product/esencia-lollipop-200ml","https://cdn.shopify.com/s/files/1/0958/5970/4190/files/LOLLIPOP-200-1.jpg","Laboncler","Ambientación · Esencias"
"esencia-lavender-expression","ESENCIA LAVENDER EXPRESSION 200ML","Recarga para Lámpara Catalítica aroma Lavanda.
Envase de P.E.T. con tapón de aluminio.
Contenido 200ml.","in stock","new","9.80 EUR","","https://aura-prestige.sumupstore.com/product/esencia-lavender-expression-200ml","https://cdn.shopify.com/s/files/1/0958/5970/4190/files/LAVENDER-200.jpg","Laboncler","Ambientación · Esencias"
"esencia-de-citronela-500ml","ESENCIA DE CITRONELA 500ML","Recarga para Lámpara Catalítica aroma Citronela.
 Ahuyenta a los insectos. 
Envase de P.E.T. con tapón de aluminio.
Contenido 500ml.","in stock","new","16.39 EUR","","https://aura-prestige.sumupstore.com/product/esencia-de-citronela-500ml","https://cdn.shopify.com/s/files/1/0958/5970/4190/files/CITRO-500.jpg","Laboncler","Ambientación · Esencias"
"esencia-de-citronela-200ml","ESENCIA DE CITRONELA 200ML","Recarga para Lámpara Catalítica aroma Citronela.
 Ahuyenta a los insectos. 
Envase de P.E.T. con tapón de aluminio.
Contenido 200ml.","in stock","new","9.80 EUR","","https://aura-prestige.sumupstore.com/product/esencia-de-citronela-200ml","https://cdn.shopify.com/s/files/1/0958/5970/4190/files/CITRO-200.jpg","Laboncler","Ambientación · Esencias"
"esencia-cotton-clean-500ml","ESENCIA COTTON CLEAN 500ml","Recarga para Lámpara Catalítica aroma Cotton Clean (Ropa Limpia).
Envase de P.E.T. con tapón de aluminio.
Contenido 500ml.","out of stock","new","16.39 EUR","","https://aura-prestige.sumupstore.com/product/esencia-cotton-clean-500ml","https://cdn.shopify.com/s/files/1/0958/5970/4190/files/COTTON-500.jpg","Laboncler","Ambientación · Esencias"
"esencia-cotton-clean-200ml","ESENCIA COTTON CLEAN 200ml","Recarga para Lámpara Catalítica aroma Cotton Clean (Ropa Limpia).
Envase de P.E.T. con tapón de aluminio.
Contenido 200ml.","in stock","new","9.80 EUR","","https://aura-prestige.sumupstore.com/product/esencia-cotton-clean-200ml","https://cdn.shopify.com/s/files/1/0958/5970/4190/files/COTTON-200.jpg","Laboncler","Ambientación · Esencias"
"esencia-caribbean-passion-500ml","ESENCIA CARIBBEAN PASSION 500ml","Recarga para Lámpara Catalítica aroma Fruta de la Pasión. Caribbean Passion.
Envase de P.E.T. con tapón de aluminio.
Contenido 500ml.","in stock","new","16.39 EUR","","https://aura-prestige.sumupstore.com/product/esencia-caribbean-passion-500ml","https://cdn.shopify.com/s/files/1/0958/5970/4190/files/CARIBE-500.jpg","Laboncler","Ambientación · Esencias"
"esencia-caribbean-passion-200ml","ESENCIA CARIBBEAN PASSION 200ml","Recarga para Lámpara Catalítica aroma Fruta de la Pasión. Caribbean Passion.
Envase de P.E.T. con tapón de aluminio.
Contenido 200ml.","in stock","new","9.80 EUR","","https://aura-prestige.sumupstore.com/product/esencia-caribbean-passion-200ml","https://cdn.shopify.com/s/files/1/0958/5970/4190/files/CARIBE-200.jpg","Laboncler","Ambientación · Esencias"
"esencia-bed-of-roses","ESENCIA BED OF ROSES 200ML","Recarga para Lámpara Catalítica aroma Rosas.
Envase de P.E.T. con tapón de aluminio.
Contenido 200ml.","in stock","new","9.80 EUR","","https://aura-prestige.sumupstore.com/product/esencia-bed-of-roses-200ml","https://cdn.shopify.com/s/files/1/0958/5970/4190/files/BED-ROSES-200.jpg","Laboncler","Ambientación · Esencias"
"eco-jin-neutro-5-litros-3-dosificadores-envio-gratis","Eco-Jin NEUTRO BIDÓN 5 Litros","ECO-JIN NEUTRO 5 LITROS , sin aroma y sin color, está especialmente diseñado para ALERGIAS OLFATIVAS, MATERIAL DE HOSTELERIA Y TEXTILES BLANCOS.
Se entrega con 3 Dosificadores o 3 Bayetas y 3 Estropajos a tu elección.
ECO-JIN no emite vapores tóxicos, no contiene sulfatos, ni compuestos de amonio, ni amoniacos, ni ftalatos, ni lejías...
Viene altamente concentrado.
Hay que diluirlo en agua.
Por eso lo entregamos con su botella medidora/diluidora.
De cada litro de concentrado salen 15 LITROS de producto listo para su uso.
Es una maravilla para todo...
Suelos, espejos, cristales, aseo, cocina, muebles, lavadora, ropa, tapicerías,
grasa acumulada, planchas, freidoras, campanas, manchas dificiles,
chicles, pegamento y pintura en la ropa...
Sus tensoactivos cuidan todo tipo de superficies y hacen que estén más limpias, por más tiempo.
¡¡ Su precio y rentabilidad es lo mejor !!
Nota: El modelo de la pistola difusora puede variar, dependiendo de existencias.
 EL DIFUSOR ES NECESARIO PARA HACER LA CORRECTA DISOLUCION CON AGUA PARA SU USO.

Opciones disponibles: Lo quiero con DIFUSORES · No quiero difusores, prefiero BAYETAS y ESTROPAJOS
Indícanos la opción que quieres al hacer el pedido.","in stock","new","60.39 EUR","","https://aura-prestige.sumupstore.com/product/eco-jin-neutro-bidon-5-litros","https://cdn.shopify.com/s/files/1/0958/5970/4190/files/NEUTRO-5L.jpg","Laboncler","ECO-JIN Multiusos"
"eco-jin-neutro-1-litro-1-dosificador","Eco-Jin Neutro 1 Litro","ECO-JIN NEUTRO 1 Litro , sin aroma y sin color, está especialmente diseñado para ALERGIAS OLFATIVAS, MATERIAL DE HOSTELERIA Y TEXTILES BLANCOS.
Se entrega con un Difusor o Bayeta y Estropajo a tu elección.
ECO-JIN no emite vapores tóxicos, no contiene sulfatos, ni compuestos de amonio, ni amoniacos, ni ftalatos, ni lejías...
Viene altamente concentrado.
Hay que diluirlo en agua.
Por eso lo entregamos con su botella medidora/diluidora.
De cada litro de concentrado
salen 15 LITROS de producto listo para su uso.
Es una maravilla para todo...
Suelos, espejos, cristales, aseo, cocina, muebles, lavadora, ropa, tapicerías,
grasa acumulada, planchas, freidoras, campanas, manchas dificiles,
chicles, pegamento y pintura en la ropa...
Sus tensoactivos cuidan todo tipo de superficies y hacen que estén más limpias, por más tiempo.
¡¡ Su precio y rentabilidad es lo mejor !!
Nota: El modelo de la pistola difusora puede variar, dependiendo de existencias.
 EL DIFUSOR ES NECESARIO PARA HACER LA CORRECTA DISOLUCION CON AGUA PARA SU USO.

Opciones disponibles: Lo quiero con DIFUSOR · No quiero difusor, prefiero BAYETA y ESTROPAJO
Indícanos la opción que quieres al hacer el pedido.","in stock","new","16.46 EUR","","https://aura-prestige.sumupstore.com/product/eco-jin-neutro-1-litro","https://cdn.shopify.com/s/files/1/0958/5970/4190/files/NEUTRO-1L.jpg","Laboncler","ECO-JIN Multiusos"
"eco-jin-aroma-spa-5-litros-3-dosificadores-envio-gratis","Eco-Jin SPÁ BIDÓN 5 Litros","ECO-JIN SPA 5 Litros , aroma a fresco suavizante SPA. Incluye 3 Dosificadores o 3 Bayetas y 3 Estropajos, a tu elección.
 ECO-JIN , no emite vapores tóxicos, no contiene sulfatos, ni compuestos de amonio, ni amoniacos, ni ftalatos, ni lejías...
Viene altamente concentrado.
Hay que diluirlo en agua.
Por eso lo entregamos con su botella medidora/diluidora.
De cada litro de concentrado salen 15 LITROS de producto listo para su uso.
Es una maravilla para todo...
Suelos, espejos, cristales, aseo, cocina, muebles, lavadora, ropa, tapicerías,
grasa acumulada, planchas, freidoras, campanas, manchas dificiles,
chicles, pegamento y pintura en la ropa...
Sus tensoactivos cuidan todo tipo de superficies y hacen que estén más limpias, por más tiempo.
¡¡ Su precio y rentabilidad es lo mejor !!
Nota: El modelo de la pistola difusora puede variar, dependiendo de existencias.
 EL DIFUSOR ES NECESARIO PARA HACER LA CORRECTA DISOLUCION CON AGUA PARA SU USO.

Opciones disponibles: Lo quiero con DIFUSORES · No quiero difusores, prefiero BAYETAS y ESTROPAJOS
Indícanos la opción que quieres al hacer el pedido.","in stock","new","60.39 EUR","","https://aura-prestige.sumupstore.com/product/eco-jin-spa-bidon-5-litros","https://cdn.shopify.com/s/files/1/0958/5970/4190/files/SPA-5L.jpg","Laboncler","ECO-JIN Multiusos"
"eco-jin-aroma-spa-1litro-1-dosificador","Eco-Jin Spá 1 Litro","ECO-JIN SPA 1 Litro , aroma a fresco suavizante SPA. Incluye 1 Dosificador o Bayeta y Estropajo, a tu elección.
ECO-JIN no emite vapores tóxicos, no contiene sulfatos, ni compuestos de amonio, ni amoniacos, ni ftalatos, ni lejías...
Viene altamente concentrado.
Hay que diluirlo en agua.
Por eso lo entregamos con su botella medidora/diluidora.
De cada litro de concentrado
salen 15 LITROS de producto listo para su uso.
Es una maravilla para todo...
Suelos, espejos, cristales, aseo, cocina, muebles, lavadora, ropa, tapicerías, grasa acumulada, planchas, freidoras, campanas, manchas dificiles, chicles, pegamento y pintura en la ropa...
Sus tensoactivos cuidan todo tipo de superficies y hacen que estén más limpias, por más tiempo.
¡¡ Su precio y rentabilidad es lo mejor !!
Nota: El modelo de la pistola difusora puede variar, dependiendo de existencias.
 EL DIFUSOR ES NECESARIO PARA HACER LA CORRECTA DISOLUCION CON AGUA PARA SU USO.

Opciones disponibles: Lo quiero con DIFUSOR · No quiero difusor, prefiero BAYETA y ESTROPAJO
Indícanos la opción que quieres al hacer el pedido.","in stock","new","16.46 EUR","","https://aura-prestige.sumupstore.com/product/eco-jin-spa-1-litro","https://cdn.shopify.com/s/files/1/0958/5970/4190/files/SPA-1L.jpg","Laboncler","ECO-JIN Multiusos"
"ambientador-textil-rosas","Ambientador textil Rosas","Ambientador textil aroma Rosas. 150ml
Estas esencias han sido especialmente diseñadas para la  fijación en textiles, tejidos, celulosas y superficies porosas . Estos  pulverizadores perfuman la ropa de forma inmediata  sobre cualquier tejido y el ambiente de forma duradera para que la ropa huela bien.
El  ambientador para tejidos aporta frescor y un aroma único con una agradable sensación de olor a ropa limpia . Fragancias para ropa perfectas para pulverizar y proporcionar un fresco olor a limpio en cortinas, colchas, cojines y alfombras.
 Ambientador textil para que la ropa huela bien que NO MANCHAN , pero se recomienda antes hacer una pequeña prueba en el tejido. Alto contenido en esencia.
 No indicado para usar con seda.","in stock","new","12.05 EUR","","https://aura-prestige.sumupstore.com/product/ambientador-textil-rosas","https://cdn.shopify.com/s/files/1/0958/5970/4190/files/1000065734.png","Laboncler","Ambientación · Textiles"
"ambientador-textil-fresas","Ambientador textil Fresas","Ambientador textil aroma Fresas salvajes. 150ml
Estas esencias han sido especialmente diseñadas para la  fijación en textiles, tejidos, celulosas y superficies porosas . Estos  pulverizadores perfuman la ropa de forma inmediata  sobre cualquier tejido y el ambiente de forma duradera para que la ropa huela bien.
El  ambientador para tejidos aporta frescor y un aroma único con una agradable sensación de olor a ropa limpia . Fragancias para ropa perfectas para pulverizar y proporcionar un fresco olor a limpio en cortinas, colchas, cojines y alfombras.
 Ambientador textil para que la ropa huela bien que NO MANCHAN , pero se recomienda antes hacer una pequeña prueba en el tejido. Alto contenido en esencia.
 No indicado para usar con seda.","in stock","new","12.05 EUR","","https://aura-prestige.sumupstore.com/product/ambientador-textil-fresas","https://cdn.shopify.com/s/files/1/0958/5970/4190/files/1000065733.png","Laboncler","Ambientación · Textiles"
"ambientador-mikado-rosas","Ambientador Mikado Rosas","Ambientador Mikado Rosas.
Alta concentración de esencia de alta calidad.
Contiene 6 varillas de auténtico ratán tubular.
Contenido: 100ml","in stock","new","14.25 EUR","","https://aura-prestige.sumupstore.com/product/ambientador-mikado-rosas","https://cdn.shopify.com/s/files/1/0958/5970/4190/files/1000064796.png","Laboncler","Ambientación · Mikados"
"ambientador-mikado-melon","Ambientador Mikado Melón","Ambientador Mikado Melón.
Alta concentración de esencia de alta calidad.
Contiene 6 varillas de auténtico ratán tubular.
Contenido: 100ml","in stock","new","14.25 EUR","","https://aura-prestige.sumupstore.com/product/ambientador-mikado-melon","https://cdn.shopify.com/s/files/1/0958/5970/4190/files/1000064791.png","Laboncler","Ambientación · Mikados"
"ambientador-mikado-mango","Ambientador Mikado Mango","Ambientador Mikado Mango.
Alta concentración de esencia de alta calidad.
Contiene 6 varillas de auténtico ratán tubular.
Contenido: 100ml","in stock","new","14.25 EUR","","https://aura-prestige.sumupstore.com/product/ambientador-mikado-mango","https://cdn.shopify.com/s/files/1/0958/5970/4190/files/1000064787.png","Laboncler","Ambientación · Mikados"
"ambientador-mikado-lavanda","Ambientador Mikado Lavanda","Ambientador Mikado Lavanda.
Alta concentración de esencia de alta calidad.
Contiene 6 varillas de auténtico ratán tubular.
Contenido: 100ml","in stock","new","14.25 EUR","","https://aura-prestige.sumupstore.com/product/ambientador-mikado-lavanda","https://cdn.shopify.com/s/files/1/0958/5970/4190/files/1000064790.png","Laboncler","Ambientación · Mikados"
"ambientador-mikado-jazmin","Ambientador Mikado Jazmin","Ambientador Mikado Jazmin.
Alta concentración de esencia de alta calidad.
Contiene 6 varillas de auténtico ratán tubular.
Contenido: 100ml","in stock","new","14.25 EUR","","https://aura-prestige.sumupstore.com/product/ambientador-mikado-jazmin","https://cdn.shopify.com/s/files/1/0958/5970/4190/files/1000064788.png","Laboncler","Ambientación · Mikados"
"ambientador-mikado-frutos-rojos","Ambientador Mikado Frutos Rojos","Ambientador Mikado Frutos Rojos.
Alta concentración de esencia de alta calidad.
Contiene 6 varillas de auténtico ratán tubular.
Contenido: 100ml","in stock","new","14.25 EUR","","https://aura-prestige.sumupstore.com/product/ambientador-mikado-frutos-rojos","https://cdn.shopify.com/s/files/1/0958/5970/4190/files/1000064794.png","Laboncler","Ambientación · Mikados"
"ambientador-mikado-fresa","Ambientador Mikado Fresa","Ambientador Mikado de Fresa. 
Alta concentración de esencia de alta calidad.
Contiene 6 varillas de auténtico ratán tubular.
Contenido: 100ml","in stock","new","14.25 EUR","","https://aura-prestige.sumupstore.com/product/ambientador-mikado-fresa","https://cdn.shopify.com/s/files/1/0958/5970/4190/files/1000064793.png","Laboncler","Ambientación · Mikados"
"ambientador-mikado-dama-de-noche","Ambientador Mikado Dama de Noche","Ambientador Mikado Dama de Noche. Galán de Noche.
Alta concentración de esencia de alta calidad.
Contiene 6 varillas de auténtico ratán tubular.
Contenido: 100ml","in stock","new","14.25 EUR","","https://aura-prestige.sumupstore.com/product/ambientador-mikado-dama-de-noche","https://cdn.shopify.com/s/files/1/0958/5970/4190/files/1000064789.png","Laboncler","Ambientación · Mikados"
"ambientador-mikado-cereza","Ambientador Mikado Cereza","Ambientador Mikado Cereza.
Alta concentración de esencia de alta calidad.
Contiene 6 varillas de auténtico ratán tubular.
Contenido: 100ml","in stock","new","14.25 EUR","","https://aura-prestige.sumupstore.com/product/ambientador-mikado-cereza","https://cdn.shopify.com/s/files/1/0958/5970/4190/files/1000064786.png","Laboncler","Ambientación · Mikados"
"ambientador-mikado-canela-y-vainilla","Ambientador Mikado Canela y Vainilla","Ambientador Mikado Canela y Vainilla . 
Alta concentración de esencia de alta calidad.
Contiene 6 varillas de auténtico ratán tubular.
Contenido: 100ml","in stock","new","14.25 EUR","","https://aura-prestige.sumupstore.com/product/ambientador-mikado-canela-y-vainilla","https://cdn.shopify.com/s/files/1/0958/5970/4190/files/1000064783.png","Laboncler","Ambientación · Mikados"
"ambientador-mikado-canela-y-naranja","Ambientador Mikado Canela y Naranja","Ambientador Mikado Canela y Naranja
Alta concentración de esencia de alta calidad.
Contiene 6 varillas de auténtico ratán tubular.
Contenido: 100ml","in stock","new","14.25 EUR","","https://aura-prestige.sumupstore.com/product/ambientador-mikado-canela-y-naranja","https://cdn.shopify.com/s/files/1/0958/5970/4190/files/1000064782.png","Laboncler","Ambientación · Mikados"
"ambientador-mikado-azahar","Ambientador Mikado Azahar","Ambientador Mikado Azahar . 
Alta concentración de esencia de alta calidad.
Contiene 6 varillas de auténtico ratán tubular.
Contenido: 100ml","in stock","new","14.25 EUR","","https://aura-prestige.sumupstore.com/product/ambientador-mikado-azahar","https://cdn.shopify.com/s/files/1/0958/5970/4190/files/1000064792.png","Laboncler","Ambientación · Mikados"
"ambientador-mikado-algodon-ropa-limpia","Ambientador Mikado Algodón (Ropa Limpia)","Ambientador Mikado de Algodón 
Alta concentración de esencia de alta calidad a Ropa Limpia.
Contiene 6 varillas de auténtico ratán tubular.
Contenido: 100ml","in stock","new","14.25 EUR","","https://aura-prestige.sumupstore.com/product/ambientador-mikado-algodon-ropa-limpia","https://cdn.shopify.com/s/files/1/0958/5970/4190/files/1000064795.png","Laboncler","Ambientación · Mikados"